Name,domain,Address,Website,source_city,sub_city,state,status,reason
Atlanta Coffee Roasters,atlantacoffeeroasters.com,"2205 Lavista Rd, Atlanta, GA 30329",http://www.atlantacoffeeroasters.com/,Atlanta,Atlanta,GA,accepted,
Belux Coffee Roasters,beluxcoffee.com,"5430 McGinnis Ferry Rd #101B, Alpharetta, GA 30005",http://www.beluxcoffee.com/,Atlanta,Atlanta,GA,accepted,
Coffee That Matters by Phoenix Roasters,phoenixroasters.coffee,"2640 Old Peachtree Rd NW C, Duluth, GA 30097",https://phoenixroasters.coffee/pages/where-to-find-us,Atlanta,Atlanta,GA,accepted,
Postern Coffee,posterncoffee.com,"2421 Van Fleet Cir Suite 124, Doraville, GA 30360",http://posterncoffee.com/,Atlanta,Atlanta,GA,accepted,
Peach Coffee Roasters,peachcoffeeroasters.com,"10875 Jones Bridge Rd #5, Johns Creek, GA 30022",https://www.peachcoffeeroasters.com/,Atlanta,Atlanta,GA,accepted,
Portrait Coffee,portrait.coffee,"1065 Ralph David Abernathy Blvd SW # A, Atlanta, GA 30310",http://portrait.coffee/,Atlanta,Atlanta,GA,accepted,
Elite Roasters of Atlanta,eliteroastersofatlanta.com,"1592 Atlanta Rd SE ste 130A, Marietta, GA 30060",https://eliteroastersofatlanta.com/,Atlanta,Atlanta,GA,accepted,
"Boarding Pass Coffee - Roastery (Milton, GA)",boardingpasscoffee.com,"13695 GA-9 Suite 102, Alpharetta, GA 30004",http://www.boardingpasscoffee.com/,Atlanta,Atlanta,GA,accepted,
East Pole Coffee Co.,eastpole.coffee,"255 Ottley Dr NE #105, Atlanta, GA 30324",http://eastpole.coffee/,Atlanta,Atlanta,GA,accepted,
Flow Coffee Roasters,flowcoffeeatl.com,"3172 E Ponce de Leon Ave, Scottdale, GA 30079",https://www.flowcoffeeatl.com/,Atlanta,Atlanta,GA,accepted,
Con Leche Coffee,conleche.com,"181 Flat Shoals Ave SE Unit 1, Atlanta, GA 30316",https://www.conleche.com/,Atlanta,Atlanta,GA,accepted,
Prevail Union | ATL,prevailcoffee.com,"1050 Howell Mill Rd NW, Atlanta, GA 30318",http://www.prevailcoffee.com/,Atlanta,Atlanta,GA,accepted,
Bellwood Coffee - East Atlanta Village,bellwoodcoffee.com,"1336 Glenwood Ave SE, Atlanta, GA 30316",http://bellwoodcoffee.com/,Atlanta,Atlanta,GA,accepted,
Valor Coffee,valor.coffee,"44 Milton Ave, Alpharetta, GA 30009",http://valor.coffee/,Atlanta,Atlanta,GA,accepted,
Aroma Ridge Coffee Roasters,aromaridge.com,"1831 W Oak Pkwy # C, Marietta, GA 30062",http://aromaridge.com/,Atlanta,Atlanta,GA,accepted,
San Francisco Coffee Roasting Company,sanfranciscocoffeeroastingco.com,"1192 N Highland Ave NE, Atlanta, GA 30306",https://www.sanfranciscocoffeeroastingco.com/,Atlanta,Atlanta,GA,accepted,
Chrome Yellow,chrome-yellow.com,"501 Edgewood Ave SE, Atlanta, GA 30312",https://chrome-yellow.com/,Atlanta,Atlanta,GA,accepted,
Foxtail Coffee Co.- Buckhead,foxtailcoffee.com,"3699 Lenox Rd NE Suite 1, Atlanta, GA 30305",https://www.foxtailcoffee.com/locations/foxtail-coffee-buckhead,Atlanta,Atlanta,GA,accepted,
Firelight Coffee Roasters,firelightcoffee.com,"3800 Wendell Dr SW #105, Atlanta, GA 30336",https://firelightcoffee.com/,Atlanta,Atlanta,GA,accepted,
Rev Coffee,revcoffee.com,"1680 Spring Rd SE B, Smyrna, GA 30080",http://www.revcoffee.com/,Atlanta,Atlanta,GA,accepted,
Two Jays Coffee Roasters,twojayscoffee.com,"1341 Capital Cir # C, Marietta, GA 30067",http://www.twojayscoffee.com/,Atlanta,Atlanta,GA,accepted,
Rex Coffee Roasters,rexcoffee.com,"1435 Bluegrass Lakes Pkwy Suite 160, Alpharetta, GA 30004",https://rexcoffee.com/,Atlanta,Atlanta,GA,accepted,
Café Clément,cafeclement.com,"1438 Canton Rd, Marietta, GA 30066",http://www.cafeclement.com/,Atlanta,Atlanta,GA,accepted,
Apotheos Roastery,apotheosroastery.com,"2871 Cherokee St NW, Kennesaw, GA 30144",https://www.apotheosroastery.com/,Atlanta,Atlanta,GA,accepted,
Radio Roasters Coffee,radioroasters.com,"2969 E Ponce de Leon Ave Suite 320, Decatur, GA 30030",http://radioroasters.com/,Atlanta,Atlanta,GA,accepted,
Refuge Coffee Co. Clarkston,refugecoffeeco.com,"4170 E Ponce de Leon Ave NE, Clarkston, GA 30021",http://www.refugecoffeeco.com/,Atlanta,Atlanta,GA,accepted,
Kin Coffee Co.,kincoffeeco.com,"5352 Peachtree Rd, Chamblee, GA 30341",https://www.kincoffeeco.com/,Atlanta,Atlanta,GA,accepted,
Warm Waves Coffee House,warmwavescoffee.com,"52-A S Main St, Alpharetta, GA 30009",https://warmwavescoffee.com/,Atlanta,Atlanta,GA,accepted,
FiNCA TO FiLTER O4W,finca.coffee,"652 Angier Ave NE Suite A, Atlanta, GA 30308",https://www.finca.coffee/,Atlanta,Atlanta,GA,accepted,
Summit Coffee Roswell,summitcoffee.com,"585 Atlanta St, Roswell, GA 30075",https://www.summitcoffee.com/roswell,Atlanta,Atlanta,GA,accepted,
Artifex Coffee,artifexcoffees.com,"1815 Hembree Rd Unit 208, Alpharetta, GA 30009",https://artifexcoffees.com/,Atlanta,Atlanta,GA,accepted,
Lucky Goat Coffee - Dunwoody Park,luckygoatcoffee.com,"Dunwoody Park Suite 300, Dunwoody, GA 30338",https://luckygoatcoffee.com/pages/dunwoody-park,Atlanta,Atlanta,GA,accepted,
RAANI COFFEE ROASTERS,raanicoffee.com,"720 Moreland Ave SE Ste B, Atlanta, GA 30316",http://www.raanicoffee.com/,Atlanta,Atlanta,GA,accepted,
Volcanica Coffee,volcanicacoffee.com,"4110 Tench Rd Suite H, Suwanee, GA 30024",https://volcanicacoffee.com/,Atlanta,Atlanta,GA,accepted,
Dancing Goats Coffee Decatur,dancinggoats.com,"419 W Ponce de Leon Ave, Decatur, GA 30030",https://www.dancinggoats.com/pages/dancing-goats-coffee-bar,Atlanta,Decatur,GA,accepted,
ChocoLaté Coffee,mychocolatecoffee.com,"2094 N Decatur Rd, Decatur, GA 30033",http://www.mychocolatecoffee.com/,Atlanta,Decatur,GA,accepted,
PERC,perccoffee.com,"2380 Hosea L Williams Dr NE, Atlanta, GA 30317",http://perccoffee.com/,Atlanta,Decatur,GA,accepted,
The River Coffee Company,rivercoffee.co,"101 N Main St, Decatur, IL 62523",http://rivercoffee.co/,Atlanta,Decatur,GA,accepted,
Depot by Kaldi's Coffee,kaldiscoffee.com,"1 Eagle Row, Atlanta, GA 30322",http://kaldiscoffee.com/pages/the-depot,Atlanta,Decatur,GA,accepted,
Marquis Coffee Roasters,marquisbeverage.com,"1234 W Cerro Gordo St, Decatur, IL 62522",https://marquisbeverage.com/,Atlanta,Decatur,GA,accepted,
Try-Me Coffee Roasters,trymecoffeeroasters.com,"1014 France St, New Orleans, LA 70117",http://trymecoffeeroasters.com/,Atlanta,Decatur,GA,accepted,
River Roasters Coffee Company,riverroasters.co,"102 W Main St, Pomeroy, OH 45769",http://riverroasters.co/,Atlanta,Decatur,GA,accepted,
Voltage Coffee Project,voltagecoffeeproject.com,"110 N Trinity St, Decatur, TX 76234",https://voltagecoffeeproject.com/,Atlanta,Decatur,GA,accepted,
Domestique Coffee Roaster - (NOT A COFFEE SHOP) Production Facility,domestiquecoffee.com,"3017 6th Ave S, Birmingham, AL 35233",https://domestiquecoffee.com/,Atlanta,Decatur,GA,accepted,
Anytime Coffee,anytimecoffee.com,"471 Sessions St NW, Marietta, GA 30060",http://anytimecoffee.com/,Atlanta,Marietta,GA,accepted,
COF& Specialty Coffee Shop,colcofy.com,"1600 Kennesaw Due West Rd NW #307, Kennesaw, GA 30152",https://colcofy.com/,Atlanta,Marietta,GA,accepted,
Scooter's Coffee,scooterscoffee.com,"2943 Canton Rd #1600, Marietta, GA 30066",https://scooterscoffee.com/,Atlanta,Marietta,GA,accepted,
Joe's Coffee House,joescoffeehouse.com,"1831 W Oak Pkwy # C, Marietta, GA 30062",http://joescoffeehouse.com/,Atlanta,Marietta,GA,accepted,
Cips Coffee Roasters,cipscoffeeroasters.com,"2780 W Village Dr Suite B, Suwanee, GA 30024",http://www.cipscoffeeroasters.com/,Atlanta,Alpharetta,GA,accepted,
Thrive Farmers International,thrivefarmers.com,"215 Hembree Park Dr # 100, Roswell, GA 30076",https://thrivefarmers.com/,Atlanta,Alpharetta,GA,accepted,
Brash Coffee,brashcoffee.com,"6290 Halcyon Way, Alpharetta, GA 30005",https://brashcoffee.com/,Atlanta,Alpharetta,GA,accepted,
Kava Coffee Company,kavacoffee.com,"1435 Bluegrass Lakes Pkwy Suite 120, Alpharetta, GA 30004",https://kavacoffee.com/,Atlanta,Alpharetta,GA,accepted,
The Human Bean,thehumanbean.com,"2000 Holcomb Bridge Rd, Roswell, GA 30076",https://thehumanbean.com/blogs/stores/ga-roswell-holcomb-bridge-road,Atlanta,Alpharetta,GA,accepted,
Degenerate Coffee Co.,degeneratecoffee.com,"304 N Richardson Ave, Roswell, NM 88201",https://www.degeneratecoffee.com/,Atlanta,Roswell,GA,accepted,
King Krane Coffee Co.,kingkranecoffee.co,"300 Colonial Center Pkwy, Roswell, GA 30076",http://kingkranecoffee.co/,Atlanta,Roswell,GA,accepted,
Blue Donkey Coffee,bluedonkeycoffee.com,"3280 Peachtree Rd NE #140b, Atlanta, GA 30305",https://www.bluedonkeycoffee.com/buckhead,Atlanta,Buckhead,GA,accepted,
Magnífico Coffee Roasters & Coffee Shop,magnificocoffee.com,"3063 N Milwaukee Ave, Chicago, IL 60618",https://www.magnificocoffee.com/,Chicago,Chicago,IL,accepted,
Coffee Lab & Roasters,coffeelablakeview.com,"2823 N Lincoln Ave, Chicago, IL 60657",http://coffeelablakeview.com/,Chicago,Chicago,IL,accepted,
Dark Matter Coffee - The Mothership,darkmattercoffee.com,"738 N Western Ave, Chicago, IL 60612",http://www.darkmattercoffee.com/,Chicago,Chicago,IL,accepted,
Hexe Coffee Co.,hexecoffee.com,"2000 W Diversey Pkwy, Chicago, IL 60614",http://hexecoffee.com/,Chicago,Chicago,IL,accepted,
Sparrow Coffee Roastery,sparrowcoffee.com,"2040 W Fulton St, Chicago, IL 60612",http://www.sparrowcoffee.com/,Chicago,Chicago,IL,accepted,
Roast 808,roast808.com,"3350 Salt Creek Ln #115, Arlington Heights, IL 60005",https://www.roast808.com/,Chicago,Chicago,IL,accepted,
Printer's Row Coffee Co.,printersrowcoffeeco.com,"2482 N Lincoln Ave, Chicago, IL 60614",http://www.printersrowcoffeeco.com/,Chicago,Chicago,IL,accepted,
Sputnik Coffee Company,sputnikcoffeecompany.com,"2618 W 48th St, Chicago, IL 60632",https://www.sputnikcoffeecompany.com/,Chicago,Chicago,IL,accepted,
Tugboat Coffee,tugboatcoffee.com,"151 S Rohlwing Rd, Addison, IL 60101",http://www.tugboatcoffee.com/,Chicago,Chicago,IL,accepted,
Gost Coffee Roasters,gostcoffee.com,"1333 S Schoolhouse Rd, New Lenox, IL 60451",http://gostcoffee.com/,Chicago,Chicago,IL,accepted,
Reprise Coffee Roasters,repriseroasters.com,"710 Main St, Evanston, IL 60202",http://www.repriseroasters.com/,Chicago,Chicago,IL,accepted,
Stivers Coffee,stiverscoffee.biz,"2215 S Union Ave, Chicago, IL 60616",https://www.stiverscoffee.biz/,Chicago,Chicago,IL,accepted,
The Roasterie - Metropolis Coffee Company,metropoliscoffee.com,"3057 N Rockwell St Building 1, Chicago, IL 60618",https://www.metropoliscoffee.com/,Chicago,Chicago,IL,accepted,
Heady Cup Coffee Roasters,headycup.com,"4127 W Orleans St, McHenry, IL 60050",https://headycup.com/,Chicago,Chicago,IL,accepted,
CBC Roasters,cbcroasters.com,"541 W Golf Rd, Arlington Heights, IL 60005",https://www.cbcroasters.com/,Chicago,Chicago,IL,accepted,
I Have a Bean,ihaveabean.com,"655 Childs St, Wheaton, IL 60187",http://www.ihaveabean.com/?utm_source=google&utm_medium=organic&utm_campaign=gbp,Chicago,Chicago,IL,accepted,
Just Be Coffee Roasters,justbe.coffee,"400 Fisher St unit e, Munster, IN 46321",http://justbe.coffee/,Chicago,Chicago,IL,accepted,
Veteran Roasters Cafe,veteranroasters.com,"161 N Clark St suite 140 / Lobby, Chicago, IL 60601",https://www.veteranroasters.com/,Chicago,Chicago,IL,accepted,
Ceramic Coffee Roasters,ceramiccoffee.co,"N Bernard St, Chicago, IL 60625",https://ceramiccoffee.co/,Chicago,Chicago,IL,accepted,
Ixxa Coffee Roasters,ixxacoffee.com,"1720 Calumet Ave, Hammond, IN 46394",https://www.ixxacoffee.com/,Chicago,Chicago,IL,accepted,
Happy Monday Coffee Roasters,happymondaycoffee.com,"1307 W Hollywood Ave, Chicago, IL 60660",http://www.happymondaycoffee.com/,Chicago,Chicago,IL,accepted,
Soloway coffee,solowaycoffee.com,"2275 N Lincoln Ave, Chicago, IL 60614",http://www.solowaycoffee.com/,Chicago,Chicago,IL,accepted,
SEY Coffee,sey.coffee,"18 Grattan St, Brooklyn, NY 11206",https://sey.coffee/,Chicago,Chicago,IL,accepted,
"Modest Coffee, Inc.",modest.coffee,"245 W Roosevelt Rd Bldg. 2 Ste. 15, West Chicago, IL 60185",http://www.modest.coffee/,Chicago,Chicago,IL,accepted,
Big Shoulders Coffee,bigshoulderscoffee.com,"213 W Lake St, Chicago, IL 60606",http://www.bigshoulderscoffee.com/,Chicago,Chicago,IL,accepted,
Hansa Coffee Roasters,hansacoffee.com,"755 N Milwaukee Ave, Libertyville, IL 60048",http://www.hansacoffee.com/,Chicago,Chicago,IL,accepted,
Mojo Coffee,us.mojo.coffee,"190 S LaSalle St, Chicago, IL 60603",http://us.mojo.coffee/,Chicago,Chicago,IL,accepted,
Passion House Coffee Roasters - Roastery,passionhousecoffee.com,"328 N Albany Ave Ste 101, Chicago, IL 60612",http://www.passionhousecoffee.com/,Chicago,Chicago,IL,accepted,
Intelligentsia,intelligentsia.com,"53 E Randolph St, Chicago, IL 60601",https://www.intelligentsia.com/pages/millennium-park-coffeebar,Chicago,Chicago,IL,accepted,
Chicago French Press at Roosevelt Collection,chicagofrenchpress.com,"1021 S Delano Ct, Chicago, IL 60605",https://chicagofrenchpress.com/,Chicago,Chicago,IL,accepted,
Standing Wave Coffee,standingwavecoffee.com,"2024 Sarah St, Pittsburgh, PA 15203",https://www.standingwavecoffee.com/,Chicago,Chicago,IL,accepted,
3rd Wave Coffee Roasters,3rdwavecoffee.com,"215 W King St #3, St. Augustine, FL 32084",https://3rdwavecoffee.com/,Chicago,Chicago,IL,accepted,
Groundswell Coffee Roasters,groundswellcoffeeroasters.com,"4839 N Damen Ave, Chicago, IL 60625",http://www.groundswellcoffeeroasters.com/,Chicago,Chicago,IL,accepted,
Brü Coffeeworks,brucoffeeworks.com,"3005 W Lawrence Ave, Chicago, IL 60625",http://brucoffeeworks.com/,Chicago,Chicago,IL,accepted,
Ground Up Coffee & Bites,groundupchicago.com,"363 W Erie St, Chicago, IL 60654",http://www.groundupchicago.com/,Chicago,Chicago,IL,accepted,
Colectivo Coffee Lincoln Park,colectivo.com,"2530 N Clark St, Chicago, IL 60614",https://colectivo.com/pages/lincoln-park,Chicago,Chicago,IL,accepted,
Caffe Umbria,caffeumbria.com,"346 N Clark St UNIT 4709, Chicago, IL 60654",http://www.caffeumbria.com/,Chicago,Chicago,IL,accepted,
Sloan Coffee Roasting,sloancoffee.com,"482 Uvedale Rd, Riverside, IL 60546",http://sloancoffee.com/,Chicago,Chicago,IL,accepted,
Qamaria Yemeni Coffee Co.,qamariacoffee.com,"9970 S Ridgeland Ave, Chicago Ridge, IL 60415",https://www.qamariacoffee.com/,Chicago,Chicago,IL,accepted,
Maple Leaf Coffee Roasters (Roaster Location),mapleleafroasters.com,"352 Irving Park Rd, Roselle, IL 60172",https://mapleleafroasters.com/,Chicago,Chicago,IL,accepted,
La Colombe Coffee Workshop,lacolombe.com,"955 W Randolph St, Chicago, IL 60607",https://www.lacolombe.com/pages/cafes/randolph?utm_source=google&utm_medium=organic&utm_campaign=gbp,Chicago,Chicago,IL,accepted,
Backlot Coffee,backlotcoffee.com,"3982 N Avondale Ave, Chicago, IL 60641",http://backlotcoffee.com/,Chicago,Chicago,IL,accepted,
Fresh Coast Coffee Co.,freshcoast.coffee,"Evanston, IL 60201",http://freshcoast.coffee/,Chicago,Evanston,IL,accepted,
Newport Coffee House,newport-coffee.com,"622 Davis St, Evanston, IL 60201",http://www.newport-coffee.com/,Chicago,Evanston,IL,accepted,
Idyll Coffee Roasters,idyllcoffeeroasters.com,"6330 W North Ave, Wauwatosa, WI 53213",https://www.idyllcoffeeroasters.com/,Chicago,Evanston,IL,accepted,
Belux Coffee Roswell,beluxcoffee.com,"1055 Alpharetta St Ste 1800, Roswell, GA 30075",http://www.beluxcoffee.com/,Chicago,Evanston,IL,accepted,
Philz Coffee,philzcoffee.com,"1030 Davis St, Evanston, IL 60201",https://philzcoffee.com/locations/evanston?utm_source=gmb&utm_medium=yext,Chicago,Evanston,IL,accepted,
JumpinGoat Coffee Roasters,jumpingoatcoffeeroasters.com,"7086 S Main St, Helen, GA 30545",https://www.jumpingoatcoffeeroasters.com/,Chicago,Evanston,IL,accepted,
Break Coffee Roasters,breakroasters.com,"3122 Hill St NW, Duluth, GA 30096",https://breakroasters.com/pages/duluth,Chicago,Evanston,IL,accepted,
Tala Coffee Roasters - Winnetka Cafe,talacoffeeroasters.com,"93 Green Bay Rd, Winnetka, IL 60093",https://talacoffeeroasters.com/,Chicago,Evanston,IL,accepted,
Alchemy Coffee & Bake House,alchemycoffeehouse.com,"416 Linden Ave #2845, Wilmette, IL 60091",https://www.alchemycoffeehouse.com/,Chicago,Evanston,IL,accepted,
"Dragon Fire Coffee Roasters, Inc.",dragonfirecoffeeroasters.com,"30W250 Butterfield Rd # 311, Warrenville, IL 60555",http://dragonfirecoffeeroasters.com/,Chicago,Evanston,IL,accepted,
Great Circle Coffee Roasters (Wholesale),greatcirclecoffee.com,"382 NE 56th St, Miami, FL 33137",http://www.greatcirclecoffee.com/,Chicago,Evanston,IL,accepted,
BCBC COFFEE ROASTERS,bcbccoffeeroasters.com,"2823 N Lincoln Ave, Chicago, IL 60657",http://bcbccoffeeroasters.com/,Chicago,Evanston,IL,accepted,
Clancy Brothers Coffee Roasters,clancybroscoffee.com,"19931 Wolf Rd, Mokena, IL 60448",http://www.clancybroscoffee.com/,Chicago,Evanston,IL,accepted,
Haraz Coffee House,harazcoffeehouse.com,"7007 W Dempster St, Niles, IL 60714",https://harazcoffeehouse.com/,Chicago,Evanston,IL,accepted,
Krema Coffee Roasters,kremacoffeeroasters.com,"6700 South St, Tinley Park, IL 60477",https://kremacoffeeroasters.com/,Chicago,Evanston,IL,accepted,
Valentine Coffee Roasters Third Ward,valentinecoffeeco.com,"189 N Milwaukee St, Milwaukee, WI 53202",https://www.valentinecoffeeco.com/,Chicago,Evanston,IL,accepted,
Texas Artisan Roasters,texasartisanroasters.com,"1937 I 35 N Frontage Rd ste 108, New Braunfels, TX 78130",https://texasartisanroasters.com/,Chicago,Evanston,IL,accepted,
Sirius Coffee Roasters,store.siriusroasters.com,"610 W Main St, Lexington, IL 61753",https://store.siriusroasters.com/,Chicago,Evanston,IL,accepted,
La Terza Artisan Coffee Roasterie,laterzacoffee.com,"9176 Winton Rd, Cincinnati, OH 45231",https://www.laterzacoffee.com/,Chicago,Evanston,IL,accepted,
Kribi Coffee Air Roastery,kribicoffee.com,"149 Forest Ave, Oak Park, IL 60301",http://www.kribicoffee.com/,Chicago,Oak Park,IL,accepted,
Sabbath Coffee Roasters,sabbathcoffeeroasters.com,"24 E 14 Mile Rd, Clawson, MI 48017",https://sabbathcoffeeroasters.com/,Chicago,Oak Park,IL,accepted,
Kazkara Coffee Roasters,kazkara.com,"21818 John R Rd, Hazel Park, MI 48030",https://kazkara.com/,Chicago,Oak Park,IL,accepted,
Philosophy Coffee,philosophycoffee.com,"7650 Industrial Dr, Forest Park, IL 60130",https://www.philosophycoffee.com/,Chicago,Oak Park,IL,accepted,
Opo Coffee,opocoffee.com,"314 E Howard Ave, Decatur, GA 30030",http://opocoffee.com/,Chicago,Oak Park,IL,accepted,
Naked Coffee Roasting & Café,nakedcoffee.net,"3527 Broadway, Sacramento, CA 95817",http://www.nakedcoffee.net/,Chicago,Oak Park,IL,accepted,
Flywheel Coffee Roasters,flywheelcoffee.com,"672 Stanyan St, San Francisco, CA 94117",https://flywheelcoffee.com/,Chicago,Oak Park,IL,accepted,
Silver Oak Coffee Ltd,silveroakcoffee.co.uk,"1a Saxon Business Park, Littleport, ELY CB6 1XX, United Kingdom",http://www.silveroakcoffee.co.uk/,Chicago,Oak Park,IL,accepted,
Black Oak Coffee Roasters,blackoakhealdsburg.com,"324 Center St, Healdsburg, CA 95448",https://blackoakhealdsburg.com/,Chicago,Oak Park,IL,accepted,
Steel Oak Coffee,steeloakcoffee.com,"187 S Yonge St, Ormond Beach, FL 32174",http://www.steeloakcoffee.com/,Chicago,Oak Park,IL,accepted,
Ragamuffin Coffee Roasters,ragamuffinroasters.com,"111 N Reino Rd, Newbury Park, CA 91320",http://www.ragamuffinroasters.com/,Chicago,Oak Park,IL,accepted,
Academy Coffee,academycoffeeatl.com,"1019 Virginia Ave NE, Atlanta, GA 30306",http://academycoffeeatl.com/,Chicago,Oak Park,IL,accepted,
Burning Oaks Coffee Company,burningoaks.coffee,"101 Clay Pike, Irwin, PA 15642",https://burningoaks.coffee/,Chicago,Oak Park,IL,accepted,
Enderly Coffee Co. Cafe & Coffee Roaster,enderlycoffee.com,"2620 Tuckaseegee Rd, Charlotte, NC 28208",http://enderlycoffee.com/,Chicago,Oak Park,IL,accepted,
Brewpoint Coffee - Founder's Cafe,brewpointcoffee.com,"124 W Park Ave, Elmhurst, IL 60126",http://www.brewpointcoffee.com/,Chicago,Oak Park,IL,accepted,
Dessert Oasis Coffee Roasters Royal Oak,docr.coffee,"115 S Main St, Royal Oak, MI 48067",http://docr.coffee/,Chicago,Oak Park,IL,accepted,
Third Coast Coffee,thirdcoastcoffee.com,"10515 Old Manchaca Rd, Austin, TX 78748",http://www.thirdcoastcoffee.com/,Chicago,Oak Park,IL,accepted,
The Office Coffee Shop,theofficecoffeeshop.com,"402 S Lafayette Ave, Royal Oak, MI 48067",http://theofficecoffeeshop.com/,Chicago,Oak Park,IL,accepted,
Vereda Central Coffee Roasters,veredacentral.ca,"310 Kerr St, Oakville, ON L6K 3B5, Canada",http://www.veredacentral.ca/,Chicago,Oak Park,IL,accepted,
Kinship Roasters,kinship.coffee,"16955 Forest Rd Ste G, Forest, VA 24551",http://kinship.coffee/,Chicago,Oak Park,IL,accepted,
Ritual Coffee Roasters,ritualcoffee.com,"1026 Valencia St, San Francisco, CA 94110",http://ritualcoffee.com/,Chicago,Oak Park,IL,accepted,
Oakley Artisan Roasters,oakleyartisanroasters.com,"2901 Robertson Ave, Cincinnati, OH 45209",http://oakleyartisanroasters.com/,Chicago,Oak Park,IL,accepted,
Live Oak Coffee Roasters,liveoak.coffee,"713-4 Ashman St, Midland, MI 48640",http://liveoak.coffee/,Chicago,Oak Park,IL,accepted,
Mighty Oak Roasters,mightyoakroasters.com,"28-01 24th Ave, Queens, NY 11102",http://mightyoakroasters.com/,Chicago,Oak Park,IL,accepted,
Golden Valley Coffee Roasters,goldenvalleyfarms.com,"208 Carter Dr Suite 13B, West Chester, PA 19382",http://www.goldenvalleyfarms.com/,Chicago,Oak Park,IL,accepted,
Martini Coffee Roasters,martinicoffee.com,"10S279 Schoger Dr, Naperville, IL 60564",https://www.martinicoffee.com/,Chicago,Naperville,IL,accepted,
Spiritus Coffee Co.,spirituscoffee.com,"Open By Appointment Only, 1106 N Main St, Lombard, IL 60148",http://spirituscoffee.com/,Chicago,Naperville,IL,accepted,
Gun Barrel Coffee,gunbarrelcoffee.com,"411 Stevens St, Geneva, IL 60134",http://www.gunbarrelcoffee.com/,Chicago,Naperville,IL,accepted,
North Central College - The Coffee Lab,northcentralcoffeelab.com,"Larrance Academic Building, 309 School St, Naperville, IL 60540",https://northcentralcoffeelab.com/,Chicago,Naperville,IL,accepted,
Two Brothers Coffee Roasters,twobrotherscoffeeroasters.com,"30W315 Calumet Ave W, Warrenville, IL 60555",http://www.twobrotherscoffeeroasters.com/,Chicago,Naperville,IL,accepted,
Coroco Coffee Roaster Collective,corococoffee.com,"224 S California St, Sycamore, IL 60178",https://corococoffee.com/,Chicago,Naperville,IL,accepted,
Endiro Coffee Roastery,endirocoffee.com,"213 S River St, Aurora, IL 60506",http://www.endirocoffee.com/,Chicago,Naperville,IL,accepted,
High Noon Coffee Roasters,highnooncoffee.com,"191 Charlotte St #101, Asheville, NC 28801",https://highnooncoffee.com/,Chicago,Naperville,IL,accepted,
Pirates of Coffee,piratesofcoffee.com,"6740 Davand Dr Unit-7, Mississauga, ON L5T 2K9, Canada",https://piratesofcoffee.com/,Chicago,Naperville,IL,accepted,
Qahwah House Coffee - Lombard,qahwahhouse.com,"406 E Roosevelt Rd, Lombard, IL 60148",http://www.qahwahhouse.com/,Chicago,Naperville,IL,accepted,
AlHamawi Roastery & Coffee (Bridgeview),alhamawiusa.com,"8417 S Harlem Ave, Bridgeview, IL 60455",https://alhamawiusa.com/pages/order-drinks-pickup,Chicago,Naperville,IL,accepted,
Peet's Coffee,peets.com,"686 E Ogden Ave, Naperville, IL 60563","https://www.peets.com/pages/store-locator?stockist-query=Naperville,%20IL,%20USA&selected=Naperville%20-%20Ogden",Chicago,Naperville,IL,accepted,
Five & Hoek Coffee,fiveandhoek.com,"112 B N Main St, Wheaton, IL 60187",http://www.fiveandhoek.com/,Chicago,Naperville,IL,accepted,
Artisan Coffee,artisancoffee.us,"662 Canton Rd, Akron, OH 44312",http://www.artisancoffee.us/,Chicago,Naperville,IL,accepted,
Arcedium Coffeehouse,arcedium.com,"60 Indiana St, St. Charles, IL 60174",http://www.arcedium.com/,Chicago,Naperville,IL,accepted,
The Libertyville Coffee Company,libertyvillecoffee.com,"527 3rd St, Libertyville, IL 60048",http://libertyvillecoffee.com/,Chicago,Naperville,IL,accepted,
Snowdrift Coffee Roasters (By Appointment Only),snowdriftcoffee.com,"11128 Hamborg Rd, Roscoe, IL 61073",http://www.snowdriftcoffee.com/,Chicago,Naperville,IL,accepted,
Ghost Coffee Roaster,ghostcoffeeroaster.com,"750 W Stadium Ave, West Lafayette, IN 47906",http://ghostcoffeeroaster.com/,Chicago,Naperville,IL,accepted,
Glissade Coffee Company,glissadecoffee.com,"2520 Galena St Unit 3, Aurora, CO 80010",https://www.glissadecoffee.com/,Chicago,Aurora,IL,accepted,
Conscious Cup Coffee Roasters - Palatine,consciouscup.com,"137 W Wood St, Palatine, IL 60067",https://consciouscup.com/pages/stores/palatine,Chicago,Schaumburg,IL,accepted,
FreshGround Roasting,freshgroundroast.com,"51 S Grove Ave, Elgin, IL 60120",https://freshgroundroast.com/,Chicago,Schaumburg,IL,accepted,
Mosaic Coffee Roasters,mosaicroasters.com,"727 W Commercial St Suite B, Springfield, MO 65803",https://www.mosaicroasters.com/,Chicago,Schaumburg,IL,accepted,
Gregorys Coffee,gregoryscoffee.com,"5 Woodfield Mall, Schaumburg, IL 60173",https://gregoryscoffee.com/,Chicago,Schaumburg,IL,accepted,
"Gracefully Coffee Roasters, Inc.",gracefullycoffee.com,"2601 Rolling Rd. #104, Windsor Mill, MD 21244",http://www.gracefullycoffee.com/,Chicago,Schaumburg,IL,accepted,
Filigree Coffee,filigreecoffee.com,"16016 New Independence Pkwy Ste 110, Winter Garden, FL 34787",http://www.filigreecoffee.com/,Chicago,Schaumburg,IL,accepted,
Rockford Roasting Company,rockfordroasting.co,"416 S Main St, Rockford, IL 61101",http://rockfordroasting.co/,Chicago,Schaumburg,IL,accepted,
Little Waves Coffee Roasters,littlewaves.coffee,"2013 Chapel Hill Rd Suite A, Durham, NC 27707",https://littlewaves.coffee/collections,Chicago,Schaumburg,IL,accepted,
Artisan Roast Coffee Roasters,artisanroast.co.uk,"4, Peffermill Parc, 25 King's Haugh, Edinburgh EH16 5UY, United Kingdom",http://www.artisanroast.co.uk/,Chicago,Schaumburg,IL,accepted,
RoastAroma,roastaroma.com,"19 Millington Crescent, Ajax, ON L1T 1R2, Canada",https://roastaroma.com/,Chicago,Schaumburg,IL,accepted,
Alaska Artisan Coffee,alaskaartisancoffee.com,"4576 Glenn Hwy, Palmer, AK 99645",http://www.alaskaartisancoffee.com/,Chicago,Schaumburg,IL,accepted,
Alta Coffee Roasters,altaroasters.com,"805 Massachusetts Ave, Arlington, MA 02476",https://altaroasters.com/,Chicago,Arlington Heights,IL,accepted,
New Heights Coffee Roasters,newheightscoffeeroasters.com,"825 Studewood St, Houston, TX 77007",https://www.newheightscoffeeroasters.com/,Chicago,Arlington Heights,IL,accepted,
The Wild Roaster,thewildroaster.com,"601 Lake Cook Rd, Deerfield, IL 60015",https://www.thewildroaster.com/,Chicago,Arlington Heights,IL,accepted,
Ethnos Coffee Roasters,ethnos.coffee,"8817 Chaffee Rd, Arlington, TN 38002",http://www.ethnos.coffee/,Chicago,Arlington Heights,IL,accepted,
Khepri Kitchen + Coffee,khepricafe.com,"106 S Emerson St, Mt Prospect, IL 60056",https://www.khepricafe.com/,Chicago,Arlington Heights,IL,accepted,
Del's Coffee Roasters,delscoffee.com,"100 Felton St Suite 105, Waltham, MA 02453",http://www.delscoffee.com/,Chicago,Arlington Heights,IL,accepted,
Morning Aroma Coffee Roasters,morningaroma.coffee,"14650 Southlawn Ln, Rockville, MD 20850",https://morningaroma.coffee/,Chicago,Arlington Heights,IL,accepted,
Commonwealth Joe Coffee Roasters,commonwealthjoe.com,"520 12th St S Suite 150, Arlington, VA 22202",http://commonwealthjoe.com/,Chicago,Arlington Heights,IL,accepted,
Finger Lakes Coffee Roasters at Destiny USA,fingerlakescoffee.com,"9090 Destiny USA Dr, Syracuse, NY 13290",https://fingerlakescoffee.com/,Syracuse,syracuse,NY,accepted,
Milk House Roastery,milkhouseroastery.com,"4654 NW Townline Rd, Marcellus, NY 13108",https://milkhouseroastery.com/,Syracuse,syracuse,NY,accepted,
Salt City Coffee,saltcitycoffee.com,"509 W Onondaga St, Syracuse, NY 13204",https://saltcitycoffee.com/?y_source=1_MTYxMDkyMDctNzE1LWxvY2F0aW9uLndlYnNpdGU%3D,Syracuse,syracuse,NY,accepted,
Cafe Kubal,cafekubal.com,"401 S Salina St, Syracuse, NY 13202",https://www.cafekubal.com/,Syracuse,syracuse,NY,accepted,
Crow City Roasters Coffee,crowcityroasters.com,"145 State St, Auburn, NY 13021",http://www.crowcityroasters.com/,Syracuse,syracuse,NY,accepted,
Roast & Toast - Cafe & Cocktail Bar (Simple Roast Downtown),simpleroastcoffee.com,"99 Genesee St, Auburn, NY 13021",https://simpleroastcoffee.com/,Syracuse,syracuse,NY,accepted,
Buffalo Coffee Roastery,buffalocoffeeroastery.com,"5844 Buffalo St, Sanborn, NY 14132",http://buffalocoffeeroastery.com/,Syracuse,syracuse,NY,accepted,
Copper Horse Coffee Roasters,copperhorsecoffee.com,"2027 Slaterville Rd #1, Ithaca, NY 14850",http://www.copperhorsecoffee.com/,Syracuse,syracuse,NY,accepted,
Union Place Coffee Roasters,unionplacecoffeeroasters.com,"900 Jefferson Rd Building 9, Suite 903, Rochester, NY 14623",https://unionplacecoffeeroasters.com/,Syracuse,syracuse,NY,accepted,
Great Lakes Coffee Roasters,greatlakescoffeeroasters.com,"123 Stutzman Rd, Bowmansville, NY 14026",http://www.greatlakescoffeeroasters.com/,Syracuse,syracuse,NY,accepted,
Stride Coffee Roasters,stridecoffeeroasters.com,"2 Campion Rd #6, New Hartford, NY 13413",http://stridecoffeeroasters.com/,Syracuse,syracuse,NY,accepted,
Stack Street Coffee Roasters,stackstcoffee.com,"55 W Railroad Ave building 5, Garnerville, NY 10923",http://stackstcoffee.com/,Syracuse,liverpool,NY,accepted,
Canopy Coffee Roasters,canopycoffeeroasters.com,"3173 NY-14A, Penn Yan, NY 14527",http://canopycoffeeroasters.com/,Syracuse,liverpool,NY,accepted,
Path Coffee Roasters,pathcoffees.com,"106 Purdy Ave, Port Chester, NY 10573",https://pathcoffees.com/,Syracuse,liverpool,NY,accepted,
Gillies Coffee Company,gilliescoffee.com,"150 19th St, Brooklyn, NY 11232",http://www.gilliescoffee.com/,Syracuse,liverpool,NY,accepted,
Fresh Roasted Coffee LLC,freshroastedcoffee.com,"1136 Walnut St, Sunbury, PA 17801",https://freshroastedcoffee.com/,Syracuse,liverpool,NY,accepted,
Eldorado Coffee Roasters,eldoradocoffee.com,"56-75 49th St, Flushing, NY 11378",http://eldoradocoffee.com/,Syracuse,liverpool,NY,accepted,
Beanstock Coffee Roasters,beanstockcoffee.com,"165 Holmes Rd, Eastham, MA 02642",http://beanstockcoffee.com/,Syracuse,liverpool,NY,accepted,
Barrington Coffee Roasting Company,barringtoncoffee.com,"165 Quarry Hill Rd, Lee, MA 01238",http://www.barringtoncoffee.com/,Syracuse,liverpool,NY,accepted,
Public House by WeRoast Coffee,publichouseri.com,"210 Front St, Lincoln, RI 02865",https://publichouseri.com/,Syracuse,liverpool,NY,accepted,
Downeast Coffee Roasters,downeastcoffee.com,"259 East Ave, Pawtucket, RI 02860",https://www.downeastcoffee.com/,Syracuse,liverpool,NY,accepted,
Rare Breed Coffee Headquarters,rarebreedcoffee.com,"2 Pittsburgh Ave, Nashua, NH 03062",http://www.rarebreedcoffee.com/,Syracuse,east syracuse,NY,accepted,
TiA Coffee LLC,tiacoffee.us,"300 Village Square Blvd, Honeoye Falls, NY 14472",https://www.tiacoffee.us/,Syracuse,solvay,NY,accepted,
The Wakeman Coffee Co.,wakemancoffee.com,"66 E Main St, Sidney, NY 13838",https://www.wakemancoffee.com/,Syracuse,solvay,NY,accepted,
Foundry Roasters at Stovehouse,foundryroasters.com,"3414 Governors Dr SW, Huntsville, AL 35805",https://www.foundryroasters.com/,Syracuse,solvay,NY,accepted,
Driftaway Coffee,driftaway.coffee,"85 Debevoise Ave, Brooklyn, NY 11222",https://driftaway.coffee/,Syracuse,solvay,NY,accepted,
Irving Farm Roastery,irvingfarm.com,"6044 NY-22, Millerton, NY 12546",https://irvingfarm.com/pages/the-roastery,Syracuse,solvay,NY,accepted,
Old Pine Coffee Roasters,oldpinecoffeeroasters.com,"3775 Mall Ave #1, Fayetteville, AR 72703",https://www.oldpinecoffeeroasters.com/,Syracuse,fayetteville,NY,accepted,
Pintail Coffee,pintailcoffee.com,"1776 New Hwy, Farmingdale, NY 11735",https://www.pintailcoffee.com/,Syracuse,fayetteville,NY,accepted,
North River Roasters,northriverroasters.com,"188 Washington St, Poughkeepsie, NY 12601",http://northriverroasters.com/,Syracuse,north syracuse,NY,accepted,
XOZIO Coffee & Provisions,xoziocoffeeandprovisions.com,"1819 Broad St #101, Chattanooga, TN 37408",http://xoziocoffeeandprovisions.com/,Chattanooga,chattanooga,TN,accepted,
Mad Priest Coffee Roasters,madpriestcoffee.com,"1200 McCallie Ave, Chattanooga, TN 37404",http://www.madpriestcoffee.com/,Chattanooga,chattanooga,NY,accepted,
New Wave Coffee Roasters,newwave-chatt.com,"2405 Lyndon Ave #121, Chattanooga, TN 37415",http://www.newwave-chatt.com/,Chattanooga,chattanooga,TN,accepted,
Velo Coffee Roasters,velocoffee.com,"509 E Main St #3, Chattanooga, TN 37408",http://www.velocoffee.com/,Chattanooga,chattanooga,TN,accepted,
Grindhead Coffee Chattanooga,grindheadcoffee.com,"7955 E Brainerd Rd s105 105, Chattanooga, TN 37421",http://www.grindheadcoffee.com/chattanooga,Chattanooga,chattanooga,TN,accepted,
Culture Coffee Co.,culturecoffeecochatt.com,"610 Georgia Ave, Chattanooga, TN 37402",https://culturecoffeecochatt.com/,Chattanooga,chattanooga,TN,accepted,
Rembrandt's Coffee House,bluffviewartdistrictchattanooga.com,"204 High St, Chattanooga, TN 37403",https://bluffviewartdistrictchattanooga.com/rembrandtscoffeehouse/,Chattanooga,chattanooga,TN,accepted,
Brillo Beans Roasting Co.,brillobeansroasting.com,"8270 Pruett Rd, Hixson, TN 37343",https://brillobeansroasting.com/,Chattanooga,chattanooga,TN,accepted,
Genuine Blue Mountain Coffee,genuinebluemountaincoffee.com,"7669 Clinton Hwy, Powell, TN 37849",https://www.genuinebluemountaincoffee.com/,Chattanooga,chattanooga,TN,accepted,
Cadence Coffee Company,cadencecoffeeco.com,"11 E 7th St, Chattanooga, TN 37402",http://cadencecoffeeco.com/,Chattanooga,chattanooga,TN,accepted,
Frothy Monkey,frothymonkey.com,"1400 Market St, Chattanooga, TN 37402",http://www.frothymonkey.com/,Chattanooga,chattanooga,TN,accepted,
Mean Mug Coffeehouse Northshore,meanmugcoffee.com,"205 Manufacturers Rd Suite 109, Chattanooga, TN 37405",http://meanmugcoffee.com/,Chattanooga,chattanooga,TN,accepted,
Fleetwood Coffee Company,fleetwoodcoffee.com,"2511 Riverside Dr, Chattanooga, TN 37406",http://fleetwoodcoffee.com/,Chattanooga,chattanooga,TN,accepted,
Adieu Roasters,adieuroasters.com,"1408 Appalachian Hwy, Blue Ridge, GA 30513",https://www.adieuroasters.com/,Chattanooga,east ridge,TN,accepted,
Phoenix Roasters — The Roastery,phoenixroasters.coffee,"5225 Bellewood Ct, Buford, GA 30518",https://phoenixroasters.coffee/,Chattanooga,east ridge,TN,accepted,
BonLife Coffee Roasters,bonlifecoffee.com,"1807 Keith St NW, Cleveland, TN 37311",http://www.bonlifecoffee.com/,Chattanooga,east ridge,TN,accepted,
Garmony House,garmonyhouse.coffee,"109 W Cuyler St, Dalton, GA 30720",https://garmonyhouse.coffee/,Chattanooga,east ridge,TN,accepted,
Bold Mountain Coffee Roasters,boldmountaincoffee.com,"1178 Evans Ln, Dandridge, TN 37725",https://www.boldmountaincoffee.com/,Chattanooga,red bank,TN,accepted,
Good News Roasters Coffee,goodnewsroasters.com,"9710 Dayton Pike, Soddy-Daisy, TN 37379",https://www.goodnewsroasters.com/,Chattanooga,soddy-daisy,TN,accepted,
Vantage Coffee Roasters,vantagecoffeeroasters.com,"129 B Neal St, Martin, TN 38237",http://vantagecoffeeroasters.com/,Chattanooga,walden,TN,accepted,
Wired Coffee Bar,thewiredcoffeebar.com,"9515 Lee Hwy E, Ooltewah, TN 37363",http://www.thewiredcoffeebar.com/,Chattanooga,collegedale,TN,accepted,
Candid Coffee Roasters,candidcoffeeroasters.ca,"6752 75 Street NW, Edmonton, AB T6E 6T9",http://candidcoffeeroasters.ca/,Edmonton,edmonton,AB,accepted,
Rogue Wave Coffee,roguewavecoffee.ca,"11322 119 St NW, Edmonton, AB T5G 2X4",https://roguewavecoffee.ca/,Edmonton,edmonton,AB,accepted,
Iconoclast Coffee Roasters,iconoclastcoffee.com,"12021 102 Ave NW #103, Edmonton, AB T5K 0R8",http://www.iconoclastcoffee.com/,Edmonton,edmonton,AB,accepted,
Alternate Route Coffee Co. - Coffee Roasters,alternateroutecoffeeco.ca,"3655 44 Ave E, Edmonton International Airport, AB T9E 0V4",https://alternateroutecoffeeco.ca/,Edmonton,edmonton,AB,accepted,
The Colombian - Forest Heights,thecolombian.ca,"8204 106 Ave NW, Edmonton, AB T6A 1J1",https://thecolombian.ca/,Edmonton,edmonton,AB,accepted,
Anecdote Coffee Roasters,anecdotecoffee.ca,"9807 62 Ave NW, Edmonton, AB T6E 0E4",https://www.anecdotecoffee.ca/,Edmonton,edmonton,AB,accepted,
Transcend Coffee and Roastery,transcendcoffee.ca,"9570 76 Ave NW, Edmonton, AB T6C 0K2",http://www.transcendcoffee.ca/,Edmonton,edmonton,AB,accepted,
Aspen Coffee Roasters - Roastery,aspencoffeeroasters.com,"9951 76 Ave NW, Edmonton, AB T6E 1K8",https://www.aspencoffeeroasters.com/,Edmonton,edmonton,AB,accepted,
Labo Coffee,labocoffee.ca,"10546 Whyte Ave NW, Edmonton, AB T6E 2A4",http://www.labocoffee.ca/,Edmonton,edmonton,AB,accepted,
ACE Coffee Roasters - West Ritchie,acecoffeeroasters.com,"10055 80 Ave NW, Edmonton, AB T6E 1T4",https://acecoffeeroasters.com/pages/west-ritchie-roastery,Edmonton,edmonton,AB,accepted,
Roasti Coffee Co,roasti.ca,"52 Brentwood Blvd #19, Sherwood Park, AB T8A 2H6",https://roasti.ca/,Edmonton,edmonton,AB,accepted,
Roots of Colombia Coffee,rootsofcolombiacoffee.com,"5203 149 Ave NW #12, Edmonton, AB T5A 1B5",https://www.rootsofcolombiacoffee.com/,Edmonton,edmonton,AB,accepted,
Mezos Roastery,mezos.ca,"14187 162 Ave NW, Edmonton, AB T6V 0M7",http://www.mezos.ca/,Edmonton,edmonton,AB,accepted,
Fawkes Café & Bakery,fawkescoffee.com,"10137 104 Street NW, Edmonton, AB T5J 0Z9",http://www.fawkescoffee.com/,Edmonton,edmonton,AB,accepted,
Crum Coffee Bar,crumcoffeebar.com,"4640 Calgary Trl NW, Edmonton, AB T6H 6A1",http://www.crumcoffeebar.com/,Edmonton,edmonton,AB,accepted,
Deville Coffee,devillecoffee.ca,"10850 104 Ave NW #101, Edmonton, AB T5H 0S5",http://www.devillecoffee.ca/,Edmonton,edmonton,AB,accepted,
Endeavour Brewing & Coffee Roasters,endeavourbrewing.com,"215 Carnegie Dr #4A, St. Albert, AB T8N 5A7",https://www.endeavourbrewing.com/,Edmonton,st. albert,AB,accepted,
Chronicle Coffee Roasters,chroniclecoffee.ca,"6703 30 St SE, Calgary, AB T2C 1N6",http://www.chroniclecoffee.ca/,Edmonton,st. albert,AB,accepted,
Dark Kiss Coffee LTD.,darkkisscoffee.ca,"6420 50 St, Leduc, AB T9E 6P1",http://www.darkkisscoffee.ca/,Edmonton,st. albert,AB,accepted,
Gratitude Coffee,gratitudecoffee.ca,"897 Pembina Rd #151, Sherwood Park, AB T8H 3A5",http://www.gratitudecoffee.ca/,Edmonton,st. albert,AB,accepted,
Banff Roasting Company,banffroastingcompany.com,"141 Eagle Cres, Banff, AB T1L 1C6",http://www.banffroastingcompany.com/,Edmonton,st. albert,AB,accepted,
Kingdom Coffee Roasters,kingdomcoffee.ca,"75 Skyline Crescent NE, Calgary, AB T2K 5X2",https://www.kingdomcoffee.ca/,Edmonton,leduc,AB,accepted,
Rolling Hills Coffee Company,rollinghillscoffee.ca,"4315 71 St, Camrose, AB T4V 3Y1",http://www.rollinghillscoffee.ca/,Edmonton,fort saskatchewan,AB,accepted,
Fratello Coffee Roasters,fratellocoffee.com,"4021 9 St SE, Calgary, AB T2G 3C7",https://www.fratellocoffee.com/?utm_source=Google&utm_medium=GMB,Edmonton,beaumont,AB,accepted,
Humble Coffee Roasters,humblecoffeeroasters.ca,"635 8 Ave SW #220, Calgary, AB T2P 3M3",https://www.humblecoffeeroasters.ca/,Edmonton,beaumont,AB,accepted,
Rocky Mountain Roasters,rockymountainroasters.com,"34 Stan Wright Dr, Jasper, AB T0E 0A8",https://www.rockymountainroasters.com/,Edmonton,beaumont,AB,accepted,
RELAY Coffee Roasters,relaycoffee.com,"27 King William St, Hamilton, ON L8R 1A1",http://www.relaycoffee.com/,Hamilton,hamilton,ON,accepted,
Coffeecology,coffeecology.ca,"346 Dundurn St S, Hamilton, ON L8P 4L6",http://www.coffeecology.ca/,Hamilton,hamilton,ON,accepted,
Detour Coffee Roasters,detourcoffee.com,"99 Clinton St, Hamilton, ON L8L 3K1",https://detourcoffee.com/,Hamilton,hamilton,ON,accepted,
Firebat Coffee Roasters,firebatcoffee.com,"3245 Harvester Rd Unit 12, Burlington, ON L7N 3T7",https://www.firebatcoffee.com/,Hamilton,hamilton,ON,accepted,
Coffeed,coffeed.ca,"3420 Rebecca St, Oakville, ON L6L 6W2",http://coffeed.ca/,Hamilton,hamilton,ON,accepted,
Greenbelt Coffee,greenbeltcoffee.ca,"420 Parkdale Ave N, Hamilton, ON L8H 5Y2",http://www.greenbeltcoffee.ca/,Hamilton,hamilton,ON,accepted,
Muldoon's Craft Coffee Roasters,muldoonscoffee.com,"5680 Timberlea Blvd, Mississauga, ON L4W 4M6",https://muldoonscoffee.com/,Hamilton,hamilton,ON,accepted,
Lost Aviator Coffee Company,lostaviatorcoffee.com,"404 York Rd, Guelph, ON N1E 3H4",http://www.lostaviatorcoffee.com/,Hamilton,hamilton,ON,accepted,
Poets & Prose Coffee Roasters — Online Orders & Scheduled Pickup,poetsprosecoffee.com,"Not a store-front, Unit 19, 2250 Rockingham Dr, Oakville, ON L6H 6J3",https://poetsprosecoffee.com/,Hamilton,hamilton,ON,accepted,
Coast to Coast Coffee,coasttocoastcoffee.ca,"130 Cawthra Ave Unit 103, Toronto, ON M6N 3C2",http://www.coasttocoastcoffee.ca/,Hamilton,hamilton,ON,accepted,
Subtext Coffee Roasters,subtext.coffee,"130 Cawthra Ave Unit 104, Toronto, ON M6N 3C2",https://www.subtext.coffee/,Hamilton,hamilton,ON,accepted,
Trebilcock Coffee Roasters,trebilcockcoffee.ca,"1035 Toy Ave #19, Pickering, ON L1W 3N9",https://www.trebilcockcoffee.ca/,Hamilton,hamilton,ON,accepted,
Odin Coffee Roasters,odincoffeeroasters.com,"180 John St, Toronto, ON M5T 1X5",https://www.odincoffeeroasters.com/,Hamilton,hamilton,ON,accepted,
Back Road Coffee Roasters,backroadcoffee.ca,"133 Queen St E, Mississauga, ON L5G 1N1",http://www.backroadcoffee.ca/,Hamilton,hamilton,ON,accepted,
Ethica Coffee Roasters,ethicaroasters.com,"213 Sterling Rd, Toronto, ON M6R 2B2",https://ethicaroasters.com/,Hamilton,hamilton,ON,accepted,
Black Sheep Coffee Roasters,blacksheepniagara.com,"64 Niagara St, Welland, ON L3C 1E3",http://blacksheepniagara.com/,Hamilton,hamilton,ON,accepted,
Everyday Gourmet Coffee Roasters,everydaycoffee.com,"95 Front St E, Toronto, ON M5E 1C2",http://www.everydaycoffee.com/,Hamilton,hamilton,ON,accepted,
Blaze Coffee Roasters,blazecoffeeco.com,"188 Limestone Crescent, Toronto, ON M3J 2S4",http://blazecoffeeco.com/,Hamilton,hamilton,ON,accepted,
Baden Coffee Company,badencoffee.com,"1427 Gingerich Rd, Baden, ON N3A 4J3",http://badencoffee.com/,Hamilton,hamilton,ON,accepted,
Terminal 3 Coffee Roasters - Lake Shore,t3roasters.com,"3337 Lake Shore Blvd W, Etobicoke, ON M8W 1M9",http://www.t3roasters.com/,Hamilton,hamilton,ON,accepted,
Travesia Coffee Roasters,travesiaroasters.com,"ECOMMERCE ONLY (OFFICE, 25 Neighbourhood Ln., Etobicoke, ON M8Y 0C4",http://travesiaroasters.com/,Hamilton,hamilton,ON,accepted,
Stereo Coffee Roasters,stereocoffee.com,"40 Cawthra Ave, Toronto, ON M6N 5B3",https://stereocoffee.com/,Hamilton,hamilton,ON,accepted,
Library Coffee,librarycoffee.ca,"281 Dundas St W, Toronto, ON M5T 1G1",http://librarycoffee.ca/,Hamilton,hamilton,ON,accepted,
Altitude Coffee Roasters,altitudecoffee.ca,"174 Brant Ave, Brantford, ON N3T 3H9",https://altitudecoffee.ca/,Hamilton,hamilton,ON,accepted,
Social Coffee & Tea Company,socialcoffee.com,"77 West Beaver Creek Rd #1, Richmond Hill, ON L4B 1K4",http://www.socialcoffee.com/,Hamilton,hamilton,ON,accepted,
ECS Coffee Brewology - Ancaster,ecscoffee.com,"1172 Wilson St W, Ancaster, ON L9G 3K9",http://www.ecscoffee.com/,Hamilton,hamilton,ON,accepted,
Hale Coffee Company,halecoffee.com,"300 Campbell Ave Unit #103, Toronto, ON M6P 3V6",https://www.halecoffee.com/,Hamilton,hamilton,ON,accepted,
Cavan Coffee,cavan.coffee,"1467 Gordon St S, Guelph, ON N1G 0B6",https://www.cavan.coffee/,Hamilton,hamilton,ON,accepted,
Moonbean Coffee Company,moonbeancoffee.com,"30 St Andrew St, Toronto, ON M5T 1K6",http://www.moonbeancoffee.com/,Hamilton,hamilton,ON,accepted,
Milky's,milkys.ca,"760 Dundas St W, Toronto, ON M6J 1T8",http://milkys.ca/,Hamilton,hamilton,ON,accepted,
One Point Twenty One Roasters,onepointtwentyone.com,"3100 Harvester Rd Unit 5B, Burlington, ON L7N 3W8",https://onepointtwentyone.com/pages/wholesale,Hamilton,hamilton,ON,accepted,
De Mello Coffee,hellodemello.com,"2489 Yonge St, Toronto, ON M4P 2H6",https://hellodemello.com/,Hamilton,hamilton,ON,accepted,
Javanut,javanut.ca,"391 Main St E, Milton, ON L9T 1P7",https://javanut.ca/,Hamilton,hamilton,ON,accepted,
Kerr Street Cafe,kerrstreetcafe.com,"298 Kerr St, Oakville, ON L6K 3B3",http://www.kerrstreetcafe.com/,Hamilton,burlington,ON,accepted,
RoastAroma Specialty Cafe,roastaroma.com,"3495 Danforth Ave, Scarborough, ON M1L 1E2",https://roastaroma.com/,Hamilton,burlington,ON,accepted,
Sippy Cup Coffee Roasters,sippycupcoffeeroasters.ca,"28 Port Maitland Rd, Haldimand, ON N1A 1Y7",http://www.sippycupcoffeeroasters.ca/,Hamilton,stoney creek,ON,accepted,
Vibe Coffee,vibecoffee.com,"603 Millway Ave Unit 1, Concord, ON L4K 3V1",https://vibecoffee.com/,Hamilton,stoney creek,ON,accepted,
Rufino Coffee,rufino.ca,"110 Romina Dr., Vaughan, ON L4K 4Z7",https://www.rufino.ca/,Hamilton,stoney creek,ON,accepted,
Barocco Coffee Company,baroccocoffee.com,"1020 Meyerside Dr #4, Mississauga, ON L5T 1K7",http://www.baroccocoffee.com/,Hamilton,stoney creek,ON,accepted,
Invigo Coffee Roasters,invigocoffee.com,"24 Viceroy Rd #10, Concord, ON L4K 2L9",https://invigocoffee.com/,Hamilton,stoney creek,ON,accepted,
Black Creek Coffee (Online Only - not open to the public),blackcreekcoffee.com,"45 Mill St E, Acton, ON L7J 1H1",https://blackcreekcoffee.com/,Hamilton,stoney creek,ON,accepted,
Dark City Coffee,darkcitycoffee.com,"3480 McNicoll Ave Unit 12, Scarborough, ON M1V 5A7",http://www.darkcitycoffee.com/,Hamilton,stoney creek,ON,accepted,
Foreword Specialty Coffee Roasters,forewordroasters.ca,"370 Hwy 7, Richmond Hill, ON L4B 1A7",https://forewordroasters.ca/,Hamilton,stoney creek,ON,accepted,
St Joseph Island Coffee Roasters,sjicoffeeroasters.ca,"3902 A Line Rd RR #1, Richards Landing, ON P0R 1J0",https://sjicoffeeroasters.ca/,Hamilton,stoney creek,ON,accepted,
My Indie Coffee Roasters,myindiecoffee.com,"17817 Leslie St #7, Newmarket, ON L3Y 8C6",http://www.myindiecoffee.com/,Hamilton,stoney creek,ON,accepted,
Coffee Tree Roastery,coffeetree.ca,"2412 Bloor St W, Toronto, ON M6S 1P9",https://www.coffeetree.ca/,Hamilton,stoney creek,ON,accepted,
The Mister Brewer,themisterbrewer.ca,"25 Nipissing Crescent, Brampton, ON L6S 5A4",http://www.themisterbrewer.ca/,Hamilton,ancaster,ON,accepted,
JAVA ROASTERS,javaroasters.ca,"262 Carlaw Ave UNIT 107, Toronto, ON M4M 3L1",http://javaroasters.ca/,Hamilton,ancaster,ON,accepted,
Rooster Coffee House,roostercoffeehouse.com,"479 Broadview Ave, Toronto, ON M4K 2N4",http://www.roostercoffeehouse.com/,Hamilton,ancaster,ON,accepted,
Contrabean Roasting Company,contrabean.ca,"Home based business, 71 Claremont Ave, Kitchener, ON N2M 2P5",http://contrabean.ca/,Hamilton,ancaster,ON,accepted,
Smile Tiger Coffee Roasters,smiletigercoffee.com,"100 Ahrens St W, Kitchener, ON N2H 4C3",http://smiletigercoffee.com/,Hamilton,ancaster,ON,accepted,
Black Label Coffee,blacklabelcoffee.ca,"20 Lakeshore Rd E, Mississauga, ON L5G 1C8",https://blacklabelcoffee.ca/,Hamilton,dundas,ON,accepted,
Balzac's Coffee Roasters,shop.balzacs.com,"223 King St, Niagara-on-the-Lake, ON L0S 1J0",https://shop.balzacs.com/pages/niagara-on-the-lake,Hamilton,grimsby,ON,accepted,
Crossbone Coffee Co.,crossbonecoffee.com,"59 Aquadale Dr, St. Catharines, ON L2N 3R9",https://www.crossbonecoffee.com/,Hamilton,grimsby,ON,accepted,
Velvet Sunrise Coffee Roasters,velvetsunrise.ca,"100 Ringwood Dr #8, Whitchurch-Stouffville, ON L4A 1A9",https://velvetsunrise.ca/,Hamilton,grimsby,ON,accepted,
Rose N Crantz Roasting Co,rnccoffee.ca,"905 Copper Crescent, Thunder Bay, ON P7B 6G1",https://rnccoffee.ca/,Hamilton,grimsby,ON,accepted,
Ashanti Thornbury,ashanticoffee.com,"39 Bruce St S, Thornbury, ON N0H 2P0",http://www.ashanticoffee.com/,Hamilton,grimsby,ON,accepted,
14th Coffee Co.,linktr.ee,"14451 Concession Rd 14, Essex, ON N8M 2X6",https://linktr.ee/14thCoffeeCo,Hamilton,grimsby,ON,accepted,
SEVEN MYSTERY,sevenmystery.com,"50 Weybright Ct #13, Scarborough, ON M1S 5A8",https://www.sevenmystery.com/,Hamilton,grimsby,ON,accepted,
Hummingbird Coffee Co.,hummingbirdcoffee.ca,"3521 Portage Rd Unit 2, Niagara Falls, ON L2J 2K5",https://www.hummingbirdcoffee.ca/,Hamilton,grimsby,ON,accepted,
Fair Grounds Organic Cafe & Roastery,fairgroundscoffee.ca,"3785 Lake Shore Blvd W, Etobicoke, ON M8W 3M6",http://fairgroundscoffee.ca/,Hamilton,grimsby,ON,accepted,
iDrinkCoffee.com,idrinkcoffee.com,"1-312 Alliance Rd, Milton, ON L9T 2V2",http://www.idrinkcoffee.com/,Hamilton,waterdown,ON,accepted,
Texas Coffee Traders Roastery,texascoffeetraders.com,"5815 Wilcab Rd, Austin, TX 78721",https://www.texascoffeetraders.com/,Austin,austin,TX,accepted,
Flat Track Coffee,flattrackcoffee.com,"1619 E Cesar Chavez St, Austin, TX 78702",http://flattrackcoffee.com/,Austin,austin,TX,accepted,
Rising Tide Roast Co,risingtideroastcollab.com,"1606 W Stassney Ln #2, Austin, TX 78745",http://www.risingtideroastcollab.com/,Austin,austin,TX,accepted,
Armadillo Coffee Roasters,armadilloroasters.com,"2711 Daisy Dr, Austin, TX 78727",https://www.armadilloroasters.com/,Austin,austin,TX,accepted,
Flora Coffee & Culture,floracoffee.co,"3300 W Anderson Ln. Suite 300, Austin, TX 78757",http://floracoffee.co/,Austin,austin,TX,accepted,
Figure 8 Coffee Purveyors Cafe & Roastery,figure8coffeepurveyors.com,"1111 Chicon St, Austin, TX 78702",http://www.figure8coffeepurveyors.com/,Austin,austin,TX,accepted,
Anderson's Coffee Co,andersonscoffee.com,"1601 W 38th St, Austin, TX 78731",https://andersonscoffee.com/,Austin,austin,TX,accepted,
Neighbor Coffee & Friends - Burnet,neighborcoffee.co,"5000 Burnet Rd, Austin, TX 78756",http://www.neighborcoffee.co/,Austin,austin,TX,accepted,
Wild Gift Coffee (fresh roasted coffee),wildgiftcoffee.com,"3100 A Industrial Terrace, Austin, TX 78758",http://www.wildgiftcoffee.com/,Austin,austin,TX,accepted,
Creature Coffee Catering,creaturecoffee.co,"2500 S Hwy 183 Bldg 2, Unit 240, Austin, TX 78744",https://creaturecoffee.co/,Austin,austin,TX,accepted,
Greater Goods Roasting Co.,greatergoodsroasting.com,"160 McGregor Ln, Dripping Springs, TX 78620",https://greatergoodsroasting.com/,Austin,austin,TX,accepted,
Spokesman Coffee,spokesmancoffee.com,"440 E St Elmo Rd A2, Austin, TX 78745",http://www.spokesmancoffee.com/,Austin,austin,TX,accepted,
Talisman Coffee Co.,talismancoffeeco.com,"5811 Manor Rd, Austin, TX 78723",https://www.talismancoffeeco.com/?fbclid=PAZXh0bgNhZW0CMTEAAaZh9Lkn2gZv4BemNqFXsGv7kREsI9bJb5Xp3ijqy4MPVYsN5UCTNct6XE0_aem_9m0hJCUmlLIeK_YzDNNnYQ,Austin,austin,TX,accepted,
Sightseer Coffee Bar,sightseercoffee.co,"1905 S 1st St, Austin, TX 78704",https://www.sightseercoffee.co/,Austin,austin,TX,accepted,
Tiny House Coffee Roasters,tinyhousecoffeeroasters.com,"120 Precision Dr, Buda, TX 78610",http://www.tinyhousecoffeeroasters.com/,Austin,austin,TX,accepted,
Malone Specialty Coffee,malonecoffee.com,"14735 Bratton Ln #210, Austin, TX 78728",http://www.malonecoffee.com/,Austin,austin,TX,accepted,
Desnudo Coffee: East Austin,desnudocoffee.com,"2505 Webberville Rd, Austin, TX 78702",http://www.desnudocoffee.com/,Austin,austin,TX,accepted,
Austin Roasting Company,austinroastingcompany.com,"962 State Hwy 71 Bldg 3, Bastrop, TX 78602",http://www.austinroastingcompany.com/,Austin,austin,TX,accepted,
Fleet Coffee,fleetcoffee.com,"2427 Webberville Rd, Austin, TX 78702",http://www.fleetcoffee.com/,Austin,austin,TX,accepted,
Texas Coffee Works,texascoffeeworks.com,"962 State Hwy 71 #103, Bastrop, TX 78602",https://texascoffeeworks.com/,Austin,austin,TX,accepted,
Merit Coffee,meritcoffee.com,"222 West Ave #120, Austin, TX 78701",http://www.meritcoffee.com/,Austin,austin,TX,accepted,
Little City Coffee Roasters,littlecity.com,"9709 Brown Ln suite f, Austin, TX 78754",http://littlecity.com/,Austin,austin,TX,accepted,
Palomino Coffee Roasters,palominocoffee.com,"2023 Airport Blvd, Austin, TX 78722",https://palominocoffee.com/,Austin,austin,TX,accepted,
Pulp Coffee Roasters,pulp.coffee,"503 Chestnut St, San Antonio, TX 78202",https://pulp.coffee/,Austin,austin,TX,accepted,
Trianon Coffee,trianoncoffee.com,"3654 Bee Caves Rd Ste A, Austin, TX 78746",http://trianoncoffee.com/,Austin,austin,TX,accepted,
Invader Coffee,invadercoffee.com,"4701 Hudson Bend Rd, Austin, TX 78734",http://www.invadercoffee.com/,Austin,austin,TX,accepted,
Mozart's Coffee Roasters,mozartscoffee.com,"3825 Lake Austin Blvd, Austin, TX 78703",https://mozartscoffee.com/,Austin,austin,TX,accepted,
Cuvee Coffee & Bar,cuveecoffee.com,"48 East Ave, Austin, TX 78701",https://www.cuveecoffee.com/,Austin,austin,TX,accepted,
Haciendo Coffee Roasters,haciendotx.com,"116 W 6th St, Taylor, TX 76574",http://haciendotx.com/,Austin,austin,TX,accepted,
Terrible Love,terriblelovecoffee.com,"3908 Avenue B, Austin, TX 78751",http://terriblelovecoffee.com/,Austin,austin,TX,accepted,
Radio Rosewood,radiocoffeeandbeer.com,"1115 E 11th St, Austin, TX 78702",https://www.radiocoffeeandbeer.com/,Austin,austin,TX,accepted,
Medici Roasting,mediciroasting.com,"2222 Guadalupe St B, Austin, TX 78705",https://mediciroasting.com/pages/guadalupe,Austin,austin,TX,accepted,
Houndstooth Coffee,houndstoothcoffee.com,"4200 N Lamar Blvd STE 120, Austin, TX 78756",http://www.houndstoothcoffee.com/?utm_source=google&utm_medium=organic&utm_campaign=googlebusiness,Austin,austin,TX,accepted,
Sun Burst Coffee,sunburstcoffee.com,"720 Bastrop Hwy, Austin, TX 78741",http://www.sunburstcoffee.com/,Austin,austin,TX,accepted,
Summer Moon Coffee,locations.summermooncoffee.com,"11005 Burnet Rd Ste 112, Austin, TX 78758",https://locations.summermooncoffee.com/locations/burnet-rd-austin/,Austin,austin,TX,accepted,
Doxa Coffee Roasters Monterey Oaks,doxacoffeeroasters.com,"4220 Monterey Oaks Blvd Suite 101, Austin, TX 78749",https://doxacoffeeroasters.com/,Austin,austin,TX,accepted,
Polyphonic Coffee,polyphonic.coffee,"12000 Menchaca Rd Building 2 Suite D, Austin, TX 78748",https://www.polyphonic.coffee/,Austin,austin,TX,accepted,
Lamppost Coffee,lamppost.coffee,"201 E Main St #101, Round Rock, TX 78664",http://www.lamppost.coffee/,Austin,round rock,TX,accepted,
Alamo Coffee Company,alamocoffee.com,"1021 Sendero Springs Dr, Round Rock, TX 78681",http://alamocoffee.com/,Austin,round rock,TX,accepted,
"Mojo Coffee, LLC",mojodrivethru.com,"3100 RM 1431 #100, Round Rock, TX 78681",http://www.mojodrivethru.com/,Austin,round rock,TX,accepted,
Dutch Bros Coffee,dutchbros.com,"117 Deer Ridge Dr, Round Rock, TX 78681",https://www.dutchbros.com/locations/tx/round-rock/117-deer-ridge-dr?y_source=1_MTA2NTA1NDEwOC03MTUtbG9jYXRpb24ud2Vic2l0ZQ%3D%3D,Austin,round rock,TX,accepted,
What's Brewing Coffee Roasters,sacoffeeroasters.com,"138 W Rhapsody Dr, San Antonio, TX 78216",http://www.sacoffeeroasters.com/,Austin,round rock,TX,accepted,
Black Rock Coffee Bar,br.coffee,"17220 Ranch to Market Rd 620, Round Rock, TX 78681",https://br.coffee/,Austin,round rock,TX,accepted,
Enduro Coffee Roasters,endurocoffee.com,"400 Oakhurst Scenic Dr, Fort Worth, TX 76111",http://www.endurocoffee.com/,Austin,round rock,TX,accepted,
Drinkle Coffee,drinklecoffee.com,"601 Conservation Dr, Austin, TX 78717",https://drinklecoffee.com/,Austin,round rock,TX,accepted,
Medina River Coffee Roasters,medinarivercoffee.com,"11825 West Ave Suite 101, San Antonio, TX 78216",http://www.medinarivercoffee.com/,Austin,round rock,TX,accepted,
Red Horn Coffee House and Tap Room,redhornbrew.com,"109 W 7th St #105, Georgetown, TX 78626",https://www.redhornbrew.com/,Austin,round rock,TX,accepted,
Van Zandt Coffee,vanzandtcoffee.com,"6353 State Hwy 19 N, Athens, TX 75752",http://www.vanzandtcoffee.com/,Austin,round rock,TX,accepted,
Addison Coffee Roasters,addisoncoffee.com,"15012 Beltway Dr, Addison, TX 75001",http://www.addisoncoffee.com/,Austin,round rock,TX,accepted,
Just Love Coffee Cafe - Georgetown,justlovecoffeecafe.com,"1013 W University Ave Suite 195, Georgetown, TX 78628",https://justlovecoffeecafe.com/tx-georgetown/,Austin,round rock,TX,accepted,
The Fairview,bluebonnetcoffee.com,"817 Chestnut St Suite 221, San Marcos, TX 78666",http://www.bluebonnetcoffee.com/the-fairview,Austin,san marcos,TX,accepted,
Archies Coffee Lounge,archiescoffee.com,"301 N LBJ Dr #119, San Marcos, TX 78666",https://archiescoffee.com/,Austin,san marcos,TX,accepted,
D's Roastery Coffee in Wimberley,dsroastery.com,"120 Joe Wimberley Blvd # 102, Wimberley, TX 78676",http://dsroastery.com/,Austin,san marcos,TX,accepted,
JoVi Coffee Roaster,joviroasters.com,"990 Rayford Rd Suite 110, Spring, TX 77386",http://www.joviroasters.com/,Austin,san marcos,TX,accepted,
US Roast,usroast.com,"1501 W Ferguson Rd, Mt Pleasant, TX 75455",http://usroast.com/,Austin,san marcos,TX,accepted,
Day Break Coffee Roasters,daybreak.coffee,"1403 Avenue F, Lubbock, TX 79401",https://daybreak.coffee/,Austin,san marcos,TX,accepted,
Gold Stripe Coffee Roasters,goldstripecoffee.com,"2610 Salem Ave Ste 5, Lubbock, TX 79410",http://goldstripecoffee.com/,Austin,san marcos,TX,accepted,
Tweed Coffee Roasters,tweedcoffee.com,"1355 Motor Cir, Dallas, TX 75207",http://www.tweedcoffee.com/,Austin,san marcos,TX,accepted,
Dark Ritual Coffee Roasters,darkritualcoffeetx.com,"112 Greenhill Ln Suite 110, Rockwall, TX 75087",https://www.darkritualcoffeetx.com/,Austin,san marcos,TX,accepted,
Third Wave Coffee,stores.thirdwavecoffeeroasters.com,"220, 9th Main Rd, 5th Block, Jayanagar, Bengaluru, Karnataka 560041, India",https://stores.thirdwavecoffeeroasters.com/store-pages/third-wave-coffee-jayanagar-bengaluru/,Austin,san marcos,TX,accepted,
Lion's Head Coffee Roastery,lionsheadcoffee.com,"205 Rostan Ct, Royse City, TX 75189",https://lionsheadcoffee.com/,Austin,san marcos,TX,accepted,
Vertere Coffee Roasters,verterecoffee.com,"22289 Ford Rd #200, Porter, TX 77365",http://www.verterecoffee.com/,Austin,san marcos,TX,accepted,
Neon Moon Coffee,neonmooncoffee.com,"12510 W Texas St, Burton, TX 77835",http://neonmooncoffee.com/,Austin,san marcos,TX,accepted,
YellowBand Coffee Roasters,yellowbandcoffee.com,"7001 W I-10 Access Rd Suite 117, San Antonio, TX 78213",http://www.yellowbandcoffee.com/,Austin,san marcos,TX,accepted,
Theory Coffee Company,theorycoffeeco.com,"2347 Nacogdoches Rd, San Antonio, TX 78209",http://www.theorycoffeeco.com/,Austin,san marcos,TX,accepted,
Flor de Café International Coffee Company,florcoffee.com,"215 Coca-Cola Pl #119, San Antonio, TX 78219",https://florcoffee.com/,Austin,san marcos,TX,accepted,
Iron Bridge Coffee Company (Home- Based Coffee Roasters),ironbridgecoffee.com,"2315 Hanover Dr, Waco, TX 76710",http://ironbridgecoffee.com/,Austin,san marcos,TX,accepted,
Quantum Coffee Roasters,quantumcoffeesa.com,"24188 Boerne Stage Rd, San Antonio, TX 78255",https://www.quantumcoffeesa.com/,Austin,san marcos,TX,accepted,
Estate Coffee Company,estatecoffeecompany.com,"1320 E Houston St a101, San Antonio, TX 78205",http://www.estatecoffeecompany.com/,Austin,san marcos,TX,accepted,
The Hermit Specialty Coffee,thehermitcafe.com,"3814 Acushnet Dr Suite 204, Corpus Christi, TX 78413",https://thehermitcafe.com/,Austin,pflugerville,TX,accepted,
107 Roasters & Cafe,107roasters.com,"512 SW 47th Ave, Amarillo, TX 79110",http://107roasters.com/,Austin,pflugerville,TX,accepted,
Barbarossa Coffee Roasters,barbarossacoffee.com,"9166 Farm to Market 2920 Suite 100, Tomball, TX 77375",http://www.barbarossacoffee.com/,Austin,pflugerville,TX,accepted,
Katï Coffee Roastery,katicoffee.com,"3871 E University Ave #195, Georgetown, TX 78626",https://www.katicoffee.com/,Austin,pflugerville,TX,accepted,
Waterloo Coffee Company,waterloocoffeecompany.com,"3309 W State Hwy 29, Georgetown, TX 78628",http://www.waterloocoffeecompany.com/,Austin,pflugerville,TX,accepted,
Forrest Coffee House,forrest.coffee,"103 Forrest St, Liberty Hill, TX 78642",https://forrest.coffee/,Austin,pflugerville,TX,accepted,
Kyoko Coffee,kyokocoffee.com,"6401 Airport Blvd, Austin, TX 78752",https://kyokocoffee.com/,Austin,pflugerville,TX,accepted,
White Box Roastery Co.,whiteboxroastery.com,"610 Elm St STE 1340, McKinney, TX 75069",https://whiteboxroastery.com/,Austin,georgetown,TX,accepted,
Boomtown Coffee,boomtowncoffee.com,"242 W 19th St, Houston, TX 77008",http://www.boomtowncoffee.com/,Austin,georgetown,TX,accepted,
Panera Bread,panerabread.com,"1050 W University Ave, Georgetown, TX 78628",https://www.panerabread.com/en-us/cafe/locations/tx/georgetown/1050-w-university-ave?utm_medium=local&utm_source=google&utm_campaign=dpm-dist&utm_term=606320&utm_content=main,Austin,georgetown,TX,accepted,
Third Gen Coffee,thirdgencoffee.com,"25136 Grogans Park Dr, The Woodlands, TX 77380",http://www.thirdgencoffee.com/,Austin,georgetown,TX,accepted,
ARWA YEMENI COFFEE,arwacoffee.com,"12301 W Parmer Ln Unit 206 Bldg 2, Cedar Park, TX 78613",http://www.arwacoffee.com/,Austin,georgetown,TX,accepted,
Blackwater Coffee Roasters,bwcroasters.com,"3204 Polk St, Houston, TX 77003",http://www.bwcroasters.com/,Austin,georgetown,TX,accepted,
Muscovy Coffee Roasters,muscovycoffee.com,"100 N Church St, Salado, TX 76571",https://www.muscovycoffee.com/,Austin,georgetown,TX,accepted,
Three Keys Coffee Bar,threekeyscoffeebar.com,"712 Main St, Houston, TX 77002",https://threekeyscoffeebar.com/,Austin,georgetown,TX,accepted,
Neon Belly Coffee & Bakery,neonbellycoffee.com,"8312 Burnet Rd Unit 101, Austin, TX 78757",https://neonbellycoffee.com/order-online,Austin,georgetown,TX,accepted,
Summer Moon,summermooncoffee.com,"133 Collective Wy, Leander, TX 78641",http://summermooncoffee.com/,Austin,leander,TX,accepted,
PJ's Coffee,locations.pjscoffee.com,"11620 Hero Way W, Leander, TX 78641",https://locations.pjscoffee.com/tx/leander/coffee-shop-tx0039.html,Austin,leander,TX,accepted,
Eiland Coffee Roasters,eilandcoffee.com,"532 N Interurban St, Richardson, TX 75081",http://www.eilandcoffee.com/,Austin,leander,TX,accepted,
Texas Grounds Coffee Company Roasters,texasgroundscoffee.com,"14359 Old Bandera Rd #3, Helotes, TX 78023",http://www.texasgroundscoffee.com/,Austin,leander,TX,accepted,
Cuppa Austin Coffee Shop,cuppaaustin.com,"9225 W Parmer Ln b101, Austin, TX 78717",http://cuppaaustin.com/,Austin,leander,TX,accepted,
Pineview Coffee Company,pineviewcoffee.com,"13805 Research Blvd, Austin, TX 78750",http://pineviewcoffee.com/,Austin,cedar park,TX,accepted,
Edison Coffee Co Roastery,edisoncoffeeco.com,"760 E Main St Suite 103, Lewisville, TX 75057",http://www.edisoncoffeeco.com/,Austin,cedar park,TX,accepted,
Katz Coffee,katzcoffee.com,"2400 Karbach St, Houston, TX 77092",http://www.katzcoffee.com/,Austin,cedar park,TX,accepted,
Qahwah House Coffee - Leander Austin,qahwahhouse.com,"14300 Ronald Reagan Blvd Suite 305 & 306, Leander, TX 78641",https://qahwahhouse.com/,Austin,cedar park,TX,accepted,
"Dumont Creamery & Cafe, Cedar Park",dumont.us,"601 W New Hope Dr Suite 106 Building 1, Cedar Park, TX 78613",http://www.dumont.us/,Austin,cedar park,TX,accepted,
Embrace The Grind BTX,embracethegrindbtx.com,"824 Main St, Buda, TX 78610",http://www.embracethegrindbtx.com/,Austin,buda,TX,accepted,
What's The Buzz Specialty Coffee,whatsthebuzzcoffee.com,"2511 Texas Ave, Bryan, TX 77802",https://www.whatsthebuzzcoffee.com/,Austin,buda,TX,accepted,
Overland Roast,overlandroast.com,"115 Crawford, Kyle, TX 78640",https://www.overlandroast.com/pages/contact,Austin,buda,TX,accepted,
"Nocona Coffee Roasters, LLC",noconacoffeeroasters.com,"Montague County, Nocona, TX 76255",http://noconacoffeeroasters.com/,Austin,buda,TX,accepted,
Big Bend Coffee Roasters,bigbendcoffeeroasters.com,"510 W San Antonio St, Marfa, TX 79843",http://bigbendcoffeeroasters.com/,Austin,buda,TX,accepted,
Golden Roastery,goldenroastery.store,"3111 Fondren Rd, Houston, TX 77063",https://goldenroastery.store/,Austin,buda,TX,accepted,
Martin Coffee Co,martincoffee.com,"1633 Marshall St, Jacksonville, FL 32206",http://www.martincoffee.com/,Jacksonville,Jacksonville,FL,accepted,
Setlan Coffee Co.,setlancoffee.com,"333 N Laura St, Jacksonville, FL 32202",http://setlancoffee.com/,Jacksonville,Jacksonville,FL,accepted,
Solune Coffee,solunecoffee.com,"2650 Rosselle St #3B, Jacksonville, FL 32204",http://www.solunecoffee.com/,Jacksonville,Jacksonville,FL,accepted,
Artessence Coffee Shop,artessencecoffee.com,"1505 N Main St, Jacksonville, FL 32206",http://www.artessencecoffee.com/,Jacksonville,Jacksonville,FL,accepted,
Bold Bean Coffee Roasters - Riverside,boldbeancoffee.com,"869 Stockton St, Jacksonville, FL 32204",https://boldbeancoffee.com/,Jacksonville,Jacksonville,FL,accepted,
Condaxis Coffee & Tea,condaxis.com,"1805 W Beaver St, Jacksonville, FL 32209",http://www.condaxis.com/,Jacksonville,Jacksonville,FL,accepted,
Jacksonville Coffee Company,jacksonvillecoffeecompany.com,"8221 Southside Blvd Space 7, Jacksonville, FL 32256",https://www.jacksonvillecoffeecompany.com/,Jacksonville,Jacksonville,FL,accepted,
Longroad Coffee Company,longroad.coffee,"633 Myrtle Ave N, Jacksonville, FL 32204",http://www.longroad.coffee/,Jacksonville,Jacksonville,FL,accepted,
Brass Tacks Coffee Co.,brasstackscoffee.com,"4352 Southside Blvd, Jacksonville, FL 32216",http://www.brasstackscoffee.com/,Jacksonville,Jacksonville,FL,accepted,
Vantage Point Coffee,vantagepointcoffee.com,"1301 Monument Rd # 21, Jacksonville, FL 32225",https://www.vantagepointcoffee.com/,Jacksonville,Jacksonville,FL,accepted,
Lucky Goat Coffee - Deerwood Park,luckygoatcoffee.com,"10618 Deerwood Park Blvd #1, Jacksonville, FL 32256",https://luckygoatcoffee.com/pages/deerwood-park,Jacksonville,Jacksonville,FL,accepted,
Haymaker Coffee Co,haymakercoffeeco.com,"25 N Market St, Jacksonville, FL 32202",http://www.haymakercoffeeco.com/,Jacksonville,Jacksonville,FL,accepted,
Bitty & Beau's Coffee,bittyandbeauscoffee.com,"1965 San Marco Blvd, Jacksonville, FL 32207",https://www.bittyandbeauscoffee.com/location/jacksonville/?utm_source=google&utm_medium=organic&utm_campaign=businessprofile,Jacksonville,Jacksonville,FL,accepted,
Orlando Coffee Roasters,orlandocoffeeroasters.com,"1401 W Gore St # 3, Orlando, FL 32805",http://www.orlandocoffeeroasters.com/,Jacksonville,Jacksonville,FL,accepted,
Strongtree Organic Coffee Roasters,strongtreecoffee.com,"125 NW 23rd Ave Suite 16, Gainesville, FL 32609",http://www.strongtreecoffee.com/,Jacksonville,Jacksonville,FL,accepted,
Lionrush | Specialty Coffee Roasters,lionrushcoffee.com,"13806 SW 142nd Ave STE 23, Miami, FL 33186",https://lionrushcoffee.com/,Jacksonville,Jacksonville,FL,accepted,
Palm Coffee Roasters,palmcoffeeroasters.com,"2238 Hayes St, Hollywood, FL 33020",https://www.palmcoffeeroasters.com/,Jacksonville,Jacksonville,FL,accepted,
Escondido Coffee Company - Wholesale Roaster,escondidospecialtycoffee.com,"5748 NE 4th Ave, Miami, FL 33137",https://www.escondidospecialtycoffee.com/,Jacksonville,Jacksonville,FL,accepted,
Look Alive Coffee,lookalivecoffee.com,"1920 1/2, 1st Ave S, St. Petersburg, FL 33712",https://lookalivecoffee.com/,Jacksonville,Jacksonville,FL,accepted,
Sweetwater Organic Coffee Co. (Wholesale & Online Retail),sweetwaterorganiccoffee.com,"1331 S Main St, Gainesville, FL 32601",http://www.sweetwaterorganiccoffee.com/,Jacksonville,Jacksonville,FL,accepted,
flamingo coffee,flamingocoffeeroasters.com,"1176 Edgewood Ave S STE 1, Jacksonville, FL 32205",http://www.flamingocoffeeroasters.com/,Jacksonville,Jacksonville,FL,accepted,
Java D'oro Gourmet Coffee Roasters,javadoro.com,"905 SE 14th Pl, Cape Coral, FL 33990",http://www.javadoro.com/,Jacksonville,Jacksonville,FL,accepted,
SOCIAL HOUSE COFFEE,socialhouse.co,"4204 Herschel St, Jacksonville, FL 32210",http://socialhouse.co/,Jacksonville,Jacksonville,FL,accepted,
Alla Prima Coffee Roaster,allaprimacoffee.com,"532 W Garden St, Pensacola, FL 32502",http://allaprimacoffee.com/,Jacksonville,Jacksonville,FL,accepted,
The Roasted Record Coffee and Vinyl,roastedrecord.com,"600 S Colorado Ave, Stuart, FL 34994",https://www.roastedrecord.com/,Jacksonville,Jacksonville,FL,accepted,
Screaming Peacock Coffee,screamingpeacockcoffee.com,"5 Sebastian Ave, St. Augustine, FL 32084",https://screamingpeacockcoffee.com/,Jacksonville,Jacksonville,FL,accepted,
WFM Coffee Bar,wholefoodsmarket.com,"10601 San Jose Blvd, Jacksonville, FL 32257",http://www.wholefoodsmarket.com/stores/jacksonville?utm_source=google&utm_medium=organic&utm_campaign=listings,Jacksonville,Jacksonville,FL,accepted,
Foxtail Coffee & Kelly's Homemade Ice Cream - Jacksonville Beach,foxtailcoffee.com,"300 Beach Blvd, Jacksonville Beach, FL 32250",https://www.foxtailcoffee.com/locations/foxtail-coffee-jacksonville-beach%2C-fl,Jacksonville,Jacksonville,FL,accepted,
Pura Bean Coffee Company,purabeancoffeeco.com,"14286 Beach Blvd #25, Jacksonville, FL 32250",http://www.purabeancoffeeco.com/,Jacksonville,Jacksonville,FL,accepted,
Refuel Coffee Co.,refuelcoffee.co,"35 Summerlin Ln Suite 108, St. Augustine, FL 32095",https://refuelcoffee.co/,Jacksonville,Jacksonville,FL,accepted,
First Coast Espresso,firstcoastespresso.com,"3653 Regent Blvd STE 203, Jacksonville, FL 32224",https://firstcoastespresso.com/,Jacksonville,Jacksonville,FL,accepted,
The Kookaburra Downtown,thekookaburracoffee.com,"18 Cathedral Pl, St. Augustine, FL 32084",http://www.thekookaburracoffee.com/,Jacksonville,Jacksonville,FL,accepted,
Café Nairobi,cafenairobi.com,"2120 Dennis St, Jacksonville, FL 32204",https://cafenairobi.com/,Jacksonville,Jacksonville,FL,accepted,
FirePower Coffee Roasters LLC,firepower.coffee,"322 FL-100, Keystone Heights, FL 32656",http://www.firepower.coffee/,Jacksonville,Jacksonville,FL,accepted,
Grumpy Goat Coffee Roastery,grumpygoat.com,"Causeway Commerce Park, 28280 Old 41 Rd Suite M-11, Bonita Springs, FL 34135",https://www.grumpygoat.com/,Jacksonville,Jacksonville,FL,accepted,
Ethos Coffee Roasters,ethosroasters.com,"132 Lake Beulah Dr, Lakeland, FL 33815",http://www.ethosroasters.com/,Jacksonville,Jacksonville,FL,accepted,
Roasted Rooster Coffee Company,roastedroostercoffeecompany.com,"450030 FL-200, Callahan, FL 32011",http://www.roastedroostercoffeecompany.com/,Jacksonville,Jacksonville,FL,accepted,
Stemma Craft Coffee,stemmacraftcoffee.com,"328 N Orange Ave, Orlando, FL 32801",http://stemmacraftcoffee.com/,Jacksonville,Jacksonville,FL,accepted,
Relámpago Coffee Lab,relampagocoffee.com,"74 Spanish St, St. Augustine, FL 32084",http://relampagocoffee.com/,Jacksonville,Jacksonville,FL,accepted,
A Cup of Joy Coffee,acupofjoycoffee.com,"600 Anastasia Blvd, St. Augustine, FL 32080",https://www.acupofjoycoffee.com/,Jacksonville,Jacksonville,FL,accepted,
DOS Coffee & Wine,dosbar.com,"300 San Marco Ave, St. Augustine, FL 32084",https://www.dosbar.com/,Jacksonville,Jacksonville,FL,accepted,
Beanz n’ Cream,beanzncream.com,"631 US-17, San Mateo, FL 32187",http://www.beanzncream.com/,Jacksonville,Jacksonville,FL,accepted,
Kismet Coffee,kismetcoffeefl.com,"5517 S Fletcher Ave, Fernandina Beach, FL 32034",https://kismetcoffeefl.com/,Jacksonville,Jacksonville,FL,accepted,
Island Roasters Coffee Company,islandroasterscoffeecompany.com,"398 Causeway N, New Smyrna Beach, FL 32169",http://www.islandroasterscoffeecompany.com/,Jacksonville,Jacksonville,FL,accepted,
Floridian Coffee Roasters,floridiancoffeeroasters.com,"5015 Georgia Ave, West Palm Beach, FL 33405",https://www.floridiancoffeeroasters.com/,Jacksonville,Jacksonville,FL,accepted,
Dunkin',locations.dunkindonuts.com,"1954 S 8th St, Fernandina Beach, FL 32034",https://locations.dunkindonuts.com/en/fl/fernandina-beach/1954-s-8th-st/352643?utm_source=google&utm_medium=local&utm_campaign=localmaps&utm_content=352643&y_source=1_MTIxMDkyNTQtNzE1LWxvY2F0aW9uLndlYnNpdGU%3D,Jacksonville,Jacksonville,FL,accepted,
Juniper Mountain Coffee,junipermountaincoffee.com,"3700 N, 3700 US-1, Cocoa, FL 32926",https://www.junipermountaincoffee.com/,Jacksonville,Jacksonville,FL,accepted,
Grumpy Man Coffee Roasters,grumpymancoffee.com,"7754 Okeechobee Blvd, West Palm Beach, FL 33411",http://www.grumpymancoffee.com/,Jacksonville,Jacksonville,FL,accepted,
Black Cat Coffee,blackcatcoffee.net,"3355 Foley Rd, Titusville, FL 32780",http://blackcatcoffee.net/,Jacksonville,Jacksonville,FL,accepted,
Trilogy Coffee Roasting Co,trilogycoffee.com,"136 W Georgia Ave, DeLand, FL 32720",https://trilogycoffee.com/,Jacksonville,Jacksonville,FL,accepted,
D.O.D. Coffee Roastery,dodcoffeeroastery.com,"12543 Ulmerton Rd, Largo, FL 33774",http://www.dodcoffeeroastery.com/,Jacksonville,Jacksonville,FL,accepted,
Deke's in Delray,dekesindelray.com,"6 NE 5th Ave, Delray Beach, FL 33483",http://www.dekesindelray.com/,Jacksonville,Jacksonville,FL,accepted,
Apocalypse Coffee Roasters,apocalypsecoffee.com,"454 N Harbor City Blvd, Melbourne, FL 32935",https://apocalypsecoffee.com/,Jacksonville,Jacksonville,FL,accepted,
Otus Coffee - Roasting Facility,otus.coffee,"1401 Beulah Rd Suite 118, Winter Garden, FL 34787",http://otus.coffee/,Jacksonville,Jacksonville,FL,accepted,
Z Beans Coffee - Orange Park Hospital,zbeanscoffee.com,"2001 Kingsley Ave, Orange Park, FL 32073",https://www.zbeanscoffee.com/pages/orange-park-hospital,Jacksonville,Jacksonville,FL,accepted,
Spring Park Coffee,springparkcoffee.com,"328 Ferris St, Green Cove Springs, FL 32043",http://www.springparkcoffee.com/,Jacksonville,Jacksonville,FL,accepted,
Citrus Coffee,citruscoffee.com,"141 N Hwy 27, Clermont, FL 34711",https://citruscoffee.com/,Jacksonville,Jacksonville,FL,accepted,
Gasparilla Roasting,gasparillaroasting.com,"3374 N Access Rd, Englewood, FL 34224",http://www.gasparillaroasting.com/,Jacksonville,Jacksonville,FL,accepted,
Golden Hills Coffee Roasters,goldenhillscoffee.com,"1510 Max Hooks Rd Ste D, Groveland, FL 34736",http://goldenhillscoffee.com/,Jacksonville,Jacksonville,FL,accepted,
Maas Coffee Roasters Destin,maas.coffee,"4014 Commons Dr W STE 102, Destin, FL 32541",http://maas.coffee/,Jacksonville,Jacksonville,FL,accepted,
Lineage Coffee Roasting,lineageroasting.com,"3201 Corrine Dr, Orlando, FL 32803",http://www.lineageroasting.com/,Jacksonville,Jacksonville,FL,accepted,
Lobos Coffee Roasters,loboscoffeeroasters.com,"3000 Corrine Dr, Orlando, FL 32803",http://www.loboscoffeeroasters.com/,Jacksonville,Jacksonville,FL,accepted,
Haven Coffee Roasters,havencoffeeroaster.com,"140 3rd St SW, Winter Haven, FL 33880",http://havencoffeeroaster.com/,Jacksonville,Jacksonville,FL,accepted,
Doing Work Coffee Shop & Roaster,doingworkcoffee.com,"335 Duval St suite c, Key West, FL 33040",https://doingworkcoffee.com/,Jacksonville,Jacksonville,FL,accepted,
"Gem City Coffee, Inc.",gemcitycoffeeinc.com,"Satsuma, FL 32189",http://gemcitycoffeeinc.com/,Jacksonville,Jacksonville,FL,accepted,
Allcoffee,allcoffee.com,"12815 NW 45th Ave #6b, Opa-locka, FL 33054",http://www.allcoffee.com/,Jacksonville,Jacksonville,FL,accepted,
Artizan Coffee Roasters,artizancoffee.com,"4350 Oakes Rd Suite 518, Davie, FL 33314",https://www.artizancoffee.com/,Jacksonville,Jacksonville,FL,accepted,
Patriot Coffee Roasters,patriotcraftcoffee.com,"1117 Florida Ave S STE 105, Lakeland, FL 33803",https://patriotcraftcoffee.com/,Jacksonville,Jacksonville,FL,accepted,
Opus Coffee - Airstream,opuscoffee.com,"403 SW 4th Ave, Gainesville, FL 32601",http://opuscoffee.com/,Jacksonville,Jacksonville,FL,accepted,
O&M Coffee,oandmcoffee.net,"2543 Acorn Creek Rd, Green Cove Springs, FL 32043",https://www.oandmcoffee.net/?utm_source=google&utm_medium=wix_google_business_profile&utm_campaign=18146080037468291491,Jacksonville,Jacksonville,FL,accepted,
Sun Bear Specialty Coffee Roasters,sunbearspecialtycoffeeroasters.com,"1037 Central Ave, St. Petersburg, FL 33701",https://sunbearspecialtycoffeeroasters.com/,Jacksonville,Jacksonville,FL,accepted,
Coffee Latitudes Cafe & Roastery,coffeelatitudes.com,"6431 E County Line Rd #110, Tampa, FL 33647",http://www.coffeelatitudes.com/,Jacksonville,Jacksonville,FL,accepted,
Leatherback Roasters,leatherbackroasters.com,"1335 Bennett Dr #125, Longwood, FL 32750",http://leatherbackroasters.com/,Jacksonville,Jacksonville,FL,accepted,
Java Planet Organic Coffee Roasters,jporganiccoffee.com,"10160 Suite B Fisher Ave, Tampa, FL 33619",http://jporganiccoffee.com/,Jacksonville,Jacksonville,FL,accepted,
Farmer Brothers,farmerbros.com,"3230 US-17 N, Green Cove Springs, FL 32043",https://www.farmerbros.com/blog/branches/orlando-fl/,Jacksonville,Jacksonville,FL,accepted,
Spill the Beans Co.,spillthebeansco.com,"406 Pine St, Leesburg, FL 34748",https://www.spillthebeansco.com/,Jacksonville,Jacksonville,FL,accepted,
Elevation Coffee Roasters,linktr.ee,"4952 Northdale Blvd #101, Greater Northdale, FL 33624",https://linktr.ee/elev8coffee,Jacksonville,Jacksonville,FL,accepted,
Zeal Coffee Roasters,zealcoffeeroasters.com,"1703 W State St, Tampa, FL 33603",http://zealcoffeeroasters.com/,Jacksonville,Jacksonville,FL,accepted,
Maple Street Biscuit Company - Fleming Island,maplestreetbiscuits.com,"1960 E West Pkwy Suite 103, Fleming Island, FL 32003",https://www.maplestreetbiscuits.com/?olonwp=JjBtp_vMLk25gkYh_bnoiQ,Jacksonville,Jacksonville,FL,accepted,
Inheritance Coffee,inheritancecoffee.com,"515 E Fairfield Dr, Pensacola, FL 32503",https://inheritancecoffee.com/,Jacksonville,Jacksonville,FL,accepted,
Stocking Mill Coffee,stockingmillcoffee.com,"1500 S Atlantic Ave, Daytona Beach, FL 32118",https://stockingmillcoffee.com/,Jacksonville,Jacksonville,FL,accepted,
Maas Coffee Roasters,maascoffeeroasters.com,"150 Miracle Strip Pkwy SE, Fort Walton Beach, FL 32548",https://www.maascoffeeroasters.com/,Jacksonville,Jacksonville,FL,accepted,
Eagle Specialty Coffee,eaglespecialtycoffee.com,"1519 NE Pine Island Rd Suite 110, Cape Coral, FL 33909",http://www.eaglespecialtycoffee.com/,Jacksonville,Jacksonville,FL,accepted,
Good Folks Coffee,goodfolkscoffee.com,"1151 S Shelby St, Louisville, KY 40203",http://goodfolkscoffee.com/,Louisville,Louisville,KY,accepted,
Ithmah Coffee Roaster,ithmahcoffee.com,"2425 Portland Ave Unit 2, Louisville, KY 40212",https://ithmahcoffee.com/,Louisville,Louisville,KY,accepted,
Sunergos Coffee,sunergoscoffee.com,"1647 Norris Pl, Louisville, KY 40205",http://www.sunergoscoffee.com/,Louisville,Louisville,KY,accepted,
West Lou Coffee,westloucoffee.com,"1821R W Broadway, Louisville, KY 40203",http://westloucoffee.com/,Louisville,Louisville,KY,accepted,
Every Tribe Coffee,everytribecoffee.com,"11700 Commonwealth Dr #100, Louisville, KY 40299",https://www.everytribecoffee.com/,Louisville,Louisville,KY,accepted,
Fante's Coffeehouse And Private Label Coffee Roasters,fantescoffee.com,"2501 Grinstead Dr, Louisville, KY 40206",http://www.fantescoffee.com/,Louisville,Louisville,KY,accepted,
Goldie's,goldieslouisville.com,"829 E Market St Suite A, Louisville, KY 40206",https://www.goldieslouisville.com/,Louisville,Louisville,KY,accepted,
Quills Coffee,quillscoffee.com,"10501 Watterson Trail, Louisville, KY 40299",http://www.quillscoffee.com/,Louisville,Louisville,KY,accepted,
Red Hot Roasters,redhotroasters.com,"1399 Lexington Rd, Louisville, KY 40206",http://www.redhotroasters.com/,Louisville,Louisville,KY,accepted,
La Grange Coffee Roasters,lagrangecoffeeroasters.com,"110 E Main St, La Grange, KY 40031",http://lagrangecoffeeroasters.com/,Louisville,Louisville,KY,accepted,
Blackbeard Espresso,blackbeardespresso.com,"718 W Main St, Louisville, KY 40202",http://www.blackbeardespresso.com/,Louisville,Louisville,KY,accepted,
Safai Coffee Shop,safaicoffee.shop,"1707 Bardstown Rd, Louisville, KY 40205",https://www.safaicoffee.shop/,Louisville,Louisville,KY,accepted,
Heine Brothers Coffee - MidCity Mall/The Highlands,heinebroscoffee.com,"1250 Bardstown Rd, Louisville, KY 40204",http://www.heinebroscoffee.com/,Louisville,Louisville,KY,accepted,
Bayt Al mocha Mocha House,baytalmocha.com,"327 W Cardinal Blvd, Louisville, KY 40208",https://baytalmocha.com/,Louisville,Louisville,KY,accepted,
Royal Cup Coffee,royalcupcoffee.com,"1118 Quality Choice Pl, Louisville, KY 40210",https://www.royalcupcoffee.com/,Louisville,Louisville,KY,accepted,
Under the Oak Tree Coffee Roasters,undertheoaktreecoffee.com,"324 Jake Dr, Rineyville, KY 40162",http://undertheoaktreecoffee.com/,Louisville,Louisville,KY,accepted,
4th Level Roasters,4thlevelroasters.com,"381 United Ct #2, Lexington, KY 40509",http://4thlevelroasters.com/,Louisville,Louisville,KY,accepted,
Dry Stack Coffee Roastery + Coffee Bar,drystackcoffee.com,"219 W Main St, Danville, KY 40422",http://www.drystackcoffee.com/,Louisville,Louisville,KY,accepted,
Archer and Company Roasters,archerroasters.com,"1720 Petersburg Rd Suite 2, Hebron, KY 41048",https://archerroasters.com/,Louisville,Louisville,KY,accepted,
Creative Coffees Roastery,creativecoffees.com,"2000 Fortune Dr, Winchester, KY 40391",http://www.creativecoffees.com/,Louisville,Louisville,KY,accepted,
Big Turkey Foot Coffee,bigturkeyfoot.com,"1738 Moseley St Suite A, Owensboro, KY 42303",http://www.bigturkeyfoot.com/,Louisville,Louisville,KY,accepted,
Campfire Roasters: Express,campfireroasters.net,"1060 Margaret Ct, Madisonville, KY 42431",https://www.campfireroasters.net/,Louisville,Louisville,KY,accepted,
Gene's Beans Coffee Co.,genesbeanscoffee.com,"1738 Moseley St, Owensboro, KY 42303",https://genesbeanscoffee.com/,Louisville,Louisville,KY,accepted,
Yokefellow Coffee Roasters,yokefellowcoffeeroasters.com,"614 E Dixie Ave, Elizabethtown, KY 42701",https://www.yokefellowcoffeeroasters.com/,Louisville,Louisville,KY,accepted,
Tuscan Hills Coffee Company,tuscanhillscoffee.com,"111 Roberts Rd, Campbellsville, KY 42718",https://www.tuscanhillscoffee.com/,Louisville,Louisville,KY,accepted,
Strata Coffee Roasting,stratacoffeeroasting.com,No address provided,https://stratacoffeeroasting.com/contactus,Louisville,Louisville,KY,accepted,
Nate's Coffee Wholesale,natescoffee.com,"949 National Ave Suite 104, Lexington, KY 40502",http://natescoffee.com/,Louisville,Louisville,KY,accepted,
South Fork Coffee Company,southforkcoffeeco.com,"975 KY-910, Liberty, KY 42539",https://www.southforkcoffeeco.com/contact,Louisville,Louisville,KY,accepted,
Magic Beans Coffee Roasters,magicbeanscoffee.com,"501 W 6th St, Lexington, KY 40508",http://magicbeanscoffee.com/,Louisville,Louisville,KY,accepted,
Hos Coffee,hoscoffee.com,"1207 Highland Ave, Carrollton, KY 41008",https://hoscoffee.com/,Louisville,Louisville,KY,accepted,
Artisan Roast Broughton street,artisanroast.co.uk,"57 Broughton St, Edinburgh EH1 3RJ, United Kingdom",http://www.artisanroast.co.uk/,Louisville,Louisville,KY,accepted,
Respawn Coffee Company,respawncoffeecompany.com,"208 Segler Dr, Oak Grove, KY 42262",https://www.respawncoffeecompany.com/,Louisville,Louisville,KY,accepted,
Ridley Roasthouse,ridleyroasthouse.com,"400 E Main Ave #110, Bowling Green, KY 42101",http://ridleyroasthouse.com/,Louisville,Louisville,KY,accepted,
Ace Coffee Co,acecoffeecafe.com,"203 Broadway St, Cave City, KY 42127",http://www.acecoffeecafe.com/,Louisville,Louisville,KY,accepted,
BIGGBY COFFEE,biggby.com,"1263 Mt Eden Rd, Shelbyville, KY 40065",https://biggby.com/,Louisville,Louisville,KY,accepted,
Analog Coffee Bar,carabellocoffee.com,"107 E 9th St, Newport, KY 41071",https://www.carabellocoffee.com/pages/analog,Louisville,Louisville,KY,accepted,
Unify Coffee Co,unifycoffee.co,"121 Bethel Harvest Dr, Nicholasville, KY 40356",https://unifycoffee.co/,Louisville,Louisville,KY,accepted,
Albunn Coffee House,albunncoffee.com,"333 East Ave, Rochester, NY 14604",https://albunncoffee.com/,Rochester,Rochester,NY,accepted,
Joe Bean Roasters,joebeanroasters.com,"565 Blossom Rd e1, Rochester, NY 14610",http://www.joebeanroasters.com/,Rochester,Rochester,NY,accepted,
Evening Star Coffee Roasters- Coffee Service & Coffee Roastery,eveningstarcoffeeroasters.com,"5700 Tec Dr, Avon, NY 14414",http://www.eveningstarcoffeeroasters.com/,Rochester,Rochester,NY,accepted,
Ink Wtr Coffee Roasters,inkwtr.com,"1150 University Ave, Rochester, NY 14607",http://inkwtr.com/,Rochester,Rochester,NY,accepted,
Java's Coffee Roasters,javascafe.com,"65 Pennsylvania Ave, Rochester, NY 14609",http://javascafe.com/,Rochester,Rochester,NY,accepted,
Fuego Coffee Roasters,fuegocoffee.com,"1 Woodbury Blvd, Rochester, NY 14604",http://www.fuegocoffee.com/,Rochester,Rochester,NY,accepted,
Layali Coffee House,layalicoffeehouse.com,"942 Jefferson Rd, Rochester, NY 14623",http://layalicoffeehouse.com/,Rochester,Rochester,NY,accepted,
Finger Lakes Coffee Roasters,fingerlakescoffee.com,"6081 NY-96, Farmington, NY 14425",https://fingerlakescoffee.com/,Rochester,Rochester,NY,accepted,
Elvio's Coffee,elvioscoffee.com,"1350 Empire Blvd, Rochester, NY 14609",https://www.elvioscoffee.com/,Rochester,Rochester,NY,accepted,
New City Cafe & Roastery,newcityroc.com,"441 Parsells Ave, Rochester, NY 14609",https://www.newcityroc.com/,Rochester,Rochester,NY,accepted,
Equal Grounds Community Cafe,equalgroundscafe.com,"750 South Ave, Rochester, NY 14620",http://www.equalgroundscafe.com/,Rochester,Rochester,NY,accepted,
Simple Roast Coffee - East,simpleroastcoffee.com,"360 Grant Ave, Auburn, NY 13021",http://www.simpleroastcoffee.com/,Rochester,Rochester,NY,accepted,
Leaf & Bean Coffee Co,leafandbeancoffeeco.com,"3240 Chili Ave B1, Rochester, NY 14624",https://www.leafandbeancoffeeco.com/,Rochester,Rochester,NY,accepted,
"Java Junction Coffee Roasters, Bakery & Restaurant",javajunction.cafe,"56 Main St S, Brockport, NY 14420",https://javajunction.cafe/,Rochester,Rochester,NY,accepted,
Amity Coffee Co.,amitycoffee.co,"3 Main St, Penn Yan, NY 14527",http://amitycoffee.co/,Rochester,Rochester,NY,accepted,
Forty Weight Coffee Roasters,fortyweightcoffee.cafe,"770 Cascadilla St, Ithaca, NY 14850",http://fortyweightcoffee.cafe/,Rochester,Rochester,NY,accepted,
"JAVA-GOURMET Company Store, Black Cat Bistro, Keuka Lake Coffee Roasters, and Seneca Salt Company",java-gourmet.com,"2808 NY-54A, Penn Yan, NY 14527",https://java-gourmet.com/,Rochester,Rochester,NY,accepted,
Off the Trail Coffee Company,offthetrailcoffeeco.com,"4545 Witherden Rd, Marion, NY 14505",https://www.offthetrailcoffeeco.com/,Rochester,Rochester,NY,accepted,
New Day Coffee Roasters,newdaycoffeeroasters.com,"3046 Niagara Falls Blvd, North Tonawanda, NY 14120",http://newdaycoffeeroasters.com/,Rochester,Rochester,NY,accepted,
Adirondack Coffee Roasters,adkcoffeeroasters.com,"373 State Rte 3 Suite 1, Plattsburgh, NY 12901",http://www.adkcoffeeroasters.com/,Rochester,Rochester,NY,accepted,
Georgio's Coffee Roasters,georgioscoffee.com,"1965 New Hwy, Farmingdale, NY 11735",http://www.georgioscoffee.com/,Rochester,Rochester,NY,accepted,
Unique Coffee Roasters,uniquecoffeeroasters.com,"3075 Richmond Ter, Staten Island, NY 10303",http://www.uniquecoffeeroasters.com/,Rochester,Rochester,NY,accepted,
Gloria Jean's Coffees,gloriajeans.com,"420 Greece Ridge Center Dr, Rochester, NY 14626",https://www.gloriajeans.com/,Rochester,Rochester,NY,accepted,
Stedman Corners Coffee Roasters,stedmancoffee.com,"169 W Fairmount Ave, Lakewood, NY 14750",https://www.stedmancoffee.com/,Rochester,Rochester,NY,accepted,
Recess Coffee Westcott,recesscoffee.com,"110 Harvard Pl, Syracuse, NY 13210",http://recesscoffee.com/,Rochester,Rochester,NY,accepted,
"Oak Hill Bulk Foods, Inc.",oakhillbulkfoods.com,"3173 NY-14A, Penn Yan, NY 14527",http://oakhillbulkfoods.com/,Rochester,Rochester,NY,accepted,
Whole Latte Love,wholelattelove.com,"2200 Brighton Henrietta Town Line Rd, Rochester, NY 14623",http://www.wholelattelove.com/,Rochester,Rochester,NY,accepted,
McCullagh Coffee,mccullaghcoffee.com,"245 Swan St, Buffalo, NY 14204",http://www.mccullaghcoffee.com/,Rochester,Rochester,NY,accepted,
Goodrich Coffee & Tea,goodrichcoffee.com,"9450 Main St, Clarence, NY 14031",http://www.goodrichcoffee.com/,Rochester,Rochester,NY,accepted,
"Origin Coffee Co. | Saranac Lake, NY",origincoffeeadk.com,"77 Main St, Saranac Lake, NY 12983",http://www.origincoffeeadk.com/,Rochester,Rochester,NY,accepted,
Partners Coffee - North 6 Street Williamsburg,partnerscoffee.com,"125 N 6th St, Brooklyn, NY 11249",http://www.partnerscoffee.com/,Rochester,Rochester,NY,accepted,
Old Mountain Coffee Company,oldmountaincoffee.com,"1767 NY-73, Keene Valley, NY 12943",http://oldmountaincoffee.com/,Rochester,Rochester,NY,accepted,
Coffee Project New York | Fort Greene,coffeeprojectny.com,"78 Rockwell Pl, Brooklyn, NY 11217",https://coffeeprojectny.com/?utm_source=google&utm_medium=organic&utm_campaign=gmb_bk,Rochester,Rochester,NY,accepted,
Dear Mama,dearmamacoffee.com,"611 W 129th St, New York, NY 10027",http://www.dearmamacoffee.com/,Rochester,Rochester,NY,accepted,
Premium Coffee Company,premiumcoffeeco.com,"2510 Hamburg Turnpike, Buffalo, NY 14218",http://premiumcoffeeco.com/,Rochester,Rochester,NY,accepted,
Untold Coffee Lab,untoldcoffeelab.com,"2200 Brighton Henrietta Town Line Rd, Rochester, NY 14623",https://untoldcoffeelab.com/,Rochester,Rochester,NY,accepted,
Greater Things Roasters,greaterthingsroasters.com,"10 Hope Plaza, West Coxsackie, NY 12192",http://www.greaterthingsroasters.com/,Rochester,Rochester,NY,accepted,
:3Coffee | Flatiron,3coffeeroasters.com,"29 W 21st St, New York, NY 10010",https://www.3coffeeroasters.com/shop/,Rochester,Rochester,NY,accepted,
Coffee & Stone,coffeeandstone.com,"54 Webster St, North Tonawanda, NY 14120",https://www.coffeeandstone.com/,Rochester,Rochester,NY,accepted,
Bear Mountain Coffee Roasters,bearmountaincoffeeroasters.com,"100 Bucks Hollow Rd, Mahopac, NY 10541",https://www.bearmountaincoffeeroasters.com/,Rochester,Rochester,NY,accepted,
Double Barrel Roasters,doublebarrelroasters.com,"1025 Saw Mill River Rd, Yonkers, NY 10710",https://www.doublebarrelroasters.com/contact/,Rochester,Rochester,NY,accepted,
"Jockey Street Coffee Roasters, LLC",jockeystreetcoffee.com,"9703 NY-19, Houghton, NY 14744",http://www.jockeystreetcoffee.com/,Rochester,Rochester,NY,accepted,
St. Drogo's Coffee & Bake House,saintdrogoscoffee.com,"7514 S State St, Lowville, NY 13367",https://www.saintdrogoscoffee.com/?utm_source=google&utm_medium=wix_google_business_profile&utm_campaign=11233566835924521391,Rochester,Rochester,NY,accepted,
Craft Coffee House,craftcoffeehousewny.com,"6612 Campbell Blvd, Lockport, NY 14094",https://www.craftcoffeehousewny.com/,Rochester,Rochester,NY,accepted,
North Star Cafe,northstarcafe.org,"92 S Main St, Canandaigua, NY 14424",https://www.northstarcafe.org/,Rochester,Rochester,NY,accepted,
Upstate Coffee,upstatecoffee.com,"50 Elmwood Ave, Gloversville, NY 12078",http://www.upstatecoffee.com/,Rochester,Rochester,NY,accepted,
Felix Roasting Co.,felixroastingco.com,"525 Greenwich St, New York, NY 10013",http://www.felixroastingco.com/,Rochester,Rochester,NY,accepted,
Kings Coast Coffee Company,kingscoastcoffee.com,"55 Carlough Rd, Bohemia, NY 11716",http://kingscoastcoffee.com/,Rochester,Rochester,NY,accepted,
St Kilda Coffee,stkildacoffee.com,"328 W 44th St, New York, NY 10036",http://stkildacoffee.com/,Rochester,Rochester,NY,accepted,
Pelicano Coffee Co.,pelicanocoffee.com,"15 Lewes Rd, Brighton and Hove, Brighton BN2 3HP, United Kingdom",http://www.pelicanocoffee.com/,Rochester,Rochester,NY,accepted,
The Roastery by Trading Post,tradingpostcoffee.co.uk,"13-14 Sydney St, Brighton and Hove, Brighton BN1 4EN, United Kingdom",http://www.tradingpostcoffee.co.uk/,Rochester,Rochester,NY,accepted,
Small Batch Coffee Roasters - Roastery & Cafe,smallbatchcoffeeroasters.co.uk,"Unit 7, Wellington House, Camden St, Brighton and Hove, Brighton BN41 1DU, United Kingdom",https://smallbatchcoffeeroasters.co.uk/,Rochester,Rochester,NY,accepted,
Whole Foods Market,wholefoodsmarket.com,"2740 Monroe Ave, Rochester, NY 14618",https://www.wholefoodsmarket.com/stores/rochester?utm_source=google&utm_medium=organic&utm_campaign=listings,Rochester,Rochester,NY,accepted,
Undergrounds Coffee House and Roastery,undergroundscoffeebuffalo.com,"580 South Park Ave, Buffalo, NY 14210",http://www.undergroundscoffeebuffalo.com/,Rochester,Rochester,NY,accepted,
"J.René Coffee Roasters, LLC",jrenecoffee.com,"320 Park Rd, West Hartford, CT 06119",http://jrenecoffee.com/,Hartford,Hartford,CT,accepted,
Victus Coffee,victuscoffee.com,"777 Main St, Hartford, CT 06103",http://victuscoffee.com/,Hartford,Hartford,CT,accepted,
Ovelle Coffee,ovellecoffee.com,"10 Love Ln #5-109, Hartford, CT 06112",http://www.ovellecoffee.com/,Hartford,Hartford,CT,accepted,
Those Guys Coffee Co.,thoseguys.coffee,"8 Wickett St, Pine Meadow, CT 06061",https://thoseguys.coffee/,Hartford,Hartford,CT,accepted,
Perkatory Coffee Roasters,perkatoryroasters.com,"625 New Park Ave # H, West Hartford, CT 06110",http://www.perkatoryroasters.com/,Hartford,Hartford,CT,accepted,
Alvarium Roasting Company at GastroPark,alvariumbeer.com,"637 New Park Ave, West Hartford, CT 06110",http://alvariumbeer.com/coffee,Hartford,Hartford,CT,accepted,
Drumroll Coffee Roasters,drumrollcoffeeroasters.com,"57 Wells Rd, Wethersfield, CT 06109",https://www.drumrollcoffeeroasters.com/,Hartford,Hartford,CT,accepted,
Omar Coffee Company,omarcoffee.com,"41 Commerce Ct, Newington, CT 06111",https://www.omarcoffee.com/,Hartford,Hartford,CT,accepted,
Sound Coffee Roastery,soundcoffees.com,"2040 Main St, Bridgeport, CT 06604",http://soundcoffees.com/,Hartford,Hartford,CT,accepted,
EB Coffee Roasters,ebcoffeeroasting.com,"250 Willimantic Rd, Chaplin, CT 06235",http://ebcoffeeroasting.com/,Hartford,Hartford,CT,accepted,
Saccuzzo Coffee Company,saccuzzo.com,"149 Louis St, Newington, CT 06111",https://www.saccuzzo.com/,Hartford,Hartford,CT,accepted,
Redding Roasters,reddingroasters.com,"81 Greenwood Ave #1, Bethel, CT 06801",https://www.reddingroasters.com/,Hartford,Hartford,CT,accepted,
Krafted Brew Lab,kraftedbrewlab.com,"725 Bantam Rd, Bantam, CT 06750",http://www.kraftedbrewlab.com/,Hartford,Hartford,CT,accepted,
Shearwater Organic Coffee Roasters,shearwatercoffeeroasters.com,"100 Corporate Dr UNIT B106, Trumbull, CT 06611",http://www.shearwatercoffeeroasters.com/,Hartford,Hartford,CT,accepted,
Baronet Coffee Inc,baronetcoffee.com,"701 Marshall Phelps Rd, Windsor, CT 06095",https://www.baronetcoffee.com/,Hartford,Hartford,CT,accepted,
Daybreak Coffee Roasters,daybreakcoffee.com,"2377 Main St, Glastonbury, CT 06033",http://www.daybreakcoffee.com/,Hartford,Hartford,CT,accepted,
Giv Coffee,givcoffee.com,"194 Albany Turnpike, Canton, CT 06019",http://givcoffee.com/,Hartford,Hartford,CT,accepted,
Roastmasters.com,roastmasters.com,"550 E Main St, Branford, CT 06405",https://www.roastmasters.com/,Hartford,Hartford,CT,accepted,
Deep River Roasters,deepriverroasters.com,"159 Main St, Deep River, CT 06417",http://www.deepriverroasters.com/,Hartford,Hartford,CT,accepted,
Silk City Coffee,silkcitycoffee.com,"763 Main St, Manchester, CT 06040",http://silkcitycoffee.com/,Hartford,Hartford,CT,accepted,
Rebel Dog Coffee Co. EAST HARTFORD,rebeldogcoffeeco.com,"361 Main St, East Hartford, CT 06118",https://www.rebeldogcoffeeco.com/,Hartford,Hartford,CT,accepted,
PROOF Coffee Roasters,proof.coffee,"200 Commons Park S, Stamford, CT 06902",http://www.proof.coffee/,Hartford,Hartford,CT,accepted,
WeHa Brewing & Roasting Company,wehabrewing.com,"141 Shield St, West Hartford, CT 06110",http://www.wehabrewing.com/,Hartford,Hartford,CT,accepted,
Ashlawn Farm Coffee (the cafe),farmcoffee.com,"455 Boston Post Rd #1, Old Saybrook, CT 06475",http://farmcoffee.com/,Hartford,Hartford,CT,accepted,
Nero Kitchen by Caffè Nero,caffenero.com,"13 S Main St, West Hartford, CT 06107",https://www.caffenero.com/us/,Hartford,Hartford,CT,accepted,
ilse coffee,ilsecoffee.com,"35 Railroad St, Canaan, CT 06018",http://www.ilsecoffee.com/,Hartford,Hartford,CT,accepted,
Lions Den Coffee Shop,lionsdencoffeeshop.com,"57 W Main St, Plantsville, CT 06479",http://www.lionsdencoffeeshop.com/,Hartford,Hartford,CT,accepted,
Silvermine Coffee Roasters,silverminecoffee.com,"29 Harbor Ave, Norwalk, CT 06850",http://silverminecoffee.com/,Hartford,Hartford,CT,accepted,
Moodus Mud Coffee Roasters,moodusmud.com,"25 Falls Rd Bldg 6A, Moodus, CT 06469",http://moodusmud.com/home,Hartford,Hartford,CT,accepted,
Camper Coffee,campcoff.com,"4 School St, Madison, CT 06443",http://www.campcoff.com/,Hartford,Hartford,CT,accepted,
Strigo Coffee,strigocoffee.com,"314 Wilson Ave unit o, Norwalk, CT 06854",http://www.strigocoffee.com/,Hartford,Hartford,CT,accepted,
Radial Coffee Company,radialcoffee.com,"1135 Hartford Turnpike, Vernon, CT 06066",https://www.radialcoffee.com/,Hartford,Hartford,CT,accepted,
Absolute Bearing Coffee Company,absolutebearing.coffee,"500 Noank Rd, Mystic, CT 06355",https://www.absolutebearing.coffee/?utm_source=google&utm_medium=wix_google_business_profile&utm_campaign=447864435235872101,Hartford,Hartford,CT,accepted,
One World Roasters,oneworldroasters.com,"967 N High St, East Haven, CT 06512",http://oneworldroasters.com/,Hartford,Hartford,CT,accepted,
Side Hustle Coffee Roasters Co.,sidehustlecoffeeroastersco.com,"67 O'Connell Rd, Colchester, CT 06415",http://sidehustlecoffeeroastersco.com/,Hartford,Hartford,CT,accepted,
Triple Co Roast,triplecoroast.com,"Unit 12, Montpelier Central, Station Rd, Montpelier, Bristol BS6 5EE, United Kingdom",http://www.triplecoroast.com/,Hartford,Hartford,CT,accepted,
Wogan Coffee Roastery Shop & Brew Bar,wogancoffee.com,"2 Clement St, St Jude's, Bristol BS2 9EQ, United Kingdom",https://wogancoffee.com/,Hartford,Hartford,CT,accepted,
"Cheshire Coffee - Waterbury, CT",cheshirecoffee.com,"3670 E Main St, Waterbury, CT 06705",http://cheshirecoffee.com/,Hartford,Hartford,CT,accepted,
Radical Roasters Coffee Roasters,radicalroasters.co.uk,"60-62 St Marks Rd, Easton, Bristol BS5 0LR, United Kingdom",http://www.radicalroasters.co.uk/,Hartford,Hartford,CT,accepted,
Daily Grind,dailygrindct.com,"17 Depot Pl, Unionville, CT 06085",http://dailygrindct.com/,Hartford,Hartford,CT,accepted,
Clifton Coffee Roasters,cliftoncoffee.co.uk,"Island Trade Pk, Bristow Broadway, Avonmouth, Bristol BS11 9FB, United Kingdom",http://www.cliftoncoffee.co.uk/,Hartford,Hartford,CT,accepted,
Heart & Graft Coffee Roastery,heartandgraft.co.uk,"Heart & Graft Coffee Ltd, 21 North St, Cheetham Hill, Manchester M8 8RE, United Kingdom",http://heartandgraft.co.uk/,Hartford,Hartford,CT,accepted,
"Mancoco Coffee Bar, Roastery & Barista Training School",mancoco.co.uk,"85 Hewitt St, Manchester M15 4GB, United Kingdom",http://mancoco.co.uk/,Hartford,Hartford,CT,accepted,
Candlewood Coffee,candlewoodcoffee.com,"Lower Building, 7 Del Mar Dr, Brookfield, CT 06804",http://candlewoodcoffee.com/,Hartford,Hartford,CT,accepted,
Green Kettle Coffee,greenkettlecoffee.com,"208 Center St, Wallingford, CT 06492",http://greenkettlecoffee.com/,Hartford,Hartford,CT,accepted,
Modern Love Coffee Roasters,modernlovect.com,"55 High Ridge Rd, Stamford, CT 06905",https://www.modernlovect.com/,Hartford,Hartford,CT,accepted,
Birdhouse Coffee,birdhousecoffee.com,"765 Sullivan Ave, South Windsor, CT 06074",http://birdhousecoffee.com/,Hartford,Hartford,CT,accepted,
Sleeping Giant Coffee Roastery (NO DRINKS - ONLY BEANS),sleepinggiantcoffee.com,"26 Selden St Unit C, Woodbridge, CT 06525",https://www.sleepinggiantcoffee.com/,Hartford,Hartford,CT,accepted,
Connecticut Valley Brewing Company,ctvalleybrewing.com,"765 Sullivan Ave, South Windsor, CT 06074",http://ctvalleybrewing.com/,Hartford,Hartford,CT,accepted,
Simply Colombian Coffee,simplycolombiancoffee.com,"90 Highview Ave E, London, ON N6C 5Y9",https://www.simplycolombiancoffee.com/,London,London,ON,accepted,
The Wild Goat Coffee Company,thewildgoatcoffeecompany.com,"22360 Pioneer Line, Rodney, ON N0L 2C0",https://www.thewildgoatcoffeecompany.com/,London,London,ON,accepted,
Hutsul Coffee Space,hutsulcoffee.ca,"247 Adelaide St S, London, ON N5Z 3K7",https://hutsulcoffee.ca/,London,London,ON,accepted,
Asmara Coffee House,asmaracoffeehouse.com,"700 York St, London, ON N5W 2S8",https://asmaracoffeehouse.com/,London,London,ON,accepted,
Patricks Beans,patricksbeans.com,"79 Bessemer Rd Unit 17, London, ON N6E 1P9",http://patricksbeans.com/,London,London,ON,accepted,
Snapping Turtle Coffee Roasters,snappingturtlecoffee.com,"145 Queen St E, St. Marys, ON N4X 1A9",http://www.snappingturtlecoffee.com/,London,London,ON,accepted,
To Bean or Not to Bean - Stratford's Coffee Roasting Company,stratfordcoffee.com,"285 Lorne Ave E #8, Stratford, ON N5A 7R5",https://stratfordcoffee.com/,London,London,ON,accepted,
Commonwealth Coffee,commonwealthcoffee.ca,"478 Richmond St, London, ON N6A 3E6",http://www.commonwealthcoffee.ca/,London,London,ON,accepted,
O-Joe Coffee,ojoecoffee.com,"9 Front St W, Strathroy, ON N7G 1X5",http://ojoecoffee.com/,London,London,ON,accepted,
Caffeine Plus,caffeinepluscanada.ca,"395 Wellington Rd, London, ON N6C 5Z6",https://www.caffeinepluscanada.ca/?utm_source=google&utm_medium=wix_google_business_profile&utm_campaign=2993219765162035046,London,London,ON,accepted,
Altitude Coffee London,altitudecoffeelondon.com,"Unit 2, 190 Hornchurch Rd, Hornchurch RM11 1QL, United Kingdom",https://altitudecoffeelondon.com/,London,London,ON,accepted,
Artisan Bakery,artisanbakerylondon.com,"864 Dundas St, London, ON N5W 2Z8",http://artisanbakerylondon.com/,London,London,ON,accepted,
Balzac's Guelph,shop.balzacs.com,"5 Gordon St #100, Guelph, ON N1H 4G8",https://shop.balzacs.com/pages/guelph,London,London,ON,accepted,
Kintore Coffee Co.,kintorecoffee.com,"117 Huron St, Embro, ON N0J 1J0",http://www.kintorecoffee.com/,London,London,ON,accepted,
Red Lantern Coffee Co.,redlanterncoffeeco.com,"4 Main St W, Kingsville, ON N9Y 1H1",http://www.redlanterncoffeeco.com/,London,London,ON,accepted,
Las Chicas Del Cafe,laschicasdelcafe.com,"Parking lot, Canada Southern Railway Station, Parking lot, 750 Talbot St, St Thomas, ON N5P 1E2",http://laschicasdelcafe.com/,London,London,ON,accepted,
The Harbour Merchant Coffee Company Inc.,harbourmerchant.com,"288 Bridge St, Port Stanley, ON N5L 1C3",http://www.harbourmerchant.com/,London,London,ON,accepted,
Zafiato Cafe Supplies,zafiato.ca,"1450 Bell Mill Side Rd Unit B, Tillsonburg, ON N4G 4G9",https://www.zafiato.ca/,London,London,ON,accepted,
Shopbike Coffee Roasters,shopbikecoffee.com,"11 Bayfield Main St N, Bayfield, ON N0M 1G0",http://www.shopbikecoffee.com/,London,London,ON,accepted,
Beans and Brews,beans-and-brews.square.site,"16 Kirwin Dr, Ingersoll, ON N5C 3M3",https://beans-and-brews.square.site/,London,London,ON,accepted,
Personal Service Coffee,personalservicecoffee.ca,"1147 Dundas St, Woodstock, ON N4S 8W3",https://personalservicecoffee.ca/,London,London,ON,accepted,
Deja Bru,dejabru.ca,"31 Norfolk St N, Simcoe, ON N3Y 3N6",http://www.dejabru.ca/,London,London,ON,accepted,
The Creative Bru-tique,thecreativebrutique.ca,"31 Norfolk St N, Simcoe, ON N3Y 3N6",http://www.thecreativebrutique.ca/,London,London,ON,accepted,
Crave Coffee Brantford,cravecoffee.ca,"325-a King George Rd, Brantford, ON N3R 5L9",https://cravecoffee.ca/,London,London,ON,accepted,
Coffee Stiles,coffeestiles.com,"221 Woodlawn Rd W, Guelph, ON N1H 8P4",http://www.coffeestiles.com/,London,London,ON,accepted,
KW Coffee Collective,kwcoffeecollective.ca,"110-50 Ottawa Street S, Kitchener, ON N2G 3S7",http://kwcoffeecollective.ca/,London,London,ON,accepted,
EcoCafe,ecocafestjacobs.com,"1441 King St N, St. Jacobs, ON N0B 2N0",http://www.ecocafestjacobs.com/,London,London,ON,accepted,
Café Clementina (Bakery & Roastery) Inc,cafeclementina.com,"17 Benton St, Kitchener, ON N2G 1V8",http://www.cafeclementina.com/,London,London,ON,accepted,
ASPECT Roaster & Cafe,aspectroaster.com,"270 Bronte St N, Milton, ON L9T 2N9",http://www.aspectroaster.com/,London,London,ON,accepted,
Country Road Coffee Roastery,countryroadcoffee.com,"312318 Dereham Line, Tillsonburg, ON N4G 4G8",http://www.countryroadcoffee.com/,London,London,ON,accepted,
Coastal Coffee,coastalcoffeecompany.ca,"86252 Kintail Line, Goderich, ON N7A 3X9",http://www.coastalcoffeecompany.ca/,London,London,ON,accepted,
Epic North Coffee,epicnorthcoffee.com,"255 Marsh Hill Rd, Stirling, ON K0K 3E0",http://www.epicnorthcoffee.com/,London,London,ON,accepted,
Monigram Coffee Roasters,monigram.ca,"16 Ainslie St S, Cambridge, ON N1R 3K1",http://monigram.ca/,London,London,ON,accepted,
Centurion Coffee,centurioncoffee.ca,"1027 Gordon St Suite 10, Guelph, ON N1G 4X1",http://www.centurioncoffee.ca/,London,London,ON,accepted,
Thirds Roasting Collective,thirdscoffeeco.com,"119 John St N, Hamilton, ON L8R 1H7",http://thirdscoffeeco.com/,London,London,ON,accepted,
Belching Barista,belchingbarista.com,"13 Alice St, Waterford, ON N0E 1Y0",http://belchingbarista.com/,London,London,ON,accepted,
North Roast Coffee,northroast.com,"721 Progress Ave, Kingston, ON K7M 6S4",http://www.northroast.com/,London,London,ON,accepted,
les cafés Aroma Select,aromaselect.ca,"200 Principale St, Gatineau, Quebec J9H 6J4",http://www.aromaselect.ca/,London,London,ON,accepted,
The Creemore Coffee Company Inc.,creemorecoffee.com,"5273 County Rd 9, New Lowell, ON L0M 1N0",http://www.creemorecoffee.com/,London,London,ON,accepted,
Marietta's Daily Delights,mdelights.ca,"150 Main St W, Ridgetown, ON N0P 2C0",http://www.mdelights.ca/,London,London,ON,accepted,
Roasted Coffee Roastery,roastedcoffeehfx.com,"39 Ridgevale Dr, Bedford, NS B4A 3L8",https://roastedcoffeehfx.com/,Halifax,Halifax,NS,accepted,
Expedition Coffee Roasters,expeditioncoffeeroasters.com,"1813 Nova Scotia Trunk 1 Suite A, Falmouth, NS B0P 1P0",https://expeditioncoffeeroasters.com/,Halifax,Halifax,NS,accepted,
Sunday Silence Coffee Co.,sundaysilencecoffee.com,"44 Hiltz Hill Rd, Mahone Bay, NS B0J 2E0",http://www.sundaysilencecoffee.com/,Halifax,Halifax,NS,accepted,
Java Blend Coffee Roasters,javablendcoffee.com,"6027 North St, Halifax, NS B3K 1N9",http://www.javablendcoffee.com/,Halifax,Halifax,NS,accepted,
Nova Coffee,novacoffee.com,"283 Pelton Mountain Rd, Lakeville, NS B4N 3V7",http://www.novacoffee.com/,Halifax,Halifax,NS,accepted,
Rescue Coffee Co.,rescuecoffeeco.com,"Inside The Coffee Pro, 961 Bedford Hwy, Bedford, NS B4A 1A9",https://rescuecoffeeco.com/,Halifax,Halifax,NS,accepted,
Meeting Waters Coffee Roastery,meetingwaters.com,"271 Main St, Tatamagouche, NS B0K 1V0",http://meetingwaters.com/,Halifax,Halifax,NS,accepted,
East Cup Cafe,eastcupcafe.com,"1936 Robie St, Halifax, NS B3H 0C3",https://www.eastcupcafe.com/,Halifax,Halifax,NS,accepted,
Laughing Whale Coffee Roasters,laughingwhalecoffee.com,"261 Lincoln St, Lunenburg, NS B0J 2C0",https://laughingwhalecoffee.com/,Halifax,Halifax,NS,accepted,
Anchored Coffee,anchoredcoffee.com,"70 Ochterloney St, Dartmouth, NS B2Y 1C2",http://anchoredcoffee.com/,Halifax,Halifax,NS,accepted,
Port City Coffee,portcitycoffee.ca,"958 Cole Harbour Rd Unit 5, Dartmouth, NS B2V 1E6",https://portcitycoffee.ca/,Halifax,Halifax,NS,accepted,
Coffee Street,coffeestreet.ca,"33 Alderney Dr Unit -150, Dartmouth, NS B2Y 2N4",http://coffeestreet.ca/,Halifax,Halifax,NS,accepted,
Wheelhouse Coffee Co.,wheelhousecoffee.ca,"2 Webster St, Kentville, NS B4N 1H7",https://wheelhousecoffee.ca/,Halifax,Halifax,NS,accepted,
Quest Coffee Co,questcoffee.com,"65 MacCulloch Rd, Cookville, NS B4V 7P1",http://www.questcoffee.com/,Halifax,Halifax,NS,accepted,
Aroma Maya Coffee & Donuts Dartmouth,aromamayastores.com,"303 Prince Albert Rd, Dartmouth, NS B2Y 1N1",https://www.aromamayastores.com/,Halifax,Halifax,NS,accepted,
Second Cup Café,secondcup.com,"660 Portland St, Dartmouth, NS B2W 2M8",https://secondcup.com/location/portland-street,Halifax,Halifax,NS,accepted,
Just Us! Grand Pré Café & Roastery,justuscoffee.com,"11865 Nova Scotia Trunk 1, Hortonville, NS B4P 2R3",http://justuscoffee.com/,Halifax,Halifax,NS,accepted,
T.A.N. Coffee - Wolfville,tancoffee.com,"378 Main St, Wolfville, NS B4P 2B8",http://www.tancoffee.com/,Halifax,Halifax,NS,accepted,
East Coast Coffee,easycup.com,"25 Eveleigh Dr, Sydney Mines, NS B1V 2Y5",http://easycup.com/,Halifax,Halifax,NS,accepted,
Express Yourself Café,expressyourselfcafe.ca,"131 Main St, Trenton, NS B0K 1X0",https://www.expressyourselfcafe.ca/,Halifax,Halifax,NS,accepted,
NovelTea Coffeehouse & Bakery,ntbookstorecafe.ca,"604 Prince St, Truro, NS B2N 1G3",http://www.ntbookstorecafe.ca/,Halifax,Halifax,NS,accepted,
Goodman Coffee Roasters - St. Elmo,goodmancoffeeroasters.com,"3913 St Elmo Ave Suite B, Chattanooga, TN 37409",http://www.goodmancoffeeroasters.com/,chattanooga,,,rejected,no_shop
Trail Town Coffee,trailtowncoffee.com,"225 Broad St, Chattanooga, TN 37402",https://www.trailtowncoffee.com/,chattanooga,,,rejected,no_coffee_keywords
Chattanooga Coffee Company / Chattz,chattanoogacoffeecompany.com,"2627 Broad St, Chattanooga, TN 37408",http://chattanoogacoffeecompany.com/,chattanooga,,,rejected,no_shop
Stone Cup Cafe,stonecupcafe.com,"208 Frazier Ave, Chattanooga, TN 37405",http://www.stonecupcafe.com/,chattanooga,,,rejected,no_shop
Sleepyhead Coffee (Main+Dodds),sleepyhead.coffee,"2602 E Main St, Chattanooga, TN 37404",https://www.sleepyhead.coffee/,chattanooga,,,rejected,no_shop
Lola Beans Coffee - Chattanooga,lolabeans.com,"1105 McDonald Dr, Chattanooga, TN 37421",http://lolabeans.com/,chattanooga,,,rejected,no_shop
The Livingstone At Amani Chattanooga,thelivingstonecafe.org,"420 S Willow St, Chattanooga, TN 37404",http://thelivingstonecafe.org/,chattanooga,,,rejected,no_shop
Be Caffeinated,becaffcoffee.com,"14 W Kent St, Chattanooga, TN 37405",https://www.becaffcoffee.com/,chattanooga,,,rejected,no_shop
Provisions,theedwinhotel.com,"102 Walnut St, Chattanooga, TN 37402",https://www.theedwinhotel.com/provisions,chattanooga,,,rejected,no_shop
Hungry Mother,hungrymothertn.com,"825 Houston St, Chattanooga, TN 37403",https://hungrymothertn.com/,chattanooga,,,rejected,no_shop
Sunnyside Cup | Local Coffee | Drive-Thru Coffee,sunnysidecupchatt.com,"3008 Broad St, Chattanooga, TN 37408",https://sunnysidecupchatt.com/#coffee-to-go,chattanooga,,,rejected,no_shop
Oaks Coffee House,oakscoffee.com,"2916 Silverdale Rd, Chattanooga, TN 37421",https://www.oakscoffee.com/,chattanooga,,,rejected,no_shop
Red Owl Coffee Company,redowlcoffee.com,"7737 E Brainerd Rd, Chattanooga, TN 37421",https://www.redowlcoffee.com/locations/east-brainerd/,chattanooga,,,rejected,no_shop
First Bloom Coffee and Bakery,firstbloomcoffee.com,"445 Church St SE, Cleveland, TN 37311",http://firstbloomcoffee.com/,chattanooga,,,rejected,no_shop
Tri-State Coffee,tristatecoffee.com,"3306 Dodds Ave, Chattanooga, TN 37407",http://www.tristatecoffee.com/,chattanooga,,,rejected,no_shop
Mayfly Coffee,mayflycoffee.com,"708 Mississippi Ave, Signal Mountain, TN 37377",http://mayflycoffee.com/,chattanooga,,,rejected,no_store_page
Together Cafe,thetogethercafe.org,"801 S Orchard Knob Ave, Chattanooga, TN 37404",https://thetogethercafe.org/,chattanooga,,,rejected,no_shop
Niedlov's Cafe & Bakery,niedlovs.com,"215 E Main St, Chattanooga, TN 37408",http://niedlovs.com/,chattanooga,,,rejected,no_coffee_keywords
Canopy Coffee and Wine Bar,canopylkt.com,"814 Scenic Hwy, Lookout Mountain, TN 37350",http://www.canopylkt.com/,chattanooga,,,rejected,no_shop
Milk & Honey,milkandhoneychattanooga.com,"135 N Market St, Chattanooga, TN 37405",https://www.milkandhoneychattanooga.com/,chattanooga,,,rejected,no_shop
Home,homebarchatt.com,"409 Market St, Chattanooga, TN 37402",https://homebarchatt.com/,chattanooga,,,rejected,no_shop
Honey Seed,honeyseedchatt.com,"1705 Market St Suite 105, Chattanooga, TN 37408",https://www.honeyseedchatt.com/,chattanooga,,,rejected,no_shop
MOE'S REAL BBQ SF MARKET,realbbq.com,"1207 Dodds Ave, Chattanooga, TN 37404",http://realbbq.com/,chattanooga,,,rejected,scrape_failed
Good Kinsmen,goodkinsmen.com,"521 Cherokee Blvd., Chattanooga, TN 37405",http://www.goodkinsmen.com/,chattanooga,,,rejected,no_coffee_keywords
Bread and Butter,butterthebread.com,"3955 Dayton Blvd, Chattanooga, TN 37415",http://butterthebread.com/,chattanooga,,,rejected,no_shop
FarmToMed,farmtomed.com,"502 N Market St #110, Chattanooga, TN 37405",https://www.farmtomed.com/,chattanooga,,,rejected,no_shop
Zarzour's,facebook.com,"1627 Rossville Ave, Chattanooga, TN 37408",https://www.facebook.com/zarzourscafe/,chattanooga,,,rejected,no_shop
Hello Monty,hellomontyonmain.com,"306 W Main St, Chattanooga, TN 37408",https://www.hellomontyonmain.com/,chattanooga,,,rejected,no_shop
Oddstory Brewing Co: Central,oddstorybrewing.co,"1604 Central Ave, Chattanooga, TN 37408",https://www.oddstorybrewing.co/,chattanooga,,,rejected,no_shop
Starbucks Coffee Company,starbucks.com,"635 Camp Jordan Pkwy, East Ridge, TN 37412",https://www.starbucks.com/store-locator/store/1025725,chattanooga,,,rejected,no_coffee_keywords
Maple Street Biscuit Company,maplestreetbiscuits.com,"407 Broad St, Chattanooga, TN 37402",https://www.maplestreetbiscuits.com/?olonwp=JjBtp_vMLk25gkYh_bnoiQ,chattanooga,,,rejected,no_shop
Five Wits Brewing Company,fivewitsbrewing.com,"1501 Long St, Chattanooga, TN 37408",http://fivewitsbrewing.com/,chattanooga,,,rejected,no_shop
Company Chattanooga,companychattanooga.com,"1409 Market St, Chattanooga, TN 37402",https://www.companychattanooga.com/,chattanooga,,,rejected,no_shop
The Daily Ration,thedailyrationchattanooga.com,"1220 Dartmouth St, Chattanooga, TN 37405",http://thedailyrationchattanooga.com/,chattanooga,,,rejected,no_shop
City Cafe Diner,citycafediner.com,"511 Broad St, Chattanooga, TN 37402",https://citycafediner.com/downtown-chattanooga/,chattanooga,,,rejected,no_shop
Reve Coffee and Books,revecoffeeandbooks.com,"1948 Northpoint Blvd #144, Chattanooga, TN 37415",https://www.revecoffeeandbooks.com/,chattanooga,,,rejected,no_shop
Red Eyed Rooster,redeyedroosterco.com,"111 E Market St, Chatsworth, GA 30705",https://redeyedroosterco.com/,chattanooga,,,rejected,no_shop
Morning Brew Co,morningbrewco.com,"6011 Chesterton Way Suite 111, Ooltewah, TN 37363",http://www.morningbrewco.com/,east ridge,,,rejected,no_store_page
Doe River Roasters,doeriverroasters.com,"122 Armed Forces Dr Suite A, Elizabethton, TN 37643",http://doeriverroasters.com/,east ridge,,,rejected,no_shop
Mzizi Coffee Roaster,mzizicoffeeroaster.com,"2995 Johnson Ferry Rd #220, Marietta, GA 30062",http://mzizicoffeeroaster.com/,east ridge,,,rejected,no_store_page
Cracker Barrel Old Country Store,crackerbarrel.com,"1460 N Mack Smith Rd, East Ridge, TN 37412",https://www.crackerbarrel.com/Locations/States/tn/east-ridge/29/?utm_source=google&utm_medium=maps&utm_campaign=crackerbarrelurl,east ridge,,,rejected,no_coffee_keywords
Calamity’s Coffee Jackson Square,calamityscoffee.com,"219 Jackson Square, Oak Ridge, TN 37830",http://www.calamityscoffee.com/,east ridge,,,rejected,no_shop
Stone Mountain Coffee Roasters,stonemountaincoffee.com,"923 Main St, Stone Mountain, GA 30083",http://www.stonemountaincoffee.com/,east ridge,,,rejected,no_shop
7 Brew Coffee,7brew.com,"5417 TN-153, Hixson, TN 37343",https://7brew.com/location/tennessee-hixson-000062,red bank,,,rejected,no_shop
Drip Kitchen And Coffee,dripkitchenandcoffee.com,"6018 Hixson Pike, Hixson, TN 37343",https://dripkitchenandcoffee.com/,red bank,,,rejected,no_coffee_keywords
Daily Grind on Signal,dailygrindsignal.com,"440 Timberlinks Dr, Signal Mountain, TN 37377",https://dailygrindsignal.com/,signal mountain,,,rejected,no_shop
Raphael's Roastery,raphaelscoffee.com,"110 E Coffee St, Tullahoma, TN 37388",http://www.raphaelscoffee.com/,signal mountain,,,rejected,no_store_page
Blue Mountain Coffee Roasters,atlantacoffeeshops.com,"2815 Lawrenceville-Suwanee Rd Suite #400, Suwanee, GA 30024",https://www.atlantacoffeeshops.com/blue-mountain-coffee-roasters,signal mountain,,,rejected,no_shop
Pruett's Market,pruettsmarket.com,"1210 Taft Hwy, Signal Mountain, TN 37377",https://www.pruettsmarket.com/,signal mountain,,,rejected,no_shop
McAlister's Deli,locations.mcalistersdeli.com,"541 Signal Mountain Rd #287, Chattanooga, TN 37405",https://locations.mcalistersdeli.com/tn/chattanooga/541-signal-mountain-road?utm_source=google&utm_medium=organic&utm_campaign=locations_partner,signal mountain,,,rejected,no_coffee_keywords
Code Brew Coffee,m.facebook.com,"1817 Taft Hwy, Signal Mountain, TN 37377",https://m.facebook.com/profile.php?id=61559914927242,signal mountain,,,rejected,no_shop
Over-Mountain Coffee Roasters,overmountaincoffee.com,"205 N 3rd Ave, Jonesborough, TN 37659",https://www.overmountaincoffee.com/,lookout mountain,,,rejected,no_store_page
Bold Wind Coffee Bar,boldwindcoffeebar.shopsettings.com,"118 S Main St, Lobelville, TN 37097",https://boldwindcoffeebar.shopsettings.com/,walden,,,rejected,no_store_page
Elroy Coffee Co,elroycoffeeco.com,"400 Downs Blvd #150, Franklin, TN 37064",https://www.elroycoffeeco.com/,walden,,,rejected,no_shop
Vibez Coffee,vibezcoffee.com,"890 Stuart Rd NE, Cleveland, TN 37312",http://www.vibezcoffee.com/,walden,,,rejected,no_shop
Ocoee Coffee Company,ocoeecoffee.com,"2300 N Ocoee St, Cleveland, TN 37311",https://www.ocoeecoffee.com/,collegedale,,,rejected,no_shop
LASATERS Coffee & Tea,lasaterscoffee.com,"2450 Spring Creek Boulevard, Cleveland, TN 37312",https://lasaterscoffee.com/,collegedale,,,rejected,no_coffee_keywords
Vienna Coffee Company,viennacoffeecompany.com,"212 College St, Maryville, TN 37804",http://www.viennacoffeecompany.com/,collegedale,,,rejected,no_shop
Village Market,vmcollegedale.com,"5002 University Dr, Collegedale, TN 37315",https://vmcollegedale.com/,collegedale,,,rejected,no_coffee_keywords
Publix Super Market at Snow Hill Village,publix.com,"5958 Snow Hill Rd Ste 168 Ste 168, Ooltewah, TN 37363",https://www.publix.com/?setstorenumber=1244&utm_medium=maps&utm_source=extendednetwork&utm_content=psm_website_url,collegedale,,,rejected,scrape_failed
Food City,foodcity.com,"6043 Relocation Way, Collegedale, TN 37363",https://www.foodcity.com/stores/store-details/774/?utm_source=google&utm_medium=organic&utm_campaign=google-business&utm_content=774-grocery,collegedale,,,rejected,no_coffee_keywords
"Moschetti Artisan Roaster (Wholesale, Retail, Cafe and Online Shop)",moschetti.com,"11 6th St, Vallejo, CA 94590",http://www.moschetti.com/,collegedale,,,rejected,scrape_failed
CRACKED BEAN ROASTERY & CAFE,thecrackedbeanroastery.com,"2384 James St a, Syracuse, NY 13206",http://www.thecrackedbeanroastery.com/,syracuse,,,rejected,no_shop
The Kind Coffee Co.,facebook.com,"715 W Fayette St #2, Syracuse, NY 13204",https://www.facebook.com/TheKindCoffeeCompany,syracuse,,,rejected,no_shop
Zaman Coffee House,zaman-coffee.com,"3911 Brewerton Rd, Syracuse, NY 13212",https://zaman-coffee.com/,syracuse,,,rejected,no_shop
SkyTop Coffee,skytop2go.com,"119 W Seneca St, Manlius, NY 13104",http://www.skytop2go.com/,syracuse,,,rejected,scrape_failed
Kairos Cafe,kairoscafeny.com,"115 Green St Apt 1, Syracuse, NY 13203",http://kairoscafeny.com/,syracuse,,,rejected,no_shop
Peaks Coffee Co,peakscoffeeco.com,"1200 E Genesee St, Syracuse, NY 13210",https://www.peakscoffeeco.com/contact-us,syracuse,,,rejected,no_coffee_keywords
Kelsey's Coffee and Friends,kelseysmobileorder.square.site,"1200 E Genesee St, Syracuse, NY 13210",http://kelseysmobileorder.square.site/,syracuse,,,rejected,scrape_failed
Salt City Coffee and Bar,saltcitybar.co,"484 S Salina St, Syracuse, NY 13202",http://www.saltcitybar.co/,syracuse,,,rejected,no_shop
Utica Coffee Roasting Company,uticacoffeeroasting.com,"92 Genesee St, Utica, NY 13502",https://uticacoffeeroasting.com/,syracuse,,,rejected,no_shop
Milano Bean Cafe SYR,milanobeancafe.net,"105 W Fayette St, Syracuse, NY 13202",https://milanobeancafe.net/,syracuse,,,rejected,no_shop
Paul deLima Coffee Co,delimacoffee.com,"7546 Morgan Rd, Liverpool, NY 13090",http://www.delimacoffee.com/,syracuse,,,rejected,no_shop
H. Grey Supply Co. LLC,hgreysupplyco.com,"217 S Salina St, Syracuse, NY 13202",http://hgreysupplyco.com/,syracuse,,,rejected,no_shop
Sunshine's Coffee Shop,sunshinescoffeeshop.com,"6760 Thompson Rd, Syracuse, NY 13211",https://www.sunshinescoffeeshop.com/,syracuse,,,rejected,no_shop
Salt City Market,saltcitymarket.com,"484 S Salina St, Syracuse, NY 13202",http://www.saltcitymarket.com/,syracuse,,,rejected,no_coffee_keywords
Biscotti Cafe & Pastry Shop,biscotticafe.com,"741 N Salina St, Syracuse, NY 13208",http://www.biscotticafe.com/,syracuse,,,rejected,no_shop
Vince's Gourmet Imports,vincesgourmet.com,"440 S Main St, North Syracuse, NY 13212",http://www.vincesgourmet.com/,syracuse,,,rejected,no_coffee_keywords
Glazed & Confused,glazedsyr.com,"211 N Clinton St, Syracuse, NY 13202",https://glazedsyr.com/,syracuse,,,rejected,no_coffee_keywords
Hi Tea,hiteasyracuse.com,"167 Marshall St, Syracuse, NY 13210",https://www.hiteasyracuse.com/,syracuse,,,rejected,scrape_failed
Phoebe's Restaurant & Coffee Lounge,phoebessyracuse.com,"900 E Genesee St, Syracuse, NY 13244",http://www.phoebessyracuse.com/,syracuse,,,rejected,no_coffee_keywords
Smith Housewares & Restaurant Supply,smithrestaurantsupply.com,"3140 Erie Blvd E, De Witt, NY 13214",http://www.smithrestaurantsupply.com/,syracuse,,,rejected,no_coffee_keywords
Water Street Bagel Co.,waterstreetbagelco.com,"239 E Water St, Syracuse, NY 13202",http://waterstreetbagelco.com/,syracuse,,,rejected,no_shop
Eva's European Sweets,evaspolish.com,"1305 Milton Ave, Syracuse, NY 13204",https://www.evaspolish.com/,syracuse,,,rejected,no_shop
Mello Velo Bicycle Shop,mellovelobicycles.com,"790 Canal St, Syracuse, NY 13210",https://www.mellovelobicycles.com/,syracuse,,,rejected,no_coffee_keywords
The Dalai Java,thedalaijavacdga.com,"157 S Main St, Canandaigua, NY 14424",http://www.thedalaijavacdga.com/,syracuse,,,rejected,no_store_page
Green Hills Farms,greenhills.com,"5933 S Salina St, Syracuse, NY 13205",https://www.greenhills.com/,syracuse,,,rejected,no_shop
Darwin On Clinton,darwinonclinton.com,"110 W Fayette St, Syracuse, NY 13202",http://www.darwinonclinton.com/,syracuse,,,rejected,no_shop
Three Lives,threelives.bar,"316 S Clinton St, Syracuse, NY 13202",http://www.threelives.bar/,syracuse,,,rejected,no_coffee_keywords
Catering by SKY Armory,cateringbysky.com,"330 S Salina St, Syracuse, NY 13202",https://www.cateringbysky.com/,syracuse,,,rejected,no_coffee_keywords
Brooklyn Pickle East,brooklynpickle.com,"2222 Burnet Ave, Syracuse, NY 13206",http://brooklynpickle.com/,syracuse,,,rejected,no_coffee_keywords
"Gerharz Equipment, Inc.",gerharzrestaurantequipment.com,"220 Teall Ave, Syracuse, NY 13210",https://gerharzrestaurantequipment.com/,syracuse,,,rejected,no_shop
BOULANGERIE,boulangeriecafe.com,"526 Plum St, Syracuse, NY 13204",http://www.boulangeriecafe.com/,syracuse,,,rejected,no_shop
Rise N Shine Diner Westcott,risenshinediner.com,"500 Westcott St, Syracuse, NY 13210",http://www.risenshinediner.com/,syracuse,,,rejected,no_coffee_keywords
PMA Foods,pmafoods.com,"2 S Clinton St Suite 145, Syracuse, NY 13202",http://www.pmafoods.com/,syracuse,,,rejected,no_coffee_keywords
Hercules Candy Company,herculescandy.com,"720 W Manlius St, East Syracuse, NY 13057",https://www.herculescandy.com/,syracuse,,,rejected,no_coffee_keywords
Modern Malt,eatdrinkmalt.com,"127 W Fayette St, Syracuse, NY 13202",https://www.eatdrinkmalt.com/,syracuse,,,rejected,scrape_failed
The Gem Diner,thegemdiner.com,"832 Spencer St, Syracuse, NY 13204",http://www.thegemdiner.com/,syracuse,,,rejected,no_shop
Oh My Darling,darlingsyr.com,"321 S Salina St, Syracuse, NY 13202",http://www.darlingsyr.com/,syracuse,,,rejected,no_coffee_keywords
SOULutions,soulutionscatering.com,"484 S Salina St, Syracuse, NY 13202",https://www.soulutionscatering.com/,syracuse,,,rejected,no_coffee_keywords
"Taichi Bubble Tea, Ramen and Poke Bowl - Syracuse",taichibubbletea.com,"919 E Genesee St, Syracuse, NY 13210",https://www.taichibubbletea.com/,syracuse,,,rejected,no_shop
The Cider Mill,thecidermill.us,"4221 Fay Rd, Syracuse, NY 13219",http://www.thecidermill.us/,syracuse,,,rejected,no_coffee_keywords
Asia Food Market,asiafoodmkt.com,"1449 Erie Blvd E, Syracuse, NY 13210",http://www.asiafoodmkt.com/,syracuse,,,rejected,no_shop
"Pausa Coffee, LLC",pausacoffee.co,"246 E Water St, Syracuse, NY 13202",https://pausacoffee.co/,syracuse,,,rejected,no_coffee_keywords
Cafe Blue,cafebluesyr.com,"720 Van Rensselaer St, Syracuse, NY 13204",http://www.cafebluesyr.com/,syracuse,,,rejected,scrape_failed
The Society,thesocietycny.com,"300 E Washington St, Syracuse, NY 13202",https://www.thesocietycny.com/,syracuse,,,rejected,no_store_page
Shamballa Cafe and Coffee Roasters,shamballacafe.com,"7 W Genesee St, Baldwinsville, NY 13027",http://shamballacafe.com/,syracuse,,,rejected,no_store_page
Cake Bar - The Cafe,cakebarsyr.com,"252 W Genesee St, Syracuse, NY 13202",http://www.cakebarsyr.com/,syracuse,,,rejected,no_shop
BrewCity Roasting Company,brewcityroastingcompany.com,"605 S Huntington St, Syracuse, IN 46567",https://www.brewcityroastingcompany.com/?utm_source=google&utm_medium=googlemybusiness,syracuse,,,rejected,no_shop
Riverwalk Coffee Roasters,riverwalkoswego.com,"161 W 1st St, Oswego, NY 13126",https://riverwalkoswego.com/coffee,syracuse,,,rejected,no_store_page
Canaltown Coffee Roasters,canaltowncoffee.com,"1805 East Ave C, Rochester, NY 14610",http://www.canaltowncoffee.com/,syracuse,,,rejected,no_shop
Aurora's Café and Gifts,aurorascafeandgifts.com,"231 Northern Lights Plaza, Syracuse, NY 13212",http://www.aurorascafeandgifts.com/,syracuse,,,rejected,no_shop
Khepera Coffee & Roastery,khepera.coffee,"193 W 1st St, Oswego, NY 13126",http://www.khepera.coffee/,syracuse,,,rejected,no_shop
Rise And Grind Cafe,theriseandgrindcafe.com,"4119 Genesee St, Syracuse, NY 13219",http://www.theriseandgrindcafe.com/,syracuse,,,rejected,no_shop
Imprint Coffee Roasting - Roastery & Drive-Thru,imprintcoffeeroasting.com,"31 State St Suite 2, Sodus, NY 14551",http://www.imprintcoffeeroasting.com/,syracuse,,,rejected,no_store_page
Sweet Aroma Cafe,sweetaromacafecny.com,"2870 NY-49, Central Square, NY 13036",http://www.sweetaromacafecny.com/,syracuse,,,rejected,no_shop
Tug Hill Artisan Roasters,tughillartisanroasters.com,"7514 S State St, Lowville, NY 13367",http://tughillartisanroasters.com/?utm_source=google&utm_medium=wix_google_business_profile&utm_campaign=8525489665835256488,liverpool,,,rejected,no_store_page
Roast House Coffee Co.,roasthousecoffee.co,"1161 E 151st St S #100, Glenpool, OK 74033",https://roasthousecoffee.co/,liverpool,,,rejected,no_coffee_keywords
Empire Coffee Roasters,empirecoffeeny.com,"11 Grace Church St, Port Chester, NY 10573",http://www.empirecoffeeny.com/,liverpool,,,rejected,no_shop
The Retreat,retreatrestaurant.com,"302 Vine St, Liverpool, NY 13088",https://www.retreatrestaurant.com/,liverpool,,,rejected,no_coffee_keywords
Nichols Supermarkets Inc,nicholsliverpool.com,"327 1st St, Liverpool, NY 13088",http://www.nicholsliverpool.com/,liverpool,,,rejected,no_coffee_keywords
BJ's Wholesale Club,bjs.com,"2 Chevy Dr, East Syracuse, NY 13057",https://www.bjs.com/cl/east-syracuse/0045/?trc=locl%7Cggmb%7Cweb%7Cxlob%7Cxlob%7Clocdist%7C0045%7Cstore%7C20240816,east syracuse,,,rejected,no_coffee_keywords
DiBella's Subs,dibellas.com,"5805 Bridge St, Syracuse, NY 13057",https://www.dibellas.com/,east syracuse,,,rejected,no_coffee_keywords
Walmart Supercenter,walmart.com,"6438 Basile Rowe, East Syracuse, NY 13057",https://www.walmart.com/store/2166-east-syracuse-ny/?veh=seo_loc,east syracuse,,,rejected,no_coffee_keywords
The Milk House Coffee Co.,milkhousecoffee.com,"4405 Rucker Ave, Everett, WA 98203",https://www.milkhousecoffee.com/,east syracuse,,,rejected,no_shop
Bruegger's Bagels,locations.brueggers.com,"3065 Erie Blvd E, De Witt, NY 13224",https://locations.brueggers.com/us/ny/dewitt/3065-erie-boulevard-east?y_source=1_OTczMjIwMy03MTUtbG9jYXRpb24ud2Vic2l0ZQ%3D%3D,east syracuse,,,rejected,no_shop
Sergi Coffee Roaster,sergicoffee.com,"780 Sunrise Hwy, West Babylon, NY 11704",http://www.sergicoffee.com/,fayetteville,,,rejected,scrape_failed
Dariene Coffee,darienecoffee.com,"501 Broadway, West Babylon, NY 11704",https://darienecoffee.com/,fayetteville,,,rejected,no_shop
City Cafe and Bakery,citycafeandbakery.com,"215 Glynn St S, Fayetteville, GA 30214",https://www.citycafeandbakery.com/,fayetteville,,,rejected,no_shop
Spill The Tea Cafe and Infusion Yoga Studio,spilltheteacafe.com,"208 N Main St, Minoa, NY 13116",http://www.spilltheteacafe.com/,fayetteville,,,rejected,no_shop
Kaffa Roaster and Studio,kaffaroasterystudio.com,"10920 88 Ave NW, 10920 88ave nw #201, Edmonton, AB T6G 0Z1",https://www.kaffaroasterystudio.com/,edmonton,,,rejected,no_store_page
NXT Roasters - Freshly roasted coffee,nxtroasters.com,"10352 68 Ave NW, Edmonton, AB T6H 2A7",https://nxtroasters.com/,edmonton,,,rejected,no_shop
The Wall Coffee Roasters,thewallcoffeeroasters.com,"27717 Acheson Rd, Acheson, AB T7X 6B1",https://www.thewallcoffeeroasters.com/,edmonton,,,rejected,no_store_page
BOXCAR COFFEESHOP,boxcarcoffeeshop.ca,"11926 129 Ave NW, Edmonton, AB T5E 0N3",http://boxcarcoffeeshop.ca/,edmonton,,,rejected,no_shop
Stopgap Coffee,stopgapcoffee.com,"9749 111 St NW, Edmonton, AB T5K 0E1",http://www.stopgapcoffee.com/,edmonton,,,rejected,no_shop
Jafa Coffee,jafacoffee.com,"13131 35 St NW, Edmonton, AB T5A 5C6",https://jafacoffee.com/,edmonton,,,rejected,no_store_page
ADD Coffee,addcoffee.ca,"11624 145 St NW, Edmonton, AB T5M 1V8",http://www.addcoffee.ca/,edmonton,,,rejected,no_shop
Tea And Coffee Company,teaandcoffeecompany.com,"10561 111 St NW, Edmonton, AB T5H 3E8",http://www.teaandcoffeecompany.com/,edmonton,,,rejected,scrape_failed
Bar Oro Caffè & Lounge,baroro.ca,"10550 Jasper Ave, Edmonton, AB T5J 1Z7",http://www.baroro.ca/,edmonton,,,rejected,no_shop
Respire Coffeehouse,respirecoffee.ca,"3550 76 Ave NW, Edmonton, AB T6B 2N8",https://www.respirecoffee.ca/,edmonton,,,rejected,no_shop
Roam Cafe,roamcafeyeg.com,"10130 112 St NW, Edmonton, AB T5K 2K4",http://roamcafeyeg.com/,edmonton,,,rejected,no_shop
Coffee Bureau - Mercury Block,coffeebureau.square.site,"12316 102 Ave NW, Edmonton, AB T5N 3S3",http://coffeebureau.square.site/,edmonton,,,rejected,scrape_failed
PACT Coffee,pactcoffee.ca,"10370 Whyte Ave NW, Edmonton, AB T6E 1Z8",http://www.pactcoffee.ca/,edmonton,,,rejected,no_shop
Island Brew Coffee House,islandbrewcoffee.ca,"10802 124 St, Edmonton, AB T5M 0H3",http://islandbrewcoffee.ca/,edmonton,,,rejected,no_store_page
BE Coffee,becoffeeyeg.ca,"11015 26 Ave NW, Edmonton, AB T6J 5V3",http://www.becoffeeyeg.ca/,edmonton,,,rejected,no_shop
Lui-Chi’s Coffee,luichiscoffee.com,"10020 101A Ave, Edmonton, AB T5J 3G2",http://www.luichiscoffee.com/,edmonton,,,rejected,no_shop
Square 1 Coffee - Mayfield,square1coffee.ca,"16819 111 Ave NW, Edmonton, AB T5M 2S4",https://www.square1coffee.ca/,edmonton,,,rejected,no_shop
Cafe Bel-Air,cafebelair.ca,"8020 101 St NW, Edmonton, AB T6E 3R1",https://www.cafebelair.ca/,edmonton,,,rejected,no_coffee_keywords
Tala Coffee Trading,talacoffee.ca,"3305 Orchards Link SW #104, Edmonton, AB T6X 2H1",http://talacoffee.ca/,edmonton,,,rejected,no_shop
Doorstep Barista,doorstepbarista.ca,"9807 62 Ave NW, Edmonton, AB T6E 0E4",https://doorstepbarista.ca/,edmonton,,,rejected,no_shop
Cloverdale Coffee,cloverdalecoffee.ca,"9407 98 Ave NW, Edmonton, AB T6C 2C8",http://www.cloverdalecoffee.ca/,edmonton,,,rejected,no_shop
Planet Coffee Edmonton,planetedmonton.com,"9408 39 Ave NW, Edmonton, AB T6E 5T9",https://www.planetedmonton.com/,edmonton,,,rejected,no_shop
Awake Coffee House,awake.cafe,"11029 9 Ave NW, Edmonton, AB T6J 6T5",http://awake.cafe/,edmonton,,,rejected,no_shop
The Woodrack Café,thewoodrackcafe.com,"10324 Whyte Ave NW #102, Edmonton, AB T6E 1Z8",http://www.thewoodrackcafe.com/,edmonton,,,rejected,no_shop
ANVIL Coffee House,anvilcoffeehouse.com,"6148 90 Ave NW, Edmonton, AB T6B 0P2",http://anvilcoffeehouse.com/,edmonton,,,rejected,no_shop
Krew Cafe,krew-cafe.square.site,"5722 111 St NW, Edmonton, AB T6H 3G1",https://krew-cafe.square.site/,edmonton,,,rejected,scrape_failed
Block 1912 Cafe,block1912.com,"10361 Whyte Ave NW, Edmonton, AB T6E 1Z9",http://www.block1912.com/,edmonton,,,rejected,no_shop
Take Care Cafe,takecarecafe.co,"9621 Whyte Ave NW, Edmonton, AB T6C 0Z9",http://www.takecarecafe.co/,edmonton,,,rejected,no_shop
Brown Butter Cafe,brownbuttercafe.com,"1528 91 St SW, Edmonton, AB T6X 1M5",http://www.brownbuttercafe.com/,edmonton,,,rejected,no_shop
Credo Coffee,credocoffee.ca,"10134 104 Street NW, Edmonton, AB T5J 0B5",http://www.credocoffee.ca/,edmonton,,,rejected,no_shop
Dirtbag Cafe,rockjungleclimbing.ca,"10505 107 St NW, Edmonton, AB T5H 2Y5",https://www.rockjungleclimbing.ca/dirtbag-cafe,edmonton,,,rejected,no_shop
Waves Coffee House - WEM,wavescoffee.ca,"8882 170 St NW k013, Edmonton, AB T5T 3J7",https://www.wavescoffee.ca/,edmonton,,,rejected,scrape_failed
District Café & Bakery,districtcafe.ca,"10011 109 St NW #101, Edmonton, AB T5J 0B9",https://districtcafe.ca/,edmonton,,,rejected,no_shop
Waves Coffee House - Rabbit Hill,wavescoffee.com,"5124 Mullen Rd, Edmonton, AB T6R 0S9",http://wavescoffee.com/,edmonton,,,rejected,scrape_failed
Andromeda Coffee,snowdome.coffee,"607 Patricia St Upper Level, Jasper, AB T0E 1E0",https://snowdome.coffee/,edmonton,,,rejected,no_shop
Farrow Ritchie,farrowsandwiches.ca,"9855 76 Ave NW, Edmonton, AB T6E 1K6",http://farrowsandwiches.ca/,edmonton,,,rejected,no_shop
Turkish Coffee House,turkishcoffeehouse.ca,"24 Perron St Unit 50, St. Albert, AB T8N 1E7",https://www.turkishcoffeehouse.ca/,st. albert,,,rejected,no_shop
Sunday coffee roaster,sundaycoffee.ca,"114 Wylie Pl, Fort McMurray, AB T9H 4R4",http://sundaycoffee.ca/,st. albert,,,rejected,no_shop
TasTea Yours,facebook.com,"31 Fairview Blvd #101, St. Albert, AB T8N 3M5",https://www.facebook.com/tasteayours,st. albert,,,rejected,no_coffee_keywords
Tealicious Blend,tealiciousblend.com,"11 St Anne St, St. Albert, AB T8N 1E8",http://www.tealiciousblend.com/,st. albert,,,rejected,no_shop
Confections cake co.,confectionscakeco.com,"15 Perron St Unit 140, St. Albert, AB T8N 1E5",http://www.confectionscakeco.com/,st. albert,,,rejected,no_coffee_keywords
...is good Coffee Bar & more,isgoodcoffeebar.ca,"4715 50 Ave Unit 201, Calmar, AB T0C 0V0",http://www.isgoodcoffeebar.ca/,st. albert,,,rejected,no_shop
Glasshouse Kitchen|Bar,glasshousekitchenbar.com,"Entrance - Glasshouse Gate, 100, 101 Riel Dr, St. Albert, AB T8N 3X4",http://www.glasshousekitchenbar.com/,st. albert,,,rejected,no_coffee_keywords
"Canadian Roasting Society, Dreamy Cafe.",canadianroastingsociety.ca,"3780 Saint-Patrick St., Montreal, Quebec H4E 1A2",https://www.canadianroastingsociety.ca/,st. albert,,,rejected,no_shop
Good Earth Coffeehouse,goodearthcoffeehouse.com,"130 Bellerose Dr, St. Albert, AB T8N 8N8",http://goodearthcoffeehouse.com/,st. albert,,,rejected,no_shop
BreadLove Inc,breadlove.ca,"46C St Michael St, St. Albert, AB T8N 1C9",http://www.breadlove.ca/,st. albert,,,rejected,no_coffee_keywords
Leduc Coffee Shop,magpiescollection.com,"4728 50th Ave, Leduc, AB T9E 6Y6",http://www.magpiescollection.com/,leduc,,,rejected,no_shop
Range Road Roasters,rangeroadroasters.ca,"48434 Range Rd 281, Thorsby, AB T0C 2P0",http://www.rangeroadroasters.ca/,leduc,,,rejected,no_shop
Prestigio Bakery,prestigiobakerybistro.com,"5210 50th Ave, Leduc, AB T9E 6V2",http://www.prestigiobakerybistro.com/,leduc,,,rejected,no_coffee_keywords
The Coffee Shop in Devon,thecoffeeshopindevon.ca,"3 Superior St Unit 102, Devon, AB T9G 1E9",http://www.thecoffeeshopindevon.ca/,leduc,,,rejected,no_coffee_keywords
Phat Tony's Bistro & Cafe,phattonys.ca,"5607A 50 St, Leduc, AB T9E 6Z7",http://www.phattonys.ca/,leduc,,,rejected,no_shop
G.O.A.T Coffee Co,thegoatcoffeeco.ca,"3805 48 Ave, Camrose, AB T4V 2Y9",http://www.thegoatcoffeeco.ca/,leduc,,,rejected,no_shop
LOS ANDES COFFEE ROASTERS & PASTRIES,losandescoffeeroasters.ca,"5373 Edgemont Blvd NW, Edmonton, AB T6M 3C6",http://www.losandescoffeeroasters.ca/,leduc,,,rejected,scrape_failed
Venn Coffee Roasters,venncoffeeroasters.com,"216 Avenue D N, Saskatoon, SK S7L 1M6",http://www.venncoffeeroasters.com/,fort saskatchewan,,,rejected,wrong_region
1905 Coffee Company,1905coffeecompany.ca,"NW 03-40-04 West of the 3rd Meridian, Osler, SK S0K 3A0",https://1905coffeecompany.ca/,fort saskatchewan,,,rejected,wrong_region
SasKoffee Roastery,saskoffeeroastery.ca,"RM of, 19 21 W2 NE 28, Lumsden No. 189, SK S0G 3C0",https://saskoffeeroastery.ca/,fort saskatchewan,,,rejected,wrong_region
Duck Mountain Coffee Roasting Company,duckmountaincoffee.square.site,"2050 Pinkie Rd, Regina, SK S4R 8R6",http://duckmountaincoffee.square.site/,fort saskatchewan,,,rejected,wrong_region
Prairie Bean Roastery 219 LTD,prairiebean.com,"Outlook, SK S0L 2N0",http://www.prairiebean.com/,fort saskatchewan,,,rejected,wrong_region
Caliber Coffee Roasters,calibercoffee.ca,"1400 St John St, Regina, SK S4R 1S4",http://www.calibercoffee.ca/,fort saskatchewan,,,rejected,wrong_region
Black Pearl Coffee - Beans,blackpearlcoffee.ca,"Black pearl, 460 Dufferin Ave., Winnipeg, MB R2W 2Y5",http://www.blackpearlcoffee.ca/,fort saskatchewan,,,rejected,wrong_region
Zemona Coffee,zemona.ca,"West, 7th Ave. W, Watrous, SK S0K 4T0",https://www.zemona.ca/,fort saskatchewan,,,rejected,wrong_region
Mokha Coffee House,mymokhacafe.com,"5344 Admiral Girouard St, Edmonton, AB T5X 3N5",http://mymokhacafe.com/,fort saskatchewan,,,rejected,no_shop
Spinelli's Bar Italia,italiancentre.ca,"Sherwood Park, AB T8H 0P1",https://italiancentre.ca/spinellis-bar-italia/,fort saskatchewan,,,rejected,no_shop
Nuestra Coffee Shop,nuestra.ca,"7601 112 Ave NW, Edmonton, AB T5B 0H4",https://www.nuestra.ca/,fort saskatchewan,,,rejected,no_shop
Cafe Haven,cafehaven.ca,"9 Sioux Rd, Sherwood Park, AB T8A 4C7",http://www.cafehaven.ca/,fort saskatchewan,,,rejected,scrape_failed
Strada Coffee Co.,stradacoffeeco.com,"5003 50 Ave, Camrose, AB T4V 0S4",https://stradacoffeeco.com/,fort saskatchewan,,,rejected,no_shop
Station Coffee Co.,stationcoffeeco.ca,"644 2 St SE, Medicine Hat, AB T1A 0C9",https://stationcoffeeco.ca/,fort saskatchewan,,,rejected,no_shop
Dara's Luxury Decor & Coffee Bar,daras.ca,"5111 50 St, Stony Plain, AB T7Z 1T5",http://www.daras.ca/,fort saskatchewan,,,rejected,no_shop
Morning Brew (192),morningbrew192.com,"51056 Range Rd 204, Sherwood Park, AB T8G 1E5",http://morningbrew192.com/,fort saskatchewan,,,rejected,no_shop
Felice Cafe,felicecafe.ca,"10930 84 Street NW, Edmonton, AB T5H 1M7",https://www.felicecafe.ca/,fort saskatchewan,,,rejected,no_shop
ch. Cafeteria,chcafeteria.ca,"14802 Stony Plain Rd, Edmonton, AB T5N 3S5",https://chcafeteria.ca/,fort saskatchewan,,,rejected,no_shop
Tim Hortons,locations.timhortons.ca,"10080 88 Ave, Fort Saskatchewan, AB T8L 0J4",http://locations.timhortons.ca/en/ab/fort-saskatchewan/10080-88-ave,fort saskatchewan,,,rejected,no_shop
Fort Saskatchewan Home Hardware Building Centre,homehardware.ca,"8817 111 St, Fort Saskatchewan, AB T8L 3S6",https://www.homehardware.ca/en/store/50314?utm_source=google&utm_medium=organic_search&utm_campaign=local_seo&utm_content=50314,fort saskatchewan,,,rejected,no_coffee_keywords
Walmart Supercentre,walmart.ca,"9551 87 Ave, Fort Saskatchewan, AB T8L 4N3",https://www.walmart.ca/en/store/5753?utm_source=local&utm_medium=listings&utm_campaign=sc&cmpid=gmb,fort saskatchewan,,,rejected,no_coffee_keywords
Great North Cookie Co.,greatnorthcookieco.com,"20 McLeod Ave #1, Spruce Grove, AB T7X 3Y1",http://www.greatnorthcookieco.com/,spruce grove,,,rejected,no_coffee_keywords
Bubble Tea & Coffee Lab -Spruce Grove,btcl.ca,"100 King St #3, Spruce Grove, AB T7X 0J6",http://www.btcl.ca/,spruce grove,,,rejected,no_shop
Perks Coffee House,perkscoffeehouse.ca,"420 King St #9, Spruce Grove, AB T7X 2C5",http://perkscoffeehouse.ca/,spruce grove,,,rejected,no_shop
The Mill Artisanal Bakery,themillbakery.ca,"Spruce Grove, AB T0E 0N0",http://www.themillbakery.ca/,spruce grove,,,rejected,no_coffee_keywords
Mogiana Coffee,mogianacoffee.com,"7037 Antrim Ave, Burnaby, BC V5J 4M5",http://www.mogianacoffee.com/,beaumont,,,rejected,wrong_region
Caffe Monte Coffee Roasters,caffemonte.com,"6703 30 St SE, Calgary, AB T2C 1N6",http://www.caffemonte.com/,beaumont,,,rejected,scrape_failed
Jef's Café,jefscafe.ca,"5012 50 St, Beaumont, AB T4X 1E6",http://jefscafe.ca/,beaumont,,,rejected,no_shop
The Foxhole Canteen,foxholecanteen.ca,"10220 100 Ave, Morinville, AB T8R 1P9",https://foxholecanteen.ca/,morinville,,,rejected,no_shop
The Hub Coffee Roaster @ Hamilton,thehubcoffee.ca,"191 King St E, Hamilton, ON L8N 1B3",https://www.thehubcoffee.ca/,hamilton,,,rejected,no_store_page
Vintage Coffee Roasters,vintagecoffeeroasters.ca,"977 King St E, Hamilton, ON L8M 1C3",http://www.vintagecoffeeroasters.ca/,hamilton,,,rejected,no_shop
One For All Coffee,instagram.com,"241 King St E, Hamilton, ON L8N 1B6",http://instagram.com/oneforallcoffee,hamilton,,,rejected,no_shop
Durand Coffee,durandcoffee.ca,"142 Charlton Ave W, Hamilton, ON L8P 2C7",http://durandcoffee.ca/,hamilton,,,rejected,no_shop
Rooney's,shoprooneys.ca,"724 Main St E, Hamilton, ON L8M 1K9",http://www.shoprooneys.ca/,hamilton,,,rejected,scrape_failed
Grey Roasting Co | The Tasting Room,greyroastingco.com,"401 Grey Street, Hamilton East, Hamilton 3216, New Zealand",https://greyroastingco.com/,hamilton,,,rejected,no_store_page
House Of Java,thehouseofjava.ca,"200 James St S #101, Hamilton, ON L8P 3A9",http://www.thehouseofjava.ca/,hamilton,,,rejected,no_shop
Coffee Run Co.,coffeerunco.ca,"148 James St S, Hamilton, ON L8P 3A2",http://coffeerunco.ca/,hamilton,,,rejected,no_shop
Smalls Coffee,smalls.coffee,"8 Cannon St E, Hamilton, ON L8L 1Z5",http://smalls.coffee/,hamilton,,,rejected,no_shop
Selo Cafe + Wine Bar,selocafe.ca,"13 Hess St S, Hamilton, ON L8P 3M7",http://selocafe.ca/,hamilton,,,rejected,no_shop
Daigyo Café Hamilton,daigyo.ca,"125 King St E, Hamilton, ON L8N 1A9",http://www.daigyo.ca/,hamilton,,,rejected,no_store_page
School Specialty Coffee,schoolcoffee.ca,"On Upper Level, across from RW&CO & Apple Store, 900 Maple Ave unit# BB37B, Burlington, ON L7T 2R8",http://schoolcoffee.ca/,hamilton,,,rejected,no_shop
Redchurch Cafe + Gallery,redchurchcafe.com,"Victoria Hall, 68 King St E, Hamilton, ON L8N 1A6",http://www.redchurchcafe.com/,hamilton,,,rejected,no_store_page
Cherry Birch General,cherrybirchgeneral.ca,"219 King St E, Hamilton, ON L8N 1B6",http://www.cherrybirchgeneral.ca/,hamilton,,,rejected,no_store_page
Incline Coffee Co,townhallsocial.com,"581 Concession St, Hamilton, ON L8V 1B2",https://www.townhallsocial.com/inclinecoffeeco,hamilton,,,rejected,no_shop
Peach Coffee Co. Aldershot,peachcoffeeco.com,"175 Plains Rd E, Burlington, ON L7T 2C4",http://www.peachcoffeeco.com/,hamilton,,,rejected,no_store_page
Reunion Coffee Roasters,reunioncoffeeroasters.com,"2421 Royal Windsor Dr, Oakville, ON L6J 7X6",https://reunioncoffeeroasters.com/,hamilton,,,rejected,no_store_page
Carvalho Coffee Roasters,carvalhocoffee.ca,"775 Pacific Rd #30, Oakville, ON L6L 6M4",http://www.carvalhocoffee.ca/,hamilton,,,rejected,no_store_page
SYNONYM,synonymshop.com,"328 James St N, Hamilton, ON L8L 1H2",http://www.synonymshop.com/,hamilton,,,rejected,no_shop
Hatch Coffee Roasters,hatchcrafted.com,"802 Cochrane Dr Unit B, Markham, ON L3R 8C9",http://www.hatchcrafted.com/,hamilton,,,rejected,no_store_page
Pilot Coffee Roasters,pilotcoffeeroasters.com,"439 Richmond St W, Toronto, ON M5V 1X9",https://www.pilotcoffeeroasters.com/,hamilton,,,rejected,no_shop
Cafe Baffico - Sourdough Doughnuts + Pizza,cafebaffico.com,"1375 King St E, Hamilton, ON L8M 1H6",http://www.cafebaffico.com/,hamilton,,,rejected,no_shop
Gold Star Coffee,goldstarcoffee.ca,"80 Hanlan Rd Unit# 12, Woodbridge, ON L4L 3P6",http://www.goldstarcoffee.ca/,hamilton,,,rejected,no_store_page
Mulberry Coffeehouse,mulberrycoffeehouse.com,"193 James St N, Hamilton, ON L8R 2L2",https://www.mulberrycoffeehouse.com/,hamilton,,,rejected,no_shop
Mezza Caffe,mezacaffe.ca,"28 James St N Unit 104, Hamilton, ON L8R 2K1",http://mezacaffe.ca/,hamilton,,,rejected,no_shop
Dark Horse Espresso Bar,darkhorseespresso.com,"1783 Stone Church Rd E, Stoney Creek, ON L8W 0B4",https://darkhorseespresso.com/,hamilton,,,rejected,no_shop
The Cannon,thecannon.coffee,"180 Ottawa St N, Hamilton, ON L8H 3Z3",http://www.thecannon.coffee/,hamilton,,,rejected,no_coffee_keywords
El Pacho Coffee Roasters,facebook.com,"40 University Ave Unit 8, Toronto, ON M5J 1T1",https://www.facebook.com/profile.php?id=61561766413690,hamilton,,,rejected,no_coffee_keywords
Mikel Coffee,mikelcoffee.com,"1008 King St W, Hamilton, ON L8S 1L4",http://www.mikelcoffee.com/,hamilton,,,rejected,no_shop
Café Oranje,cafeoranje.ca,"312 King St E, Hamilton, ON L8N 1C2",http://www.cafeoranje.ca/,hamilton,,,rejected,no_store_page
Saint James,saint-james.ca,"170 James St N, Hamilton, ON L8R 2L1",http://www.saint-james.ca/,hamilton,,,rejected,no_shop
Coffee Culture Cafe & Eatery,coffeeculturecafe.com,"140 Centennial Pkwy N, Hamilton, ON L8E 1H9",https://www.coffeeculturecafe.com/,hamilton,,,rejected,no_shop
Dundurn Market,mrktbox.com,"346 Dundurn St S, Hamilton, ON L8P 4L6",http://mrktbox.com/,hamilton,,,rejected,no_shop
RC Coffee Robo Cafe,rccoffee.com,"36 Church St, Toronto, ON M5E 1R9",https://www.rccoffee.com/church-st-coffee,hamilton,,,rejected,no_shop
Tribeca Coffee Co.,tribecacoffeeco.ca,"174 Lakeshore Rd E, Oakville, ON L6J 1H6",https://www.tribecacoffeeco.ca/,hamilton,,,rejected,no_shop
416 Coffee Co. Roasting Facility,416-coffee.com,"32 Wright St, St. Catharines, ON L2P 3J4",http://www.416-coffee.com/,hamilton,,,rejected,no_store_page
Ninetails Coffee | Bloor,ninetailscoffeebar.ca,"651 Bloor St W, Toronto, ON M6G 1L1",https://ninetailscoffeebar.ca/,hamilton,,,rejected,no_shop
Arrowhead Coffee Company Ltd.,bit.ly,"514 Queenston St #7, St. Catharines, ON L2P 0E1",https://bit.ly/33E4XH5,hamilton,,,rejected,no_shop
Donut Monster,donutmonster.ca,"246 Locke St S, Hamilton, ON L8P 4B9",http://www.donutmonster.ca/,hamilton,,,rejected,scrape_failed
Faema Hamilton Showroom,faema.ca,"265 James St N, Hamilton, ON L8R 2L2",https://www.faema.ca/,hamilton,,,rejected,no_shop
Tamp Coffee Co.,tampcoffee.com,"480 Brant St, Burlington, ON L7R 2G4",http://tampcoffee.com/,hamilton,,,rejected,no_store_page
Cafe O,roastedcoffeebeans.ca,"901 Victoria St N, Kitchener, ON N2B 2C6",http://www.roastedcoffeebeans.ca/,hamilton,,,rejected,no_store_page
Hockley General Store,hockleygeneralstore.com,"994227 Mono Adjala Townline, Orangeville, ON L9W 2Z2",http://www.hockleygeneralstore.com/,hamilton,,,rejected,no_shop
Archtop Coffee Bar & Market,archtopcafe.myshopify.com,"91 Lakeshore Rd E, Mississauga, ON L5G 2Y5",https://archtopcafe.myshopify.com/,hamilton,,,rejected,no_shop
Roasta Cafe & Eatery,roasta.com,"3221 Appleby Line Unit 3, Burlington, ON L7M 0V7",http://www.roasta.com/,burlington,,,rejected,no_shop
Humble Bean Coffee Bar,humblebean.ca,"3410 Mainway, Burlington, ON L7M 1A8",https://www.humblebean.ca/,burlington,,,rejected,no_shop
Half Sweet Cafe,halfsweetcafes.com,"1400 Plains Rd E, Burlington, ON L7R 3P8",https://www.halfsweetcafes.com/,burlington,,,rejected,no_shop
Wet Coffee,wetcoffeecommunity.com,"111 Kerr St, Oakville, ON L6K 3A4",http://wetcoffeecommunity.com/,burlington,,,rejected,scrape_failed
Ezra's Pound,ezraspound.com,"238 Dupont St, Toronto, ON M5R 1V7",http://ezraspound.com/,burlington,,,rejected,no_shop
The Bearded Barista,thebeardedbarista.ca,"104 Main St S UNIT A, Rockwood, ON N0B 2K0",http://thebeardedbarista.ca/,burlington,,,rejected,no_shop
HotBlack Coffee,hotblack-coffee.com,"245 Queen St W, Toronto, ON M5V 1Z4",https://hotblack-coffee.com/,burlington,,,rejected,no_shop
Aroma Pastry,aromapastry.ca,"361 Brant St, Burlington, ON L7R 2E7",http://aromapastry.ca/,burlington,,,rejected,no_shop
Pearle's Cafe,thepearlehotel.ca,"3 Elizabeth St, Burlington, ON L7R 0A4",https://thepearlehotel.ca/,burlington,,,rejected,no_shop
Lettuce Love Café,lettucelovecafe.com,"399 John St, Burlington, ON L7R 2K3",https://www.lettucelovecafe.com/,burlington,,,rejected,no_shop
Pür & Simple,pursimple.com,"1940 Appleby Line Unit 22, Burlington, ON L7L 0B7",https://pursimple.com/restaurant/burlington-north/,burlington,,,rejected,no_coffee_keywords
Taste of Colombia - Fair Trade Coffee & Gift Shop,tasteofcolombia.ca,"67 Bronte Rd, Oakville, ON L6L 3B7",http://tasteofcolombia.ca/,burlington,,,rejected,no_shop
Artisan Pizza,artisanpizza.ca,"2444 New St #4, Burlington, ON L7R 1J6",http://artisanpizza.ca/,burlington,,,rejected,no_shop
AU79 COFFEE,au79coffee.ca,"2464 Lakeshore Rd W #4, Oakville, ON L6L 1H8",http://au79coffee.ca/,burlington,,,rejected,no_shop
Saving Thyme Patisserie & Bistro,savingthyme.ca,"450 Appleby Line, Burlington, ON L7L 2Y2",http://www.savingthyme.ca/,burlington,,,rejected,no_coffee_keywords
Variety Cafe,variety-cafe.square.site,"466 Dufferin Ave, London, ON N6B 1Z7",https://variety-cafe.square.site/,burlington,,,rejected,scrape_failed
Demetres Desserts Burlington,demetres.com,"1250 Brant St, Burlington, ON L7P 1X8",https://demetres.com/locations/burlington,burlington,,,rejected,no_coffee_keywords
Canyon Creek Coffee Company,canyoncreekcoffee.com,"3960 Lund Ave, Smithers, BC V0J 2N3",http://www.canyoncreekcoffee.com/,stoney creek,,,rejected,wrong_region
Craft 42 Roasters,craft42roasters.ca,"1178 High Rd, Kelowna, BC V1Y 7B1",http://www.craft42roasters.ca/,stoney creek,,,rejected,wrong_region
Stone City Coffee Roasters,stonecitycoffeeroasters.com,"178 MB-12 #1, Steinbach, MB R5G 1T6",https://www.stonecitycoffeeroasters.com/,stoney creek,,,rejected,wrong_region
Big Creek Coffee Roasters,bigcreekcoffee.com,"301 W Main St, Hamilton, MT 59840, United States",https://bigcreekcoffee.com/,stoney creek,,,rejected,wrong_region
StoHo.,stoho.ca,"2 King St E, Stoney Creek, ON L8G 1J8",https://www.stoho.ca/,stoney creek,,,rejected,no_shop
Cold Creek Coffee Roasters,coldcreekcoffeeroasters.com,"230 Haynes Rd, Castleton, ON K0K 1M0",http://www.coldcreekcoffeeroasters.com/,stoney creek,,,rejected,no_shop
Brew Crew Coffee Service,brewcrewcoffee.ca,"365 Fruitland Rd, Stoney Creek, ON L8E 0E9",http://www.brewcrewcoffee.ca/,stoney creek,,,rejected,no_coffee_keywords
Brazilian Canadian Coffee Co,braziliancoffeeco.com,"1260 Martin Grove Rd, Etobicoke, ON M9W 4X3",http://www.braziliancoffeeco.com/,stoney creek,,,rejected,no_shop
Mountain View Estates Coffee,estatescoffee.com,"1260 Martin Grove Rd, Etobicoke, ON M9W 1N3",https://estatescoffee.com/,stoney creek,,,rejected,no_store_page
Raw Roots,rawrootscafe.ca,"38 King St E Unit 2, Stoney Creek, ON L8G 1K1",http://rawrootscafe.ca/,stoney creek,,,rejected,no_shop
Turtle Crossing Craft Tea & Coffee Roaster,turtlecrossingcafe.ca,"5608 Penetanguishene Rd, Elmvale, ON L0L 1P0",https://turtlecrossingcafe.ca/,stoney creek,,,rejected,no_shop
Scout Cafe Restaurant,scoutrestaurant.ca,"100 King St W, Stoney Creek, ON L8G 1J1",https://scoutrestaurant.ca/,stoney creek,,,rejected,no_shop
Station 1 Coffeehouse & Eatery,stationonecoffeehouse.ca,"28 Main St E, Grimsby, ON L3M 1M9",https://www.stationonecoffeehouse.ca/,stoney creek,,,rejected,scrape_failed
Alternative Grounds Coffee Roasters,alternativegrounds.com,"100 Ringwood Dr #15, Whitchurch-Stouffville, ON L4A 1A9",https://alternativegrounds.com/,stoney creek,,,rejected,no_shop
Trails Cafe,trailscafe.ca,"286 Wilson St E, Ancaster, ON L9G 2B9",https://trailscafe.ca/,ancaster,,,rejected,no_shop
Caniche French Bakery,canichebakery.com,"346 Wilson St E, Ancaster, ON L9G 2C2",http://www.canichebakery.com/,ancaster,,,rejected,no_shop
Íos Agora & Bakery,iosagora.ca,"821 Golf Links Rd Unit 7, Ancaster, ON L9K 1L5",https://iosagora.ca/,ancaster,,,rejected,no_coffee_keywords
Castelli Mercato,castellimercato.ca,"13 Hatton Dr, Ancaster, ON L9G 2H5",http://www.castellimercato.ca/,ancaster,,,rejected,scrape_failed
The Grove Cafe,thegrovecafe.ca,"295 Lancaster St W Unit B, Kitchener, ON N2H 4V4",http://www.thegrovecafe.ca/,ancaster,,,rejected,no_shop
Fenwood Farm,fenwoodfarm.com,"774 Sawmill Rd, Ancaster, ON L9G 3L1",http://www.fenwoodfarm.com/,ancaster,,,rejected,no_shop
Café Domestiique,cafedomestiique.com,"102 King St W, Dundas, ON L9H 2V6",http://www.cafedomestiique.com/,ancaster,,,rejected,no_shop
Symposium Cafe Restaurant Ancaster,symposiumcafe.com,"1146 Wilson St W, Ancaster, ON L9G 3K9",https://symposiumcafe.com/locations/ancaster-restaurants,ancaster,,,rejected,no_shop
Little Red Coffee & Catering (Fort Erie),littleredcoffee.ca,"46 Queen St, Fort Erie, ON L2A 1T8",http://littleredcoffee.ca/,ancaster,,,rejected,no_shop
The Egg & I Restaurant Ancaster,eggni.ca,"1242 Garner Rd W, Ancaster, ON L9G 3K9",https://www.eggni.ca/,ancaster,,,rejected,no_shop
Found Coffee | College,found.coffee,"324 College St, Toronto, ON M5T 1S3",http://found.coffee/,ancaster,,,rejected,no_shop
Quantum Coffee,quantumcoffee.io,"482 Front St W, Toronto, ON M5V 0W1",https://quantumcoffee.io/,ancaster,,,rejected,no_shop
Issho Bakery,isshobakery.com,"583 Gerrard St E, Toronto, ON M4M 1Y2",https://www.isshobakery.com/,ancaster,,,rejected,no_shop
The Social Blend | Bakery & Cafe Toronto | Dessert Place,thesocialblend.ca,"130 Eglinton Ave E, Toronto, ON M4P 2X9",http://thesocialblend.ca/,ancaster,,,rejected,no_store_page
Cumulus Cafe,cumuluscafe.com,"1038 Garner Rd W B104, Ancaster, ON L9G 0J2",https://www.cumuluscafe.com/,ancaster,,,rejected,no_shop
Monogram Coffee,monogramcoffee.com,"420 2 St SW, Calgary, AB T2P 3K4",http://monogramcoffee.com/,grimsby,,,rejected,wrong_region
Harbour Grounds Cafe,harbourgroundscafe.com,"420 Winston Rd, Grimsby, ON L3M 0H2",http://harbourgroundscafe.com/,grimsby,,,rejected,no_shop
Dutch Shop (Grimsby),dutchshop.ca,"52 Main St W, Grimsby, ON L3M 1R4",https://www.dutchshop.ca/,grimsby,,,rejected,no_coffee_keywords
Nurish Kitchen,nurishkitchenshop.com,"7 Main St E, Grimsby, ON L3M 1M7",https://nurishkitchenshop.com/menu/,grimsby,,,rejected,no_coffee_keywords
Cordoba Coffee Limited,cordobacoffee.ca,"3634 King St, Caledon, ON L7C 0R5",http://www.cordobacoffee.ca/,grimsby,,,rejected,no_shop
270 Bench Kitchen,benchkitchen.ca,"270 Main St E, Grimsby, ON L3M 5P5",http://www.benchkitchen.ca/,grimsby,,,rejected,no_shop
The Watering Can Pastry Market,thewateringcan.ca,"3725 King St, Vineland, ON L0R 2C0",https://thewateringcan.ca/,grimsby,,,rejected,no_shop
Elpida Café & Roastery,elpidacafe.com,"14 The Queensway S, Keswick, ON L4P 1Y7",http://elpidacafe.com/,grimsby,,,rejected,no_shop
The Olive Board Kitchen & Wine Bar,theoliveboard.com,"371 Winston Rd, Grimsby, ON L3M 0H2",http://www.theoliveboard.com/,grimsby,,,rejected,no_coffee_keywords
SRH Health Foods,srhhealth.ca,"80 Main St W, Grimsby, ON L3M 1R6",http://www.srhhealth.ca/,grimsby,,,rejected,no_coffee_keywords
The Diner Bistro,thedinerbistro.com,"310 Main St W, Grimsby, ON L3M 1S6",https://www.thedinerbistro.com/,grimsby,,,rejected,no_coffee_keywords
50 Point Market,50pointmarket.ca,"15 Lockport Way, Stoney Creek, ON L8E 0H8",http://www.50pointmarket.ca/,grimsby,,,rejected,no_coffee_keywords
Revalee Brunch Café,revalee.ca,"4100 Victoria Ave, Vineland, ON L0R 2C0",http://www.revalee.ca/,grimsby,,,rejected,no_shop
Grand Oak Culinary Market,grandoakculinary.ca,"4600 Victoria Ave, Vineland Station, ON L0R 2E0",http://www.grandoakculinary.ca/,grimsby,,,rejected,no_shop
Steeltown Garage Co.,steeltowngarage.com,"8 Barton St E, Hamilton, ON L8L 2V5",http://www.steeltowngarage.com/,grimsby,,,rejected,no_coffee_keywords
Touch Coffee Smart Bar,touch-coffee.com,"18 Carnegie Ln, Grimsby, ON L3M 1Y1",https://touch-coffee.com/testimonials#add_review,grimsby,,,rejected,no_shop
EcoCoffee,eco-coffee.ca,"584 Colby Dr #1, Waterloo, ON N2V 1A2",http://www.eco-coffee.ca/,grimsby,,,rejected,no_store_page
Jacked Up Coffee Roasting Co.,jackedupcoffee.com,"132 Brock St N, Whitby, ON L1N 4H4",http://www.jackedupcoffee.com/,grimsby,,,rejected,scrape_failed
Cafecito House | Caledonia Local Coffee Shop,cafecitohouse.com,"271 Argyle St S, Caledonia, ON N3W 1K7",https://www.cafecitohouse.com/,caledonia,,,rejected,no_store_page
Revival Coffee Shop,revivalcoffeeshop.com,"172 Argyle St N unit 8, Caledonia, ON N3W 2J7",https://revivalcoffeeshop.com/,caledonia,,,rejected,no_store_page
Copper Kettle Cafe,copperkettlecafe.ca,"312 Dundas St E #4, Waterdown, ON L0R 2H5",http://www.copperkettlecafe.ca/,waterdown,,,rejected,no_store_page
Java Jax Good Roast Coffee & Catering,javajax.ca,"93 Grand Ave S, Cambridge, ON N1S 2L7",https://www.javajax.ca/?utm_source=google&utm_medium=organic&utm_campaign=google_business_profile,waterdown,,,rejected,no_shop
Jitterbug Cafe,jitterbugcafeandcatering.com,"35 Main St N, Waterdown, ON L0R 2H0",http://www.jitterbugcafeandcatering.com/,waterdown,,,rejected,no_store_page
Route Coffee Roasters,routecoffeeroasters.com,"1763A Avenue Rd, North York, ON M5M 3Y8",https://routecoffeeroasters.com/,waterdown,,,rejected,no_coffee_keywords
Early Bird Coffee,earlybirdcoffee.ca,"815 Juliana Dr, Woodstock, ON N4V 1A2",http://earlybirdcoffee.ca/,waterdown,,,rejected,no_store_page
Sparrow Brewing & Roasting Co.,sparrowbrewco.com,"4-54 Guelph Ave, Cambridge, ON N3C 1A3",http://sparrowbrewco.com/,waterdown,,,rejected,no_store_page
Matari Coffee Co.,order.toasttab.com,"3465 Platinum Dr unit 97, Mississauga, ON L5M 2S1",https://order.toasttab.com/online/mataricoffee-mississauga,waterdown,,,rejected,no_coffee_keywords
Waterdown Farmers' Market,waterdownfarmersmarket.ca,"79 Hamilton St N, Waterdown, ON L8B 1A7",http://www.waterdownfarmersmarket.ca/,waterdown,,,rejected,no_coffee_keywords
Waterdown Village,waterdownvillage.ca,"115 Hamilton St N, Waterdown, ON L0R 2H5",https://waterdownvillage.ca/,waterdown,,,rejected,no_shop
Te Aro Coffee Roasters,te-aro.ca,"983 Queen St E, Toronto, ON M4M 1K2",https://te-aro.ca/pages/wholesale/,waterdown,,,rejected,no_shop
Coffee & Tea Junkie Canada,coffeeandteajunkie.ca,"291 Parkside Dr, Waterdown, ON L0R 2H0",https://coffeeandteajunkie.ca/,waterdown,,,rejected,no_shop
Praxis Coffee Roasters,praxiscoffee.com,"114 Linden St, Austin, TX 78702",http://www.praxiscoffee.com/,austin,,,rejected,no_store_page
Merfolk’s Specialty Coffee,merfolksatx.com,"4930 S Congress Ave Ste 304c, Austin, TX 78745",http://merfolksatx.com/,austin,,,rejected,no_shop
Noble Joe Coffee Co.,noblejoe.co,"Southshore Eatery Food Truck Park, 1620 E Riverside Dr, Austin, TX 78741",https://www.noblejoe.co/,austin,,,rejected,no_store_page
Hold Steady Coffee Roastery,holdsteadycoffee.com,"13712 Trail Driver St, Austin, TX 78737",https://www.holdsteadycoffee.com/,austin,,,rejected,no_store_page
Odd Roots Coffee,oddrootscoffee.com,"9600 Old Lockhart Rd, Austin, TX 78747",https://oddrootscoffee.com/,austin,,,rejected,no_coffee_keywords
Klerje Coffee,klerjecoffee.com,"1614 E 6th St #112, Austin, TX 78702",https://www.klerjecoffee.com/,austin,,,rejected,no_store_page
Lone Man Coffee,lonemancoffee.com,"3111 W 35th St, Austin, TX 78703",http://lonemancoffee.com/,austin,,,rejected,no_store_page
Barrett's Coffee,barrettscoffee.com,"713 W St Johns Ave, Austin, TX 78752",https://www.barrettscoffee.com/,austin,,,rejected,no_store_page
The Coffee Quest US | Green Coffee Importer/Exporter,thecoffeequest.com,"1606 W Stassney Ln #2, Austin, TX 78745",http://thecoffeequest.com/usa,austin,,,rejected,no_shop
Brewer's Choice Coffee,brewers-choice.square.site,"E Braker Ln, Austin, TX 78753",https://brewers-choice.square.site/,austin,,,rejected,no_store_page
Afuga Coffee,afugacoffee.com,"31 Navasota St Ste 100, Austin, TX 78702",https://afugacoffee.com/,austin,,,rejected,no_store_page
Trippy Buck Coffee Truck,linktr.ee,"411 W 23rd St, Austin, TX 78705",https://linktr.ee/TrippyBuckCoffee?fbclid=PAZXh0bgNhZW0CMTEAAabL_SdQhHidJFIcwYRKiFoyLWPE7_3VPD7PLFgyfGtVFseVNhjQKClmW5w_aem_j3QCfZahzfV5bSdtjajWvA,austin,,,rejected,no_store_page
Idlewild Coffee,idlewildcoffee.com,"824 W 12th St, Austin, TX 78701",https://www.idlewildcoffee.com/,austin,,,rejected,no_shop
Flitch Coffee,flitchcoffee.com,"641 Tillery St Suite 110, Austin, TX 78702",http://flitchcoffee.com/,austin,,,rejected,no_shop
Mazama Coffee Co,mazamacoffee.com,"301 Mercer St, Dripping Springs, TX 78620",http://www.mazamacoffee.com/,austin,,,rejected,no_store_page
Ghoul Coffee Company,ghoulcoffeecompany.com,"2324 E Cesar Chavez St #A, Austin, TX 78702",https://ghoulcoffeecompany.com/,austin,,,rejected,no_store_page
Dear Diary Coffee,deardiary.coffee,"1212 Chicon St #103, Austin, TX 78702",https://deardiary.coffee/,austin,,,rejected,no_store_page
Radix House Coffee,radixhouse.com,"Coffee Shop, 2701 W William Cannon Dr, Austin, TX 78745",https://www.radixhouse.com/,austin,,,rejected,no_store_page
Rocket Coffee ATX & Pastries,rocketcoffeetx.com,"8701 W Parmer Ln #2127, Austin, TX 78729",https://www.rocketcoffeetx.com/,austin,,,rejected,no_store_page
Cenizo,cenizoatx.com,"7033 Union Park Ln, Austin, TX 78744",http://www.cenizoatx.com/,austin,,,rejected,no_store_page
Civil Goat,civilgoat.com,"3423 Guadalupe St, Austin, TX 78705",http://www.civilgoat.com/,austin,,,rejected,no_store_page
Once Over Coffee Bar,onceovercoffeebar.com,"2009 S 1st St #100, Austin, TX 78704",http://www.onceovercoffeebar.com/,austin,,,rejected,no_coffee_keywords
Lake Austin Coffee Spot,images.heb.com,"2652 Lake Austin Blvd, Austin, TX 78703",https://images.heb.com/is/content/HEBGrocery/PDF/lake-austin-coffee-spot-menu.pdf?utm_source=google&utm_medium=organic&utm_campaign=gmb_restaurant&utm_content=cs,austin,,,rejected,no_coffee_keywords
BRB Coffee,instagram.com,"3501 Guadalupe St, Austin, TX 78705",https://www.instagram.com/brbcoffee_atx/,austin,,,rejected,no_shop
RIP Coffee,ripcoffeeatx.com,"1100 Regal Row suite M, Austin, TX 78748",http://ripcoffeeatx.com/,austin,,,rejected,no_store_page
Mi Mundo Coffeehouse & Roastery,mimundo-coffee.myshopify.com,"106 S Mays St #100, Round Rock, TX 78664",http://mimundo-coffee.myshopify.com/,austin,,,rejected,no_store_page
Coffeehouse at Caroline,carolinerestaurant.com,"109 E 7th St, Austin, TX 78701",https://www.carolinerestaurant.com/the-coffeehouse-at-caroline,austin,,,rejected,no_shop
Mañana Coffee,mananacoffee.com,"111 Sandra Muraida Way suite #101, Austin, TX 78703",https://mananacoffee.com/,austin,,,rejected,no_store_page
Brother Friend Coffee South,brotherfriend.com,"3507 S 1st St, Austin, TX 78704",http://brotherfriend.com/,austin,,,rejected,no_store_page
Freewheelin' Coffee,freewheelincoffee.com,"1917 E Cesar Chavez St, Austin, TX 78702",https://www.freewheelincoffee.com/menu,austin,,,rejected,no_store_page
Stouthaus Coffee - Sunset Valley,stouthauscoffee.com,"4715 S Lamar Blvd #102, Sunset Valley, TX 78745",http://www.stouthauscoffee.com/,austin,,,rejected,no_store_page
Austin Coffee Technician,austincoffeetechnician.com,"217 Millington Ln, Buda, TX 78610",http://austincoffeetechnician.com/,austin,,,rejected,no_shop
Lucky Lab Coffee Co.,luckylabcoffee.com,"2421 San Antonio St, Austin, TX 78705",http://www.luckylabcoffee.com/,austin,,,rejected,no_store_page
Clover Coffee,facebook.com,"12400 Amherst Dr, Austin, TX 78727",https://www.facebook.com/profile.php?id=61561193702183,austin,,,rejected,no_shop
Numinous Coffee Roasters,numinouscoffee.com,"715 RM 1431, Marble Falls, TX 78654",http://numinouscoffee.com/,austin,,,rejected,no_store_page
Cosmic Pickle,cosmichospitalitygroup.com,"121 Pickle Rd, Austin, TX 78704",https://www.cosmichospitalitygroup.com/,austin,,,rejected,no_store_page
Coffee Enlightenment,coffee-enlightenment.com,"115 Sundance Pkwy #510, Round Rock, TX 78681",https://www.coffee-enlightenment.com/,round rock,,,rejected,no_store_page
Purely Provisions,purelyprovisions.com,"212 W Main St, Round Rock, TX 78664",http://www.purelyprovisions.com/,round rock,,,rejected,no_store_page
INSTILL COFFEE CO ROUND ROCK,instillcoffee.com,"1551 E Old Settlers Blvd, Round Rock, TX 78664",http://www.instillcoffee.com/,round rock,,,rejected,no_store_page
Luna Espresso - Catering Warehouse,lunaespressocart.com,"2700 Louis Henna Blvd Suite 100 Unit A3, Round Rock, TX 78664",http://lunaespressocart.com/,round rock,,,rejected,no_shop
Unicorniverse Bakery & Cafe,unicorniversebakery.com,"2400 S I-35 Frontage Rd #130, Round Rock, TX 78681",https://www.unicorniversebakery.com/,round rock,,,rejected,no_store_page
Seven Oaks Coffee,sevenoakscoffee.com,"15205 Ronald Reagan Blvd #702, Leander, TX 78641",https://www.sevenoakscoffee.com/,round rock,,,rejected,no_store_page
Black Rifle Coffee Company,blackriflecoffee.com,"325 F M 2410, Harker Heights, TX 76548",https://www.blackriflecoffee.com/pages/harker-heights-retail,round rock,,,rejected,no_store_page
309 Coffee,309.coffee,"309 S Main St, Georgetown, TX 78626",http://309.coffee/,round rock,,,rejected,no_store_page
August Beverage Company,augustbeveragecompany.com,"1204 Williams Dr, Georgetown, TX 78628",https://www.augustbeveragecompany.com/,round rock,,,rejected,no_coffee_keywords
Cafe Java,thecafejava.com,"2051 Gattis School Rd #120, Round Rock, TX 78664",https://www.thecafejava.com/,round rock,,,rejected,no_store_page
Kick Butt Coffee,kickbuttcoffee.com,"5775 Airport Blvd Suite 725, Austin, TX 78752",https://kickbuttcoffee.com/,round rock,,,rejected,no_store_page
Austin Grind,austingrind.com,"4005 W Parmer Ln ste a, Austin, TX 78727",http://austingrind.com/,round rock,,,rejected,no_store_page
West Pecan Coffee + Beer,westpecancoffee.com,"100 W Pecan St, Pflugerville, TX 78660",https://westpecancoffee.com/,round rock,,,rejected,no_shop
Perky Beans Coffee & PB Cafe,perkybeanscoffee.com,"2080 N US Hwy 183 #210, Leander, TX 78641",https://www.perkybeanscoffee.com/,round rock,,,rejected,no_store_page
Rivery Coffee & Bagels,riverycoffeehouse.com,"1500 Rivery Blvd Suite 2155, Georgetown, TX 78628",http://www.riverycoffeehouse.com/,round rock,,,rejected,no_store_page
3rd Level Brewing,3rdlevelbrewing.com,"1201 E Palm Valley Blvd, Round Rock, TX 78664",https://3rdlevelbrewing.com/,round rock,,,rejected,no_store_page
Sanford Sourdough Bakery & Market,sanfordbakery.com,"1025 Sendero Springs Dr suite 160, Round Rock, TX 78681",https://sanfordbakery.com/,round rock,,,rejected,no_coffee_keywords
Spinnaker Coffee,thelakehouseresort.com,"1025 La Bonita Dr, San Marcos, CA 92078",https://www.thelakehouseresort.com/spinnaker-coffee,san marcos,,,rejected,wrong_region
California Roasting Collective,caroastingcollective.com,"1320 Grand Ave #12, San Marcos, CA 92078",https://www.caroastingcollective.com/,san marcos,,,rejected,wrong_region
Reality Roasters Coffee Co,realityroasters.com,"111 2nd St NE, Little Falls, MN 56345",http://realityroasters.com/,san marcos,,,rejected,wrong_region
Urban Sweet Cafe,urbansweetcafe.com,"803 S Twin Oaks Valley Rd, San Marcos, CA 92078",http://www.urbansweetcafe.com/,san marcos,,,rejected,wrong_region
Ryan Bros Coffee of San Marcos,ryanbroscoffee.com,"133 N Twin Oaks Valley Rd Ste110, San Marcos, CA 92069",https://ryanbroscoffee.com/,san marcos,,,rejected,wrong_region
Better Buzz Coffee San Marcos,betterbuzzcoffee.com,"904 W San Marcos Blvd, San Marcos, CA 92078",http://www.betterbuzzcoffee.com/,san marcos,,,rejected,wrong_region
Manzanita Roasting Company and Coffee House,manzanitaroasting.com,"301 E Grand Ave M, Escondido, CA 92025",http://www.manzanitaroasting.com/,san marcos,,,rejected,wrong_region
Safari Coffee Roasters,safaricoffee.com,"1012 W El Norte Pkwy, Escondido, CA 92026",http://safaricoffee.com/,san marcos,,,rejected,wrong_region
Peak City Coffee,peakcitycoffee.com,"1600 Olive Chapel Rd Suite 336, Apex, NC 27502",https://peakcitycoffee.com/,san marcos,,,rejected,wrong_region
TERI Common Grounds Café & Coffee Bar,tericommongroundscafe.com,"555 Deer Springs Rd, San Marcos, CA 92069",http://www.tericommongroundscafe.com/,san marcos,,,rejected,wrong_region
Triple Six Social,triplesixsocial.com,"329 Cheatham St, San Marcos, TX 78666",https://triplesixsocial.com/,san marcos,,,rejected,no_store_page
Mochas & Javas,mochasandjavas.com,"700 N LBJ Dr Ste 100, San Marcos, TX 78666",https://www.mochasandjavas.com/,san marcos,,,rejected,no_store_page
Gruene Coffee Haus,gruenecoffee.com,"1720 Hunter Rd, New Braunfels, TX 78130",http://www.gruenecoffee.com/,san marcos,,,rejected,no_store_page
Jo's Cafe,m.facebook.com,"310 Mary St, San Marcos, TX 78666",https://m.facebook.com/Jos-Cafe-242591845931740/,san marcos,,,rejected,no_shop
Redbud Roasters,redbudroasters.com,"169 S L B J Dr, San Marcos, TX 78666",https://redbudroasters.com/,san marcos,,,rejected,no_store_page
Texas Bean & Brew House,texasbeanandbrewhouse.com,"1328 I 35 N Frontage Rd, San Marcos, TX 78666",http://www.texasbeanandbrewhouse.com/,san marcos,,,rejected,no_store_page
Friday Coffee Roasters,friday.coffee,"838 Lakeview Blvd, New Braunfels, TX 78130",http://friday.coffee/,san marcos,,,rejected,no_store_page
Wake the Dead Coffee House,wakethedeadcoffeehouse.squarespace.com,"1432 Old, 1432 Old Ranch Rd 12, San Marcos, TX 78666",https://wakethedeadcoffeehouse.squarespace.com/events,san marcos,,,rejected,no_shop
The Coffee Bar,coffeebarsmtx.com,"142 N LBJ Dr, San Marcos, TX 78666",https://coffeebarsmtx.com/,san marcos,,,rejected,no_store_page
Akhanay Coffee Roasters,akhanay.square.site,"1119 Camden St, San Antonio, TX 78215",http://akhanay.square.site/,san marcos,,,rejected,no_store_page
Tantra SMTX,tantrasanmarcos.com,"217 W Hopkins St, San Marcos, TX 78666",http://www.tantrasanmarcos.com/,san marcos,,,rejected,no_shop
Hill Country Brew,hillcountry-brew.com,"1101 Thorpe Ln #105-599, San Marcos, TX 78666",https://www.hillcountry-brew.com/,san marcos,,,rejected,no_shop
EverGruene Coffee Roasting // Online Ordering,evergruenecoffeeroasting.com,"635 E Camp St, New Braunfels, TX 78130",https://evergruenecoffeeroasting.com/,san marcos,,,rejected,no_store_page
The Root Cellar Cafe,rootcellarcafe.com,"215 N LBJ Dr, San Marcos, TX 78666",https://rootcellarcafe.com/san-marcos/smhome.html,san marcos,,,rejected,no_store_page
Smoothie Warriors,sites.google.com,"330 N LBJ Dr, San Marcos, TX 78666",https://sites.google.com/view/smoothiewarriors-com,san marcos,,,rejected,no_coffee_keywords
Mildfire Coffee Roasters,mildfirecoffeeroasters.com,"15502 Huebner Rd #101, San Antonio, TX 78248",http://www.mildfirecoffeeroasters.com/,san marcos,,,rejected,no_store_page
Kinnor Coffee & Cocktails,kinnornb.com,"540 S Castell Ave, New Braunfels, TX 78130",http://kinnornb.com/,san marcos,,,rejected,no_shop
Jacobs Bear Coffee,jacobsbearcoffeeroastery.square.site,"422 E Nueva St, San Antonio, TX 78205",http://jacobsbearcoffeeroastery.square.site/,san marcos,,,rejected,no_store_page
Minutiae Coffee Roasters LLC,minutiaecoffee.com,"14743 Old Bandera Rd #1, Helotes, TX 78023",https://minutiaecoffee.com/,san marcos,,,rejected,no_store_page
Shotgun House Coffee Roasters,shotgunhouseroasters.com,"1333 Buena Vista St, San Antonio, TX 78207",http://www.shotgunhouseroasters.com/,san marcos,,,rejected,no_store_page
Christian Coffee Co.,christiancoffeeco.org,"523 Med Ct Ste. 103, San Antonio, TX 78258",https://www.christiancoffeeco.org/,san marcos,,,rejected,no_store_page
Hometown Coffee - Pflugerville,hometowncoffeecompany.com,"1434 Wells Branch Pkwy, Pflugerville, TX 78660",http://hometowncoffeecompany.com/,pflugerville,,,rejected,no_store_page
The Morning Ritual,morningritual.com,"18612 Pfluger Farm Ln, Pflugerville, TX 78660",https://www.morningritual.com/,pflugerville,,,rejected,no_shop
Ecstatic Expression Coffee Catering and Mobile Espresso Bar,austincoffeecatering.com,"6019 Pleasanton Pkwy, Pflugerville, TX 78660",https://www.austincoffeecatering.com/,pflugerville,,,rejected,no_shop
Lazydaze Pflugerville,lazydazeshop.com,"1202 FM 685 A5, Pflugerville, TX 78660",https://www.lazydazeshop.com/,pflugerville,,,rejected,no_store_page
"BInxCorp, LLC",binxcorp.com,"4717 Priem Ln Bldg. 7 Suite 701, Pflugerville, TX 78660",http://www.binxcorp.com/,pflugerville,,,rejected,no_shop
Dazzle Coffee & Smoothies,dazzlecoffee.com,"100 2nd St N, Pflugerville, TX 78660",http://dazzlecoffee.com/,pflugerville,,,rejected,no_store_page
Nearby Coffee Co.,nearbycoffeeroasters.com,"16921 Joe Barbee Dr Suite B, Pflugerville, TX 78660",https://nearbycoffeeroasters.com/,pflugerville,,,rejected,no_store_page
Sip Munch Cafe,sipmunchcafe.com,"1701 W Parmer Ln Suite 105, Austin, TX 78727",https://sipmunchcafe.com/,pflugerville,,,rejected,no_store_page
Lo-Fi Coffee House & Studio,loficoffeehouse.com,"109 A, Central Ave, Elgin, TX 78621",https://www.loficoffeehouse.com/,pflugerville,,,rejected,no_store_page
Lost Horse Coffee,losthorsecoffee.com,"1000 Garrett Oaks Ln, Georgetown, TX 78633",https://www.losthorsecoffee.com/,georgetown,,,rejected,no_store_page
Rabbit Coffee Co.,rabbitcoffeeco.com,"610 N Austin Ave Ste 110, Georgetown, TX 78626",https://www.rabbitcoffeeco.com/,georgetown,,,rejected,no_store_page
Sweet Lemon Kitchen,sweetlemonkitchen.com,"812 S Church St, Georgetown, TX 78626",https://www.sweetlemonkitchen.com/,georgetown,,,rejected,no_store_page
Monument Cafe,themonumentcafe.com,"500 S Austin Ave, Georgetown, TX 78626",https://www.themonumentcafe.com/,georgetown,,,rejected,no_store_page
Simmer Down Cafe,simmerdowngtown.com,"4701-1 Williams Dr, Georgetown, TX 78633",http://simmerdowngtown.com/,georgetown,,,rejected,no_store_page
House of Coffee Beans,houseofcoffeebeans.com,"2348 Bissonnet St, Houston, TX 77005",https://www.houseofcoffeebeans.com/,georgetown,,,rejected,no_store_page
The Yard Milkshake Bar Of Georgetown,theyardmilkshakebar.com,"940 W University Ave #120, Georgetown, TX 78626",https://www.theyardmilkshakebar.com/georgetown-menu,georgetown,,,rejected,no_coffee_keywords
"Greenfield Coffee, Cocktails, Barrels & Brew",greenfieldssalado.com,"555 Pace Park Rd, Salado, TX 76571",https://greenfieldssalado.com/,georgetown,,,rejected,no_shop
Hard Count Kitchen & Cocktails,hardcountgtown.com,"1500 Rivery Blvd Suite 2105, Georgetown, TX 78628",https://hardcountgtown.com/,georgetown,,,rejected,no_coffee_keywords
Starbucks,starbucks.com,"705 N Austin Ave, Georgetown, TX 78626",https://www.starbucks.com/store-locator/store/9258/,georgetown,,,rejected,no_store_page
The Little Lemon at the Library,littlelemon.cafe,"402 W 8th St Suite B, Georgetown, TX 78626",https://littlelemon.cafe/,georgetown,,,rejected,no_store_page
BiG Cafe and Shop- Brookwood in Georgetown,brookwoodingeorgetown.org,"905 N Church St, Georgetown, TX 78626",http://www.brookwoodingeorgetown.org/,georgetown,,,rejected,no_store_page
Brewtopia Coffee Cart,brewtopiacoffeecart.com,"2204 Prairie Oaks Dr, Georgetown, TX 78628",http://www.brewtopiacoffeecart.com/,georgetown,,,rejected,no_shop
Root to Rise Plant Co,roottoriseplants.com,"1005 S Rock St, Georgetown, TX 78626",https://roottoriseplants.com/,georgetown,,,rejected,no_store_page
Coyote Moon Coffee LLC,coyotemooncoffee.com,"710 N Rosemary Dr, Bryan, TX 77802",http://www.coyotemooncoffee.com/,georgetown,,,rejected,no_store_page
Galaxy Bakery & CoffeeHouse,galaxybakery.com,"107 E 7th St, Georgetown, TX 78626",http://www.galaxybakery.com/,georgetown,,,rejected,no_shop
HTeaO - Georgetown (Williams & Bootys Crossing),hteao.com,"3020 Williams Dr, Georgetown, TX 78628",https://hteao.com/locations/georgetown-tx-williams/,georgetown,,,rejected,no_store_page
Wander Coffee,wandercoffee.com,"16, 217 Racquette Dr STE 16, Fort Collins, CO 80524",http://www.wandercoffee.com/,leander,,,rejected,wrong_region
Matinee! Coffee + Concessions,matineecoffeetx.com,"209 W Broade St, Leander, TX 78641",http://www.matineecoffeetx.com/,leander,,,rejected,no_store_page
Casa Costa Bake Shop,casacostabakeshop.com,"201 Bagdad St, Leander, TX 78641",http://www.casacostabakeshop.com/,leander,,,rejected,no_store_page
EL TIGRE COFFEE ROASTERS,eltigre.coffee,"1614 E 12th St, Austin, TX 78702",https://eltigre.coffee/,leander,,,rejected,no_store_page
Latte Factory,lattefactory.net,"11200 Lakeline Mall Dr, Cedar Park, TX 78613",https://lattefactory.net/,cedar park,,,rejected,no_store_page
Coffee Shop at Slackers Brewing,slackersbrewing.com,"12233 Ranch Rd 620 N #204, Austin, TX 78750",https://slackersbrewing.com/craft-coffee/,cedar park,,,rejected,no_shop
SereniTea Cup,sereniteacup.com,"600 S Bell Blvd #17, Cedar Park, TX 78613",http://www.sereniteacup.com/,cedar park,,,rejected,no_store_page
Nervous Charlie's Bagels,nervouscharlies.com,"410 W Whitestone Blvd Suite 300, Cedar Park, TX 78613",https://www.nervouscharlies.com/,cedar park,,,rejected,no_coffee_keywords
Porch Culture Coffee Roasters,pc.coffee,"204 S Broadway Ave, Tyler, TX 75702",https://pc.coffee/,cedar park,,,rejected,no_store_page
Russell's Bakery & Coffee @ 2222,russells-bakery-coffee-2222.square.site,"7300 Ranch to Market Rd 2222 #111, Austin, TX 78730",https://russells-bakery-coffee-2222.square.site/,cedar park,,,rejected,no_store_page
"Snooze, an A.M. Eatery",snoozeeatery.com,"1915 E Whitestone Blvd Suite 101, Cedar Park, TX 78613",https://www.snoozeeatery.com/restaurant/texas/cedar-park/,cedar park,,,rejected,no_coffee_keywords
Babylon Coffee Roasters,babyloncoffeeroasters.com,"9986 Grapevine Hwy C, Hurst, TX 76054",http://babyloncoffeeroasters.com/,cedar park,,,rejected,no_store_page
Kona Roastery,konaroastery.com,"25829 Cinco Ranch Blvd, Katy, TX 77494",https://www.konaroastery.com/,cedar park,,,rejected,no_store_page
Morning Sunshine Cafe,morning-sunshine-cafe.square.site,"115 S Lakeline Blvd STE 100, Cedar Park, TX 78613",https://morning-sunshine-cafe.square.site/,cedar park,,,rejected,no_store_page
La Dosis Coffee + Cocktails,ladosiscoffee.com,"300 W Whitestone Blvd, Cedar Park, TX 78613",https://ladosiscoffee.com/,cedar park,,,rejected,no_store_page
Halo's Coffee Bar LLC,toasttab.com,"2610 Main St, Buda, TX 78610",https://www.toasttab.com/local/order/halos-coffee-bar,buda,,,rejected,no_store_page
Teal House Coffee & Bakery,tealhouse.co,"200 Main St, Buda, TX 78610",https://www.tealhouse.co/,buda,,,rejected,no_store_page
Progress Coffee + Beer,progresscoffee.com,"750 FM2001, Buda, TX 78610",http://progresscoffee.com/,buda,,,rejected,no_store_page
Meridian,meridianbuda.com,"200 Main St, Buda, TX 78610",http://www.meridianbuda.com/,buda,,,rejected,no_store_page
Community Coffee Company Distribution,communitycoffee.com,"98 Dupree Dr, Buda, TX 78610",https://www.communitycoffee.com/forbusiness/austin-coffee-service,buda,,,rejected,no_store_page
Nate's Coffee & Cocktails,nates-buda.com,"306 S Main St Ste. 101, Buda, TX 78610",http://nates-buda.com/,buda,,,rejected,no_shop
Kyle's Daily Grind,kylesdailygrind.com,"607a W Center St, Kyle, TX 78640",https://www.kylesdailygrind.com/,buda,,,rejected,no_store_page
Iron Wolf Coffee Roasters,ironwolfcoffeeroasters.com,"754 Ramsey Rd, Jacksonville, NC 28546",https://www.ironwolfcoffeeroasters.com/,jacksonville,,,rejected,wrong_region
JDBrews,jdbrews.com,"506 Charleston Way, St Marys, GA 31558",https://www.jdbrews.com/,jacksonville,,,rejected,wrong_region
Mechanism Coffee Roasters,mechanismcoffee.com,"11526 Lake Mead Ave ste 103, Jacksonville, FL 32256",http://www.mechanismcoffee.com/,jacksonville,,,rejected,no_store_page
Soul Coffee,instagram.com,"9393 Mill Springs Dr, Jacksonville, FL 32257",https://www.instagram.com/soulcoffeefl/,jacksonville,,,rejected,no_shop
Grounds of Grace,groundsofgracejax.com,"1633 University Blvd N, Jacksonville, FL 32211",https://www.groundsofgracejax.com/,jacksonville,,,rejected,no_shop
Atlantic Post - Premium Coffee Roasters,atlantic-post.myshopify.com,"828 Beach Blvd, Jacksonville Beach, FL 32250",https://atlantic-post.myshopify.com/,jacksonville,,,rejected,no_coffee_keywords
Tetherball Coffee,tetherballcoffee.com,"12200 San Jose Blvd #18, Jacksonville, FL 32223",http://tetherballcoffee.com/,jacksonville,,,rejected,no_store_page
Roasted RINO,roastedrino.com,"7949 Atlantic Blvd, Jacksonville, FL 32211",https://roastedrino.com/,jacksonville,,,rejected,no_shop
Nuanz Coffee Roasters,nuanzcoffee.com,"96571 Blackrock Rd, Yulee, FL 32097",http://www.nuanzcoffee.com/,jacksonville,,,rejected,no_store_page
Steady Coffee,steadycoffeeco.com,"4070 Herschel St Suite 2, Jacksonville, FL 32210",http://steadycoffeeco.com/,jacksonville,,,rejected,no_store_page
Costal Coffee,mycostalcoffee.com,"491 W Forsyth St suite 1, Jacksonville, FL 32202",https://www.mycostalcoffee.com/contact,jacksonville,,,rejected,no_coffee_keywords
Happy Brew,happybrew.org,"3200 Hendricks Ave, Jacksonville, FL 32207",https://www.happybrew.org/,jacksonville,,,rejected,no_shop
360F Coffee Roasters,360fcoffee.com,"10722 Wiles Rd, Coral Springs, FL 33076",https://360fcoffee.com/,jacksonville,,,rejected,no_store_page
Round Bird Coffee Shop,roundbirdcoffee.com,"Round Bird Coffee Shop, 1094 3rd St N, Jacksonville Beach, FL 32250",http://www.roundbirdcoffee.com/,jacksonville,,,rejected,no_store_page
Alkimia Coffee House & Roaster LLC,facebook.com,"3148 148th Place Rd, Ocala, FL 34473",https://www.facebook.com/Alkimia-Coffee-House-Roaster-111939647010886/,jacksonville,,,rejected,no_shop
Kava & Company - San Marco,kavaandcompany.com,"1224 Kings Ave, Jacksonville, FL 32207",http://kavaandcompany.com/,jacksonville,,,rejected,no_coffee_keywords
Hogg Batch Coffee Roastery,hoggbatch.com,"2327 Central Ave, St. Petersburg, FL 33713",http://www.hoggbatch.com/,jacksonville,,,rejected,no_store_page
Sweet Peaches Coffee,sweetpeachescoffee.com,"3895 Baymeadows Rd, Jacksonville, FL 32217",https://sweetpeachescoffee.com/,jacksonville,,,rejected,no_store_page
COCONUT KEY COFFEE AND SUNDRIES,coconutkeycoffee.com,"4607 Ocean St, Jacksonville, FL 32233",https://coconutkeycoffee.com/,jacksonville,,,rejected,no_shop
Coffee Innovations,coffee-innovations.com,"2120 Dennis St, Jacksonville, FL 32204",http://coffee-innovations.com/,jacksonville,,,rejected,no_store_page
Coffee Roasters Alliance LLC,roastedlocally.com,"1220 Atlanta Ave, Orlando, FL 32806",http://roastedlocally.com/,jacksonville,,,rejected,no_store_page
Southern Grounds & Co.,southerngrounds.com,"3562 St Johns Ave, Jacksonville, FL 32205",https://www.southerngrounds.com/locations-1/avondale,jacksonville,,,rejected,no_store_page
Urban Grind Coffee Company,urbangrind.coffee,"45 W Bay St, Jacksonville, FL 32202",https://www.urbangrind.coffee/?y_source=1_MzI0ODc5MTktNzE1LWxvY2F0aW9uLndlYnNpdGU%3D,jacksonville,,,rejected,no_store_page
Calusa Coffee Roasters,calusacr.com,"161 E Commercial Blvd, Oakland Park, FL 33334",http://calusacr.com/,jacksonville,,,rejected,no_store_page
Cumbres Coffee Roasters Delray,cumbrescoffee.com,"1880 Dr. Andres Way, Delray Beach, FL 33445",https://cumbrescoffee.com/,jacksonville,,,rejected,no_store_page
TikiJava Jax,tikijavajax.com,"5711 Bowden Rd unit 5, Jacksonville, FL 32216",http://www.tikijavajax.com/,jacksonville,,,rejected,scrape_failed
Gaa Cafe,gaacafe.com,"9865-10 Baymeadows Rd, Jacksonville, FL 32256",https://www.gaacafe.com/,jacksonville,,,rejected,no_store_page
The Greenhouse Bar,thegreenhousebar.com,"200 Riverside Ave Unit 2, Jacksonville, FL 32202",http://www.thegreenhousebar.com/,jacksonville,,,rejected,no_store_page
Spruce,sprucejax.com,"3644 Post St, Jacksonville, FL 32205",https://sprucejax.com/,jacksonville,,,rejected,no_store_page
ChokoLatte Cafe & Bakery,chokolatte.com,"1704 Southside Blvd Suite 8, Jacksonville, FL 32216",https://chokolatte.com/,jacksonville,,,rejected,no_store_page
"Daily Dose Craft Bar, Inc",dailydosejax.com,"11643 Beach Blvd B, Jacksonville, FL 32246",http://dailydosejax.com/,jacksonville,,,rejected,no_store_page
The Coffee Grinder,thecoffeegrinderjax.com,"9834 Old Baymeadows Rd, Jacksonville, FL 32256",http://www.thecoffeegrinderjax.com/,jacksonville,,,rejected,no_shop
Ellianos Coffee,ellianos.com,"235 Harper Ln, St Johns, FL 32259",https://ellianos.com/,jacksonville,,,rejected,no_store_page
Ra Coffee Company - NAS JAX,racoffeecompany.com,"2080 Child St, Jacksonville, FL 32212",https://racoffeecompany.com/,jacksonville,,,rejected,no_store_page
1985 Coffee Shop & Events,1985-coffee.square.site,"1985 Mayport Rd, Atlantic Beach, FL 32233",https://1985-coffee.square.site/,jacksonville,,,rejected,no_store_page
Sago Coffee,sagocoffeejax.com,"318 7th Ave N, Jacksonville Beach, FL 32250",https://www.sagocoffeejax.com/,jacksonville,,,rejected,no_store_page
BREW Five Points,brewfivepoints.co,"1024 Park St, Jacksonville, FL 32204",http://brewfivepoints.co/,jacksonville,,,rejected,no_store_page
The Wave At Jax Beach,thewaveatjaxbeach.com,"1108 3rd St S, Jacksonville Beach, FL 32250",https://thewaveatjaxbeach.com/#,jacksonville,,,rejected,no_coffee_keywords
1748 Bakehouse,1748bakehouse.com,"1748 N Main St, Jacksonville, FL 32206",http://www.1748bakehouse.com/,jacksonville,,,rejected,no_coffee_keywords
Nordstrom Ebar Artisan Coffee,nordstrom.com,"4835 Town Crossing Dr, Jacksonville, FL 32246",https://www.nordstrom.com/store-details/nordstrom-st-john-town-center?utm_source=google&utm_medium=organic&utm_campaign=food&utm_content=26789&utm_channel=low_nd_seo_local&sp_source=google&sp_campaign=food,jacksonville,,,rejected,no_coffee_keywords
Ink Factory Coffee Shop,inkfactorybrewing.com,"602 Shetter Ave, Jacksonville Beach, FL 32250",https://www.inkfactorybrewing.com/coffee,jacksonville,,,rejected,no_store_page
Noah's Agape Cafe,noahsagapecafe.org,"102 FL-13 Suite 2, Fruit Cove, FL 32259",https://www.noahsagapecafe.org/,jacksonville,,,rejected,no_shop
Sunrise Brew Coffee,sunrisebrewcoffee.com,"3531 N Ponce De Leon Blvd, St. Augustine, FL 32084",https://sunrisebrewcoffee.com/,st. augustine,,,rejected,no_store_page
Myth & Legend,mythandlegend.coffee,"88 Charlotte St, St. Augustine, FL 32084",https://mythandlegend.coffee/pages/st-augustine-fl,st. augustine,,,rejected,no_store_page
St. Augustine Coffee House,staugcoffee.com,"6 St George St suite 107, St. Augustine, FL 32084",https://www.staugcoffee.com/,st. augustine,,,rejected,no_shop
Maracuya by Llama Restaurant,maracuyabyllama.com,"260 W King St, St. Augustine, FL 32084",https://www.maracuyabyllama.com/,st. augustine,,,rejected,no_shop
Sweetwater Coffee Bar and Gallery,sweetwatercoffeebarandgallery.com,"8 Granada St, St. Augustine, FL 32084",https://sweetwatercoffeebarandgallery.com/,st. augustine,,,rejected,no_store_page
Cornerstone Cafe,cornerstonecafestaugustine.com,"117 M L King Ave, St. Augustine, FL 32084",http://cornerstonecafestaugustine.com/,st. augustine,,,rejected,no_store_page
The Local Refillery,thelocalrefillery.com,"226 W King St, St. Augustine, FL 32084",http://thelocalrefillery.com/,st. augustine,,,rejected,no_store_page
Coffee House Realty Cafe,coffeehouserealtycafe.com,"47 San Marco Ave, St. Augustine, FL 32084",https://coffeehouserealtycafe.com/,st. augustine,,,rejected,no_store_page
City Perks Coffee Co.,cityperkscoffee.com,"15 St George St, St. Augustine, FL 32084",http://www.cityperkscoffee.com/,st. augustine,,,rejected,scrape_failed
Pour Mike's Coffee House,pour-mikes-coffee-house-109370.square.site,"1515 County Rd 210 Suite 101, St Johns, FL 32259",http://pour-mikes-coffee-house-109370.square.site/,st. augustine,,,rejected,no_store_page
Kutie Café,tinyurl.com,"125 Center Pl Way Ste 102, St. Augustine, FL 32095",https://tinyurl.com/yc8ej8c3,st. augustine,,,rejected,no_coffee_keywords
Cultivate Tea and Spice Co.,cultivateteaandspice.com,"6350 FL-16A, St. Augustine, FL 32092",http://cultivateteaandspice.com/,st. augustine,,,rejected,no_store_page
Crucial Coffee,crucial-coffee.square.site,"26 Charlotte St, St. Augustine, FL 32084",https://crucial-coffee.square.site/,st. augustine,,,rejected,no_store_page
Palatka Coffee Co.,palatkacoffeeco.com,"3711 Crill Ave, Palatka, FL 32177",http://palatkacoffeeco.com/,st. augustine,,,rejected,no_store_page
Ragga Surf Cafe,raggasurfcafe.com,"134 Riberia St, St. Augustine, FL 32084",http://www.raggasurfcafe.com/,st. augustine,,,rejected,no_store_page
Fresh Market Island,freshmarketislandsta.com,"1830 A1A S, St. Augustine, FL 32080",https://freshmarketislandsta.com/,st. augustine,,,rejected,no_coffee_keywords
La Taza Coffee & More,latazacoffeeshop.com,"3915 A1A S #103, St. Augustine, FL 32080",http://latazacoffeeshop.com/,st. augustine,,,rejected,no_shop
Yes Coffee,yescoffeeco.square.site,"213 S 2nd St #2, Flagler Beach, FL 32136",https://yescoffeeco.square.site/,st. augustine,,,rejected,no_store_page
Hastings Coffee Co,hastingscoffeeco.com,"308A N Main St, Hastings, FL 32145",http://hastingscoffeeco.com/,st. augustine,,,rejected,no_store_page
ADDRESS COFFEE,findaddress.coffee,"3676 N Ponce De Leon Blvd Unit 0, St. Augustine, FL 32084",http://www.findaddress.coffee/,st. augustine,,,rejected,no_store_page
Spinster Abbott's - Coffee Shop and Tap Room,spinsterabbotts.com,"61 San Marco Ave, St. Augustine, FL 32084",https://www.spinsterabbotts.com/,st. augustine,,,rejected,no_shop
Three Ships Coffee Roasters,threeshipscoffee.com,"607 19th St, Virginia Beach, VA 23451",http://www.threeshipscoffee.com/,fernandina beach,,,rejected,wrong_region
Coastal Coffee Supply,coastalcoffeegourmet.com,"95140 Colnago Ct, Fernandina Beach, FL 32034",https://coastalcoffeegourmet.com/,fernandina beach,,,rejected,no_shop
Amelia Island Coffee,ameliaislandcoffee.com,"207 Centre St, Fernandina Beach, FL 32034",http://ameliaislandcoffee.com/,fernandina beach,,,rejected,no_shop
Mocama Coffee,mocama.com,"629 S 8th St Suite B, Fernandina Beach, FL 32034",https://mocama.com/location/mocama-coffee/,fernandina beach,,,rejected,no_store_page
Holy Grounds Coffee House,holycoffeehouse.com,"960185 Gateway Blvd STE 105, Fernandina Beach, FL 32034",https://holycoffeehouse.com/,fernandina beach,,,rejected,no_shop
Selina’s FriendSip Cafe,selinasfriendsips.com,"850895 US-17, Yulee, FL 32097",https://www.selinasfriendsips.com/,fernandina beach,,,rejected,no_shop
Southern Blend Yulee,southern-blend-yulee.square.site,"463179 FL-200, Yulee, FL 32097",https://southern-blend-yulee.square.site/,fernandina beach,,,rejected,no_store_page
Colonial Coffee Roasters Inc,colonialcoffee.com,"3250 NW 60th St, Miami, FL 33142",http://www.colonialcoffee.com/,fernandina beach,,,rejected,no_store_page
Magnolia’s Cafe,magnoliascafe.co,"1480 Sadler Rd, Fernandina Beach, FL 32034",https://magnoliascafe.co/,fernandina beach,,,rejected,no_shop
Marché Côtier,marchecotierfb.com,"5 S 2nd St, Fernandina Beach, FL 32034",https://www.marchecotierfb.com/,fernandina beach,,,rejected,no_shop
Hola Cuban Cafe,holacubancafe.com,"31 S 5th St, Fernandina Beach, FL 32034",http://www.holacubancafe.com/,fernandina beach,,,rejected,no_shop
Watanut,watanut.com,"118 Centre St, Fernandina Beach, FL 32034",https://watanut.com/,fernandina beach,,,rejected,no_coffee_keywords
Leddy's Porch,floridahouse.com,"22 S 3rd St, Fernandina Beach, FL 32034",http://floridahouse.com/,fernandina beach,,,rejected,no_coffee_keywords
Bantam & Biddy,bantamandbiddy4802firstcoasthighway.hrpos.heartland.us,"4802 1st Coast Hwy #470, Fernandina Beach, FL 32034",https://bantamandbiddy4802firstcoasthighway.hrpos.heartland.us/menu,fernandina beach,,,rejected,no_shop
1928 Cuban Bistro - Fernandina Beach,1928bistro.com,"122 S 8th St, Fernandina Beach, FL 32034",http://www.1928bistro.com/,fernandina beach,,,rejected,no_shop
Gahwa Café,gahwacafe.org,"Harbor village plaza, 13475 Atlantic Blvd STE 34, Jacksonville, FL 32225",http://gahwacafe.org/,fernandina beach,,,rejected,no_shop
Marché Burette,omnihotels.com,"85 Amelia Village Cir, Fernandina Beach, FL 32034",https://www.omnihotels.com/hotels/amelia-island/dining/marche-burette-deli?utm_source=gmblisting&utm_medium=organic,fernandina beach,,,rejected,no_coffee_keywords
Burlingame,burlingamerestaurant.com,"20 S 5th St, Fernandina Beach, FL 32034",http://burlingamerestaurant.com/,fernandina beach,,,rejected,no_coffee_keywords
First Drop Coffee House,taptastego.com,"4750 Amelia Island Pkwy, Fernandina Beach, FL 32034",https://www.taptastego.com/JAXAM/outlet/order/e1b75bcb-2774-4a74-923b-898b58a74cb8,fernandina beach,,,rejected,no_coffee_keywords
Cafe Karibo,cafekaribo.com,"27 N 3rd St, Fernandina Beach, FL 32034",https://www.cafekaribo.com/,fernandina beach,,,rejected,no_store_page
The Ninth Hour Coffee Roasters,ninthhourcoffee.com,"364 W Macclenny Ave, Macclenny, FL 32063",http://ninthhourcoffee.com/,fernandina beach,,,rejected,no_store_page
The Spice & Tea Exchange of Fernandina Beach,spiceandtea.com,"316 Centre St, Fernandina Beach, FL 32034",http://spiceandtea.com/fernandinabeach,fernandina beach,,,rejected,no_store_page
The Sound Cafe,thesoundcafefl.com,"528 S 8th St unit 3, Fernandina Beach, FL 32034",https://thesoundcafefl.com/,fernandina beach,,,rejected,no_shop
Third Wave Cafe & Wine Bar,thirdwavensb.com,"204 Flagler Ave, New Smyrna Beach, FL 32169",http://www.thirdwavensb.com/,fernandina beach,,,rejected,no_shop
Third Place Coffee Lounge,thirdplacecoffeelounge.com,"325 NE Spanish River Blvd, Boca Raton, FL 33431",http://www.thirdplacecoffeelounge.com/,fernandina beach,,,rejected,no_store_page
Story & Song Bookstore Bistro / Center for Arts & Culture,storyandsongarts.org,"1430 Park Ave, Fernandina Beach, FL 32034",http://storyandsongarts.org/,fernandina beach,,,rejected,no_store_page
Anna Maria Island Coffee Shack,annamariaislandcoffeeshack.square.site,"5500 Marina Dr, Holmes Beach, FL 34217",https://annamariaislandcoffeeshack.square.site/,fernandina beach,,,rejected,no_store_page
Dignity Roasters,dignityroasters.com,"98 NE 9th St, Ocala, FL 34470",https://dignityroasters.com/,fernandina beach,,,rejected,no_store_page
The Coffee Culture,thecoffeeculture.com,"3045 N Federal Hwy Unit 60G, Fort Lauderdale, FL 33306",https://www.thecoffeeculture.com/,fernandina beach,,,rejected,no_store_page
Carew's Coffeehouse,carewscoffeehouse.com,"10 S E Coast St, Lake Worth Beach, FL 33460",https://carewscoffeehouse.com/,fernandina beach,,,rejected,no_store_page
Marlin & Barrel Distillery,marlinandbarreldistillery.com,"232 S 8th St, Fernandina Beach, FL 32034",https://www.marlinandbarreldistillery.com/,fernandina beach,,,rejected,no_coffee_keywords
First Love Brew Pub,firstlovebrewing.com,"22 S 8th St, Fernandina Beach, FL 32034",http://firstlovebrewing.com/,fernandina beach,,,rejected,no_store_page
South Beach Coffee Co,southbeachcoffeeco.com,"600 Lake Ave, Lake Worth Beach, FL 33460",http://southbeachcoffeeco.com/,fernandina beach,,,rejected,no_store_page
The Happy Tomato Courtyard Café & BBQ,thehappytomatocafe.com,"7 S 3rd St, Fernandina Beach, FL 32034",http://www.thehappytomatocafe.com/,fernandina beach,,,rejected,no_shop
The Urban Bean Coffeehouse Cafe,theurbanbeancoffeehouse.com,"2023 Park Ave, Orange Park, FL 32073",https://www.theurbanbeancoffeehouse.com/,orange park,,,rejected,no_store_page
Rummies & Yummies: Bakery & Coffee Bar (AKA The Lab Bakery & Coffee Bar),rummiesandyummies.com,"Wells Crossing, 1580 Wells Rd STE 7, Orange Park, FL 32073",http://www.rummiesandyummies.com/,orange park,,,rejected,no_store_page
Swamp Donkey Roastery,swampdonkeyroastery.com,"349 W Dearborn St., Englewood, FL 34223",https://swampdonkeyroastery.com/,orange park,,,rejected,no_store_page
"RUSSELL COFFEY, WEICHERT REALTORS THE COFFEY GROUP",homesnap.com,"1855 Wells Rd STE 8, Orange Park, FL 32073",https://www.homesnap.com/RUSSELL-COFFEY/gmb,orange park,,,rejected,no_coffee_keywords
Royal Moose Coffee Company,royalmoosecoffeeco.net,"2441 Blanding Blvd, Middleburg, FL 32068",http://www.royalmoosecoffeeco.net/,orange park,,,rejected,no_shop
Natural Kitchen,naturalkitchenusa.com,"1910 Wells Rd, Orange Park, FL 32073",https://naturalkitchenusa.com/,orange park,,,rejected,no_coffee_keywords
Fontana Coffee & Tea,fontanacoffeeandtea.com,"1220 Atlanta Ave, Orlando, FL 32806",http://fontanacoffeeandtea.com/,orange park,,,rejected,no_store_page
Whisk Café Sweet & Savory,order.rezku.com,"190 S Lawrence Blvd, Keystone Heights, FL 32656",https://order.rezku.com/whiskcafe-sweetnsavory,orange park,,,rejected,no_shop
Latin Creations,latin-creations.com,"3505 St Johns Bluff Rd S, Jacksonville, FL 32224",https://www.latin-creations.com/,orange park,,,rejected,no_coffee_keywords
Metro Diner,metrodiner.com,"2034 Kingsley Ave, Orange Park, FL 32073",https://metrodiner.com/locations/florida/orange-park/?utm_source=gmb-listing-map&utm_medium=organic&utm_campaign=google-my-business,orange park,,,rejected,no_coffee_keywords
Grumpy's Restaurant,grumpysrestaurantco.com,"Grumpy's Restaurant, 834 Kingsley Ave, Orange Park, FL 32073",https://www.grumpysrestaurantco.com/,orange park,,,rejected,no_store_page
The Coffee Snob Roaster,thecoffeesnobfl.com,"1101 W N Blvd Ste #1, Leesburg, FL 34748",http://thecoffeesnobfl.com/,orange park,,,rejected,no_store_page
Artisan Furniture & Finds,artisanorangepark.com,"1329 Park Ave, Orange Park, FL 32073",https://artisanorangepark.com/,orange park,,,rejected,no_coffee_keywords
Orange Park Farmers' & Arts Market,orangeparkmarket.com,"2042 Park Ave, Orange Park, FL 32073",http://orangeparkmarket.com/,orange park,,,rejected,no_coffee_keywords
The Magnolia,themagnoliapalatka.com,"705 St Johns Ave, Palatka, FL 32177",https://www.themagnoliapalatka.com/,palatka,,,rejected,no_store_page
The Jacked Up Bean,thejackedupbean.coffee,"222 St Joe Plaza Dr, Palm Coast, FL 32164",http://thejackedupbean.coffee/,palatka,,,rejected,no_shop
Publix Super Market at Town and Country Shopping Center,publix.com,"171 Town and Country Dr, Palatka, FL 32177",https://www.publix.com/?setstorenumber=727&utm_medium=maps&utm_source=extendednetwork&utm_content=psm_website_url,palatka,,,rejected,no_coffee_keywords
Huddle House,huddlehouse.com,"3909 Crill Ave, Palatka, FL 32177",https://huddlehouse.com/locations/fl/palatka/3909-crill-ave,palatka,,,rejected,no_coffee_keywords
Hometown Grounds Coffee Co.,hometowngrounds.com,"138 E Call St, Starke, FL 32091",https://www.hometowngrounds.com/,palatka,,,rejected,no_store_page
Two Sisters Coffee Co.,twosisters-coffeeco.com,"25250 W Newberry Rd, Newberry, FL 32669",https://twosisters-coffeeco.com/?fbclid=PAZXh0bgNhZW0CMTEAAaaW1ofHYQUQUdwm6Y7a8hyYIZIjkoUl4XiCmuSoa188hqUDOw1WBp99u9Y_aem_AfZfF-zJ2b1QbqsUFPTvajUlwCtpVKVaj52couJfxoPStfZKCuyfFscJexwoGSAlVYIV9QLDA_7wMIVGXnKc4L7K,palatka,,,rejected,scrape_failed
Resident Coffee,orderahead.resident.coffee,"4401 NW 25th Pl. STE J, Gainesville, FL 32606",https://orderahead.resident.coffee/,palatka,,,rejected,no_shop
Doxa Coffee Co.,doxacoffee.co,"15551 NW US Hwy 441 #7, Alachua, FL 32615",http://doxacoffee.co/,palatka,,,rejected,no_store_page
3rd Cup,3rdcupcoffee.com,"16 S Barrett Square #5c, Alys Beach, FL 32461",http://3rdcupcoffee.com/,green cove springs,,,rejected,no_shop
Blazing Bean Roasters,blazingbean.com,"22151 US Hwy 19 N, Clearwater, FL 33759",http://www.blazingbean.com/,green cove springs,,,rejected,no_store_page
Florida Coffee Peddler,floridacoffeepeddler.com,"324 Cameron Dr, Ponte Vedra Beach, FL 32081",https://www.floridacoffeepeddler.com/?utm_source=google&utm_medium=wix_google_business_profile&utm_campaign=3052920919634233113,green cove springs,,,rejected,no_store_page
Bold Cup Coffee Roasters,boldcupcoffee.com,"875 S Babcock St, Melbourne, FL 32901",http://www.boldcupcoffee.com/s/order,green cove springs,,,rejected,no_store_page
Strangely Warmed Coffee Roasters,strangelywarmed.com,"with entrance on, 161 S Commerce Ave, S Mango St Suite B, Sebring, FL 33870",https://strangelywarmed.com/,green cove springs,,,rejected,no_store_page
Cedarburg Coffee Roastery,cedarburgcoffee.com,"W62 N603 Washington Ave, Cedarburg, WI 53012",http://www.cedarburgcoffee.com/,middleburg,,,rejected,wrong_region
Grafton Arts Mill Coffee Roastery,cedarburgcoffee.com,"1300 14th Ave, Grafton, WI 53024",http://www.cedarburgcoffee.com/,middleburg,,,rejected,wrong_region
Black Creek Cafe,black-creek-cafe-middleburg.edan.io,"2696 Blanding Blvd, Middleburg, FL 32068",http://black-creek-cafe-middleburg.edan.io/,middleburg,,,rejected,no_shop
Craft & Common,craftandcommon.com,"47 E Robinson St UNIT 100, Orlando, FL 32801",http://www.craftandcommon.com/,middleburg,,,rejected,no_store_page
Awaken Coffee Co.,awakencoffeeco.online,"3866 Osborne Rd, St Marys, GA 31558",https://awakencoffeeco.online/,yulee,,,rejected,wrong_region
"Caruso's Coffee, Inc.",carusoscoffee.com,"6100 W Snowville Rd, Brecksville, OH 44141",http://www.carusoscoffee.com/,yulee,,,rejected,wrong_region
SoulShine Roasting Company,soulshineroasting.com,"2994 Carlisle Rd, Dover, PA 17315",https://soulshineroasting.com/,yulee,,,rejected,wrong_region
SJ Brewing Co,sjbrewingco.com,"463646 FL-200 Suite 13, Yulee, FL 32097",https://sjbrewingco.com/,yulee,,,rejected,no_store_page
Southern Donut Company Yulee,southerndonutcompany.com,"463852 FL-200 suite b, Yulee, FL 32097",https://southerndonutcompany.com/,yulee,,,rejected,no_shop
Sweet As Cyn Coffee House & Donuts,sweetascyn.square.site,"542432 US-1, Callahan, FL 32011",https://sweetascyn.square.site/,yulee,,,rejected,no_shop
Hinterhof Coffee Rösteri,hinterhofcoffee.com,"1008 E Oak St B, Louisville, KY 40204",http://www.hinterhofcoffee.com/,louisville,,,rejected,no_shop
Brew & Sip Express,brewandsipcoffeebar.com,"1405 W Broadway Suite 105, Louisville, KY 40202",https://www.brewandsipcoffeebar.com/,louisville,,,rejected,no_store_page
Phalcha Coffee,instagram.com,"1001 Mary St, Louisville, KY 40204",https://www.instagram.com/phalcha_coffee/?utm_term=loutoday&utm_campaign=daily-newsletter&utm_medium=newsletter&utm_source=loutoday&utm_content=loutoday,louisville,,,rejected,no_shop
Bean Roastery and Cafe,beangtown.com,"1138 Goss Ave, Louisville, KY 40217",http://beangtown.com/,louisville,,,rejected,no_store_page
Barista Parlor 500W,baristaparlor.com,"500 W Jefferson St, Louisville, KY 40202",http://www.baristaparlor.com/,louisville,,,rejected,no_coffee_keywords
Blak Koffee,blakkoffee.com,"1219 W Jefferson St, Louisville, KY 40203",https://www.blakkoffee.com/,louisville,,,rejected,no_shop
Billion Cup Coffee Louisville,billioncup.com,"1812 Brownsboro Rd, Louisville, KY 40206",https://www.billioncup.com/,louisville,,,rejected,no_coffee_keywords
Abol Coffee & Bistro (a.k.a. Abol Cafe),abollouisville.com,"102 1/2 Cannons Ln, Louisville, KY 40206",https://www.abollouisville.com/,louisville,,,rejected,no_coffee_keywords
Bamboo Coffee & Donuts,bamboosweets.com,"2400 Lime Kiln Ln a1, Louisville, KY 40222",https://www.bamboosweets.com/,louisville,,,rejected,no_store_page
The Local Press Coffee,facebook.com,"435 N Bardstown Rd Suite 4, Mt Washington, KY 40047",https://www.facebook.com/TheLocalPressCoffee?mibextid=LQQJ4d,louisville,,,rejected,no_shop
Ntaba Coffee Haus on Brownsboro,ntabacoffee.haus,"2407 Brownsboro Rd, Louisville, KY 40206",http://www.ntabacoffee.haus/,louisville,,,rejected,no_shop
Prima Coffee Equipment,prima-coffee.com,"4603 Poplar Level Rd #2, Louisville, KY 40213",https://prima-coffee.com/,louisville,,,rejected,no_store_page
Cedar Grove Coffee House,cedargrovecoffeehouse.com,"142 Buffalo Run Rd, Shepherdsville, KY 40165",http://www.cedargrovecoffeehouse.com/,louisville,,,rejected,no_store_page
The Hotel Marty,thehotelmarty.com,"1737 Frankfort Ave, Louisville, KY 40206",http://www.thehotelmarty.com/,louisville,,,rejected,no_shop
Arnold's Coffee,arnoldscoffee.com,"1822 Dressage Cir, Louisville, KY 40245",http://www.arnoldscoffee.com/,louisville,,,rejected,no_store_page
Grounds for Hope Cafe,groundsforhope.cafe,"11605 Hazelwood Rd, Anchorage, KY 40223",http://groundsforhope.cafe/,louisville,,,rejected,no_shop
The Breeze Wine & Coffee,thebreezewine.com,"1247 S Shelby St, Louisville, KY 40203",http://www.thebreezewine.com/,louisville,,,rejected,no_coffee_keywords
"Please & Thank You ""MARK""",wearepleaseandthankyou.com,"800 E Market St, Louisville, KY 40206",http://www.wearepleaseandthankyou.com/,louisville,,,rejected,no_store_page
KIWA Teahouse Coffee shop,kiwausa.com,"2235 Frankfort Ave Suite #104, Louisville, KY 40206",https://www.kiwausa.com/,louisville,,,rejected,no_coffee_keywords
Whirling Tiger Coffee,whirlingtigercoffee.com,"1335 Story Ave, Louisville, KY 40206",https://www.whirlingtigercoffee.com/,louisville,,,rejected,no_shop
Full Stop Station,fullstopstation.com,"1132 E St Catherine St, Louisville, KY 40204",http://www.fullstopstation.com/,louisville,,,rejected,no_store_page
Crescent Hill Coffee,eggsoverfrankfortcrescenthillcoffee.com,"2714 Frankfort Ave, Louisville, KY 40206",http://eggsoverfrankfortcrescenthillcoffee.com/,louisville,,,rejected,no_store_page
Garage Coffee Roastery & Cafe,garagecoffeeroastery.com,"107 Lincoln Way, Bardstown, KY 40004",http://www.garagecoffeeroastery.com/,louisville,,,rejected,no_shop
Monet's,monetsmarketlou.com,"2204 Dundee Rd, Louisville, KY 40205",https://www.monetsmarketlou.com/,louisville,,,rejected,no_shop
Colonel Roosters - Scones n' Bean Haus,colonelroosterssconesnbeanhaus.com,"220 Mt Mercy Dr, Pewee Valley, KY 40056",https://colonelroosterssconesnbeanhaus.com/,louisville,,,rejected,no_shop
Blue Dog Bakery & Cafe,bluedogbakeryandcafe.com,"2868 Frankfort Ave, Louisville, KY 40206",http://www.bluedogbakeryandcafe.com/,louisville,,,rejected,no_store_page
Coffee Crossing,coffeecrossing.com,"228 Spring St Ste 105, Jeffersonville, IN 47130",http://coffeecrossing.com/,jeffersonville,,,rejected,wrong_region
Rural Beans Roastery,ruralbeansroastery.com,"13107 E Walnut St, Jeffersonville, OH 43128",https://www.ruralbeansroastery.com/pages/contact,jeffersonville,,,rejected,wrong_region
Pearl Street Game & Coffee House,gameandcoffee.com,"405 Pearl St, Jeffersonville, IN 47130",http://www.gameandcoffee.com/,jeffersonville,,,rejected,wrong_region
Charlestown Coffee & Cream,charlestowncoffee.square.site,"830 Main St, Charlestown, IN 47111",http://charlestowncoffee.square.site/,jeffersonville,,,rejected,wrong_region
Non-Fiction Coffee Co.,nonfictioncoffee.org,"402 Cahaba Valley Cir, Pelham, AL 35124",http://nonfictioncoffee.org/,jeffersonville,,,rejected,wrong_region
Clarksville Peddlers Mall,buypeddlersmall.com,"1416 Blackiston Mill Rd, Clarksville, IN 47129",http://www.buypeddlersmall.com/,jeffersonville,,,rejected,wrong_region
Kolkin Coffee,kolkin.coffee,"2736 Charlestown Rd #5, New Albany, IN 47150",https://kolkin.coffee/,jeffersonville,,,rejected,wrong_region
Meijer,meijer.com,"2750 Allison Ln, Jeffersonville, IN 47130",https://www.meijer.com/shopping/store-locator/167.html?cmpid=LM:Web::::05112021::GoogleGrocery,jeffersonville,,,rejected,wrong_region
Thirdwave Coffee,thirdwavecoffee.co.za,"Steenbok Rd, Langeberg Ridge, Cape Town, 7550, South Africa",http://www.thirdwavecoffee.co.za/,jeffersonville,,,rejected,no_store_page
Kentucky Coffeetree Cafe,order.kentuckycoffeetree.com,"235 W Broadway St, Frankfort, KY 40601",https://order.kentuckycoffeetree.com/,jeffersonville,,,rejected,no_store_page
Safai Coffee Bar,safaicoffeebar.shopsettings.com,"1001 Logan St, Louisville, KY 40204",http://safaicoffeebar.shopsettings.com/,jeffersonville,,,rejected,no_coffee_keywords
Roast Coffee Bar,roastcoffeebarky.com,"136 2nd St Suite 100, Henderson, KY 42420",http://www.roastcoffeebarky.com/,jeffersonville,,,rejected,no_shop
Talk Coffee Roasters,talkcoffeeroasters.com,"1423 E Oak St, New Albany, IN 47150",http://www.talkcoffeeroasters.com/,new albany,,,rejected,wrong_region
Cultivated Table and Sip House,cultivatedtable.com,"133 E Market St, New Albany, IN 47150",http://cultivatedtable.com/,new albany,,,rejected,wrong_region
"High Point Roasters, Inc.",highpointroasters.com,"603 MS-15, New Albany, MS 38652",http://highpointroasters.com/,new albany,,,rejected,wrong_region
Weekend Coffee Roasters (Warehouse),weekend-roasters.com,"1137 SW 11th Ave, Albany, OR 97321",http://www.weekend-roasters.com/,new albany,,,rejected,wrong_region
Viva Coffee Roasters,vivacoffeeroasters.com,"1979 Madison Rd, Cincinnati, OH 45208",https://www.vivacoffeeroasters.com/contact,new albany,,,rejected,wrong_region
Seven Hills Coffee Roasters,sevenhillscoffee.com,"11094 Deerfield Rd, Cincinnati, OH 45242",http://www.sevenhillscoffee.com/,new albany,,,rejected,wrong_region
The Red Roaster Coffee & Eatery,redroastercoffee.com,"100 W Main St, Madison, IN 47250",https://www.redroastercoffee.com/?y_source=1_MTA0NjExODY0My03MTUtbG9jYXRpb24ud2Vic2l0ZQ%3D%3D,new albany,,,rejected,wrong_region
Starlight Coffee Co.,starlightcoffeeco.com,"3131 Grant Line Rd, New Albany, IN 47150",https://www.starlightcoffeeco.com/,new albany,,,rejected,wrong_region
Iron Coffee Co,ironcoffeecompany.com,"811 Madison Ave, Albany, NY 12208",http://ironcoffeecompany.com/,new albany,,,rejected,wrong_region
Touchy Coffee,touchycoffee.com,"625 River St, Troy, NY 12180",http://www.touchycoffee.com/,new albany,,,rejected,wrong_region
Starlight Coffee Co. & Roastery,starlightcoffeeco.com,"7613 Old Indiana 60, Sellersburg, IN 47172",http://starlightcoffeeco.com/,new albany,,,rejected,wrong_region
Bloom Coffee,brewedbybloom.com,"845 E 15th St, New Albany, IN 47150",https://brewedbybloom.com/,new albany,,,rejected,wrong_region
East African Coffee House,eastafricancoffeehouse.com,"4359 Morse Rd, Columbus, OH 43230",http://www.eastafricancoffeehouse.com/,new albany,,,rejected,wrong_region
Highwire Coffee Roasters,highwirecoffee.com,"at Flowerland, 1330 Solano Ave, Albany, CA 94706",http://www.highwirecoffee.com/,new albany,,,rejected,wrong_region
Needmore Coffee Roasters,needmoreroasters.com,"104 N Pete Ellis Dr Suite E, Bloomington, IN 47408",http://www.needmoreroasters.com/,new albany,,,rejected,wrong_region
Refuge Coffee Roastery,refugecoffeeroasters.com,"314 S Greeno Rd, Fairhope, AL 36532",https://www.refugecoffeeroasters.com/,new albany,,,rejected,wrong_region
Rooted Grounds Coffee Company,rgcoffee.com,"757 Reading Rd, Mason, OH 45040",http://www.rgcoffee.com/,new albany,,,rejected,wrong_region
Elliott Coffee,elliottcafe.com,"825 6th Ave, Dayton, KY 41074",https://elliottcafe.com/,new albany,,,rejected,no_store_page
THREEFOLD ROASTERS,threefoldroasters.com,No address provided,http://threefoldroasters.com/,new albany,,,rejected,no_store_page
Creative Coffees Fundraising,ccrfundraiser.com,"2000 Fortune Dr, Winchester, KY 40391",https://www.ccrfundraiser.com/,new albany,,,rejected,no_store_page
Brewtanicals Coffee House and Plant Lounge,brewtanicalsky.com,"459 Eastern Bypass, Richmond, KY 40475",http://brewtanicalsky.com/,new albany,,,rejected,no_store_page
Margin Coffee Roasters (Santiam Hwy),margincoffee.com,No address provided,http://www.margincoffee.com/,new albany,,,rejected,no_store_page
Alias Coffee,aliascoffee.com,No address provided,http://aliascoffee.com/,new albany,,,rejected,no_coffee_keywords
Mylke Ltd.,mylke.com,"269 Adams Ave, Island, KY 42350",https://www.mylke.com/,new albany,,,rejected,no_store_page
Hazard Coffee Company,hazardcoffeecompany.com,"486 Main St, Hazard, KY 41701",http://www.hazardcoffeecompany.com/,new albany,,,rejected,no_store_page
HeBrews 12 Coffee,hebrews12coffee.com,"110 S Main St, Morgantown, KY 42261",http://hebrews12coffee.com/,new albany,,,rejected,no_store_page
Battlefield Coffee Co.,battlefieldcoffeeco.com,"30 W Langdon Rd, Science Hill, KY 42553",http://www.battlefieldcoffeeco.com/,new albany,,,rejected,no_store_page
The Cauldron Cafe,thecauldron.cafe,"807 Madison Ave, Covington, KY 41011",http://www.thecauldron.cafe/,new albany,,,rejected,no_shop
Third Wave Coffee Co Indonesia,desty.page,"Jl. Prof. DR. H. Andi Hakim Nasoetion No.1, Tegallega, Kecamatan Bogor Tengah, Kota Bogor, Jawa Barat 16129, Indonesia",http://desty.page/twcoffee,new albany,,,rejected,no_coffee_keywords
Buzzinga Coffee,buzzingacoffee.com,"429 Main St, Carrollton, KY 41008",https://www.buzzingacoffee.com/,new albany,,,rejected,no_shop
Revival Coffee Company - Spencer County KY,revivalcoffeesc.com,"103 Realty Rd, Fisherville, KY 40023",https://revivalcoffeesc.com/,new albany,,,rejected,no_store_page
Off The Ground Coffee House,cyrusramsey.com,"105 S Main St #3, Lawrenceburg, KY 40342",https://cyrusramsey.com/places/off-the-ground-coffee-house/,new albany,,,rejected,no_store_page
Next Step Cafe,m.facebook.com,"6999 Shelbyville Rd, Simpsonville, KY 40067",https://m.facebook.com/brickandmortarbandc/,new albany,,,rejected,no_shop
Weathered Oak Farms,weatheredoakfarms.com,"6950 Shelbyville Rd, Simpsonville, KY 40067",http://www.weatheredoakfarms.com/,new albany,,,rejected,no_store_page
Asulon Collective Coffee House,asuloncollective.com,"210 S 3rd St Suite C, Clarksville, TN 37040",https://asuloncollective.com/clarksville-tn-coffee-house,clarksville,,,rejected,wrong_region
Mugsy's Coffee Co,mugsysfreshroast.com,"3291 Fort Campbell Blvd Bldg B, Clarksville, TN 37042",http://mugsysfreshroast.com/,clarksville,,,rejected,wrong_region
Mugsy's Coffee Co M2,mugsysfreshroast.com,"620 Dunlop Ln #123, Clarksville, TN 37040",http://mugsysfreshroast.com/,clarksville,,,rejected,wrong_region
Wesbrooks Coffee,wesbrookscoffee.com,"630 Tiny Town Rd Suite 101, Clarksville, TN 37042",https://www.wesbrookscoffee.com/,clarksville,,,rejected,wrong_region
Atlas Coffee and Co,atlascoffeeandco.com,"1590 Walnut Grove Rd, Clarksville, TN 37042",http://www.atlascoffeeandco.com/,clarksville,,,rejected,wrong_region
Artisan Bistro,artisanbistrotn.com,"1715-D Wilma Rudolph Blvd, Clarksville, TN 37040",https://artisanbistrotn.com/,clarksville,,,rejected,wrong_region
Clarksville Coffee & Real Estate,clarksvillemichigan.com,"103 S Main St, Clarksville, MI 48815",https://www.clarksvillemichigan.com/,clarksville,,,rejected,wrong_region
Two Birds Coffee Co.,twobirdscoffeeco.com,"136 S 10th St B, Clarksville, TN 37040",http://twobirdscoffeeco.com/,clarksville,,,rejected,wrong_region
Cup of Kava,1cupofkava.com,"138 University Ave, Clarksville, TN 37040",https://1cupofkava.com/,clarksville,,,rejected,wrong_region
Golden Wave Cafe,surfsidesipscoffee.com,"110 Tiny Town Rd # A, Clarksville, TN 37042",https://www.surfsidesipscoffee.com/,clarksville,,,rejected,wrong_region
Beck's Farmhouse Coffee,becksfarmhousecoffee.com,"3575 Sango Rd, Clarksville, TN 37043",https://becksfarmhousecoffee.com/,clarksville,,,rejected,wrong_region
Flora + Ivy Coffee & Goods,floraandivy.com,"341 Union St suite b, Clarksville, TN 37040",https://www.floraandivy.com/,clarksville,,,rejected,wrong_region
Khairos Coffee Co.,khairoscoffee.com,"329 Warfield Blvd Suite H, Clarksville, TN 37043",https://khairoscoffee.com/,clarksville,,,rejected,wrong_region
Plumb Line Coffee,plumblinecoffee.com,"124 University Ave, Clarksville, TN 37040",http://plumblinecoffee.com/,clarksville,,,rejected,wrong_region
The Coffee House South,the-coffee-house-south.square.site,"115 Excell Rd Ste E, Clarksville, TN 37043",https://the-coffee-house-south.square.site/?owg-fulfillment=pickup&fulfillment=PICKUP&location=11f09766156696d2a4113cecef6dbab4&location_id=LVNTJR6S6T0ZT&rwg_token=ACgRB3fs0yEMqX9jrolfzNGhFqP_QoGAk00IyZEjz4bKklkGyJcZ6FfA2b01PRLV1Vh0Jst-UZYemtK1wSwCYKwyJVOxc3biDA%3D%3D,clarksville,,,rejected,wrong_region
Blondie and Brownie Coffee,blondieandbrowniecoffee.com,"1549 Ashland City Rd, Clarksville, TN 37040",http://www.blondieandbrowniecoffee.com/,clarksville,,,rejected,wrong_region
Crema Coffee Roasters,cremacoffeeroasters.com,"15 Hermitage Ave, Nashville, TN 37210",http://www.cremacoffeeroasters.com/,clarksville,,,rejected,wrong_region
The Mad Herbalist,themadherbalist.com,"1601 Madison St, Clarksville, TN 37043",http://themadherbalist.com/,clarksville,,,rejected,wrong_region
The Thirsty Goat,thirstygoatsango.com,"4044 US-41 ALT South, Clarksville, TN 37043",https://www.thirstygoatsango.com/,clarksville,,,rejected,wrong_region
Mug Shot Coffee Co,mugshotcoffeetn.com,"111 Strawberry Alley, Clarksville, TN 37040",https://www.mugshotcoffeetn.com/,clarksville,,,rejected,wrong_region
Osa Coffee Roasters,osanashville.com,"1579 Edgehill Ave, Nashville, TN 37212",https://www.osanashville.com/,clarksville,,,rejected,wrong_region
Goldchild Coffee Roasters,goldchildcoffee.com,"240 Broadway, San Diego, CA 92101",http://goldchildcoffee.com/,clarksville,,,rejected,wrong_region
FairWave Specialty Coffee Collective HQ,fairwave.com,"1801 Oak St, Kansas City, MO 64108",https://fairwave.com/,clarksville,,,rejected,wrong_region
The Vintage Bean Cafe,vintagebeancafe.com,"1259 Jackson Felts Rd, Joelton, TN 37080",https://vintagebeancafe.com/,clarksville,,,rejected,wrong_region
Matryoshka Coffee,matryoshkacoffee.com,"370 Herron Dr #4, Nashville, TN 37210",http://www.matryoshkacoffee.com/,clarksville,,,rejected,wrong_region
The Fellowship Coffee House,order.toasttab.com,"2944 US-31W #105, White House, TN 37188",https://order.toasttab.com/online/the-fellowship-coffee-house-2944-highway-31-w-5,clarksville,,,rejected,wrong_region
Lasaters Coffee & Tea,lasaterscoffee.com,"589 S Riverside Dr, Clarksville, TN 37040",http://www.lasaterscoffee.com/,clarksville,,,rejected,wrong_region
Clarksville Downtown Market,cityofclarksville.com,"1 Public Square, Clarksville, TN 37040",https://www.cityofclarksville.com/302/Clarksville-Downtown-Market,clarksville,,,rejected,wrong_region
Wiltshire Pantry Bakery and Café - Highlands,wiltshirepantry.com,"901 Barret Ave, Louisville, KY 40204",http://wiltshirepantry.com/,clarksville,,,rejected,no_store_page
Reverie Coffee Roasters,reverieroasters.com,"2202 E Douglas Ave, Wichita, KS 67214",http://www.reverieroasters.com/,shively,,,rejected,wrong_region
Iron Bean Coffee Company Roastery & Showroom,ironbeancoffee.com,"25561 Fort Meigs Rd STE E, Perrysburg, OH 43551",http://www.ironbeancoffee.com/,shively,,,rejected,wrong_region
Stay Brewed,staybrewed.com,"4273 Rolling Ridge Dr, St Anthony, IN 47575",http://www.staybrewed.com/,shively,,,rejected,wrong_region
Magnolia Coffee Company,magnoliacoffeeco.com,"1418 Industrial Dr, Matthews, NC 28105",https://magnoliacoffeeco.com/,st. matthews,,,rejected,wrong_region
Third Way Coffee House,thirdwaycoffee.com,"3059 W Broad St, Columbus, OH 43204",https://www.thirdwaycoffee.com/,st. matthews,,,rejected,wrong_region
Wrecking Ball Coffee Roasters,wreckingballcoffee.com,"2271 Union St, San Francisco, CA 94123",http://www.wreckingballcoffee.com/,st. matthews,,,rejected,wrong_region
Mall St. Matthews,mallstmatthews.com,"5000 Shelbyville Rd, Louisville, KY 40207",https://www.mallstmatthews.com/en.html,st. matthews,,,rejected,no_coffee_keywords
Louisville Tea Company,louisvilleteacompany.com,"9305 New La Grange Rd, Lyndon, KY 40242",https://www.louisvilleteacompany.com/,st. matthews,,,rejected,no_coffee_keywords
Shady Lane Cafe,shadylaneky.com,"4806 Brownsboro Center, Louisville, KY 40207",http://shadylaneky.com/,st. matthews,,,rejected,no_shop
Barry Bagels St. Matthews,barrybagels.com,"4123 Oechsli Ave, St Matthews, KY 40207",http://barrybagels.com/,st. matthews,,,rejected,no_coffee_keywords
North Lime Coffee & Donuts,northlimeorders.net,"1301 Herr Ln # 110, Louisville, KY 40222",http://northlimeorders.net/,st. matthews,,,rejected,no_store_page
Half-Peach Bakery & Cafe,halfpeachbakery.com,"170 Sears Ave, St Matthews, KY 40207",http://www.halfpeachbakery.com/,st. matthews,,,rejected,no_store_page
The Roastery: Movement Coffee Roasters + Bakery,movementcoffee.com,"1815 Pucker St Unit 4, Stowe, VT 05672",http://movementcoffee.com/,bardstown,,,rejected,wrong_region
Deez Beanz Bardstown,deez-beanz.com,"999 Bloomfield Rd, Bardstown, KY 40004",https://deez-beanz.com/,bardstown,,,rejected,no_shop
"Fresh Coffee, Pastries & More",freshcoffeebardstown.com,"114 N 3rd St, Bardstown, KY 40004",http://freshcoffeebardstown.com/,bardstown,,,rejected,no_shop
Lem's Cafe,lemscafe.com,"105 E Flaget St, Bardstown, KY 40004",https://lemscafe.com/,bardstown,,,rejected,no_shop
Shortcrust Coffee and Pastry Bar,shortcrustpastrybar.com,"114 Fairfield Hill Rd, Bloomfield, KY 40008",https://www.shortcrustpastrybar.com/,bardstown,,,rejected,no_shop
My Old Kentucky Dinner Train,kydinnertrain.com,"602 N 3rd St, Bardstown, KY 40004",https://www.kydinnertrain.com/,bardstown,,,rejected,no_coffee_keywords
Lussi Brown Coffee Bar,lussibrown.com,"114 Church St, Lexington, KY 40507",https://www.lussibrown.com/,bardstown,,,rejected,no_store_page
The Best Day Play Cafe,thebestdayplaycafe.com,"1000 Granite Dr #1, Bardstown, KY 40004",https://thebestdayplaycafe.com/,bardstown,,,rejected,no_store_page
SchoolGrounds Coffee,kentuckyclassicarts.com,"237 N Spalding Ave, Lebanon, KY 40033",https://kentuckyclassicarts.com/coffee/,bardstown,,,rejected,no_store_page
Hadorn's Bakery,hadornsbakery.com,"118 W Flaget St, Bardstown, KY 40004",https://www.hadornsbakery.com/,bardstown,,,rejected,no_coffee_keywords
Bean Cove,beancove.com,"1509 N Dixie Hwy Ste. 115, Elizabethtown, KY 42701",http://www.beancove.com/,bardstown,,,rejected,no_store_page
Engine House,enginehouse1868.com,"307 W Main St, Frankfort, KY 40601",https://www.enginehouse1868.com/,bardstown,,,rejected,no_shop
Old School Coffee,oldschoolcoffeelex.com,"380 S Mill St Ste. 110, Lexington, KY 40508",http://www.oldschoolcoffeelex.com/,bardstown,,,rejected,no_store_page
The Southern Cup,thesoutherncup.com,"810 N Main St, Shelbyville, TN 37160",https://www.thesoutherncup.com/,shelbyville,,,rejected,wrong_region
Porter Coffee,portershelby.com,"1220 Miller Ave Suite 3, Shelbyville, IN 46176",http://portershelby.com/,shelbyville,,,rejected,wrong_region
Funny Farm Coffee Company,funnyfarmcoffee.com,"29 E High St, Lawrenceburg, IN 47025",http://www.funnyfarmcoffee.com/,shelbyville,,,rejected,wrong_region
Sixth & Main Coffeehouse Inc,6amcoffee.com,"547 Main St, Shelbyville, KY 40065",http://www.6amcoffee.com/,shelbyville,,,rejected,no_store_page
The Paddock Coffee + Eats + Gatherings,thepaddockcoffee.com,"700 Main St apt a, Shelbyville, KY 40065",https://thepaddockcoffee.com/,shelbyville,,,rejected,no_store_page
McKinley’s Cafe,mckinleyscafe.com,"615 Main St, Shelbyville, KY 40065",https://mckinleyscafe.com/,shelbyville,,,rejected,no_store_page
Cattleman's Roadhouse,cattlemansroadhouse.com,"221 Breighton Cir, Shelbyville, KY 40065",https://www.cattlemansroadhouse.com/,shelbyville,,,rejected,no_store_page
Jersey Mike's Subs,jerseymikes.com,"1607 Midland Trail, Shelbyville, KY 40065",https://www.jerseymikes.com/10029/shelbyville-ky?utm_source=google&utm_medium=organic&utm_campaign=listings,shelbyville,,,rejected,no_coffee_keywords
The Block Gourmet Deli,theblockgourmet.com,"14041 Shelbyville Rd, Louisville, KY 40245",https://theblockgourmet.com/,shelbyville,,,rejected,no_coffee_keywords
Kroger Marketplace,kroger.com,"311 Boone Station Rd, Shelbyville, KY 40065",https://www.kroger.com/stores/grocery/ky/shelbyville/hi-point-sc/024/00777?cid=loc_02400777_gmb,shelbyville,,,rejected,scrape_failed
The Farmer’s Daughter Coffee Co,thefarmersdaughtercoffeeco.square.site,"100 Conley Ln, Greensburg, KY 42743",https://thefarmersdaughtercoffeeco.square.site/,shelbyville,,,rejected,no_store_page
The Burg Coffee House,burgcoffeeco.com,"701 W Broadway St, Lawrenceburg, KY 40342",https://burgcoffeeco.com/,shelbyville,,,rejected,no_store_page
Artisan Cafe & Grill,kentuckyartisancenter.ky.gov,"975 Walnut Meadow Rd, Berea, KY 40403",http://www.kentuckyartisancenter.ky.gov/dine/,shelbyville,,,rejected,no_shop
Crust & Crumb,crustandcrumbky.com,"6301 Meeting St #101, Prospect, KY 40059",https://www.crustandcrumbky.com/,shelbyville,,,rejected,no_store_page
Mercury Coffee Co.,mercuryroc.com,"681 South Ave, Rochester, NY 14620",https://mercuryroc.com/,rochester,,,rejected,no_shop
Winter Swan Coffee,winterswancoffee.com,"43 Russell St, Rochester, NY 14607",http://www.winterswancoffee.com/,rochester,,,rejected,no_store_page
Ugly Duck Coffee,uglyduckcoffee.com,"89 Charlotte St, Rochester, NY 14607",http://uglyduckcoffee.com/,rochester,,,rejected,no_store_page
Eden Coffee and Co,instagram.com,"Eden coffee, 200 East Ave, Rochester, NY 14604",https://www.instagram.com/edencoffeeandco/,rochester,,,rejected,no_shop
AM:FM Coffee Cocktails Vinyl,amfm.cafe,"45 Euclid St, Rochester, NY 14604",http://www.amfm.cafe/,rochester,,,rejected,no_shop
Best Coffee At The Market,m.facebook.com,"57 Rochester Public Market, Rochester, NY 14609",https://m.facebook.com/thebestcoffeeatthemarket/,rochester,,,rejected,no_shop
Legendary Beans Coffee,legendarybeans.com,"222 Alexander St, Rochester, NY 14607",https://legendarybeans.com/,rochester,,,rejected,scrape_failed
Imprint Coffee Roasting - Coffee House,imprintcoffeeroasting.com,"7 Mill St, Sodus, NY 14551",http://www.imprintcoffeeroasting.com/,rochester,,,rejected,no_store_page
Boulder Coffee Co Cafe and Lounge,bouldercoffeeroaster.com,"100 Alexander St, Rochester, NY 14620",http://www.bouldercoffeeroaster.com/,rochester,,,rejected,no_store_page
EuroCafe Imports,eurocafeimports.com,"1150 University Ave, Rochester, NY 14607",http://eurocafeimports.com/,rochester,,,rejected,no_shop
RoCoCo Cafe,rococorochester.com,"240 E Main St, Rochester, NY 14604",https://rococorochester.com/,rochester,,,rejected,no_store_page
Cafe Sasso,facebook.com,"739 Park Ave, Rochester, NY 14607",https://facebook.com/cafesassorochester/,rochester,,,rejected,no_shop
Sips Coffee & Cafe,sipsrochester.com,"149 Pattonwood Dr, Rochester, NY 14617",https://www.sipsrochester.com/,rochester,,,rejected,no_store_page
Little Bits Coffee Roasters,lbcroasters.com,"696 Titus Ave, Irondequoit, NY 14617",https://lbcroasters.com/,rochester,,,rejected,no_shop
The Chai Guy,thechaiguy.com,"280 N Union St, Rochester, NY 14609",http://www.thechaiguy.com/,rochester,,,rejected,no_store_page
Prominent Coffee Co.,prominentcoffeeco.com,"9135 Sheridan Dr Suite 4, Clarence, NY 14031",https://prominentcoffeeco.com/,rochester,,,rejected,no_store_page
Happy Gut Sanctuary,happygutsanctuary.com,"229 Mill St, Rochester, NY 14614",http://www.happygutsanctuary.com/,rochester,,,rejected,no_coffee_keywords
Junction361,junction361.com,"24 N Main St, Fairport, NY 14450",http://junction361.com/,rochester,,,rejected,no_store_page
Steven James Coffee Co.,stevenjamescoffeeco.com,"349 W Commercial St Suite 1320, East Rochester, NY 14445",https://stevenjamescoffeeco.com/,rochester,,,rejected,no_store_page
Earl's Coffee,genrichs.com,"375 Cooper Rd, Irondequoit, NY 14617",https://genrichs.com/,rochester,,,rejected,no_store_page
Coffee Connection,ourcoffeeconnection.org,"563 Miracle Mile Dr, Rochester, NY 14623",http://ourcoffeeconnection.org/,rochester,,,rejected,no_store_page
Working Class Coffee,theworkingclasscoffee.com,"243 Gorham St, Canandaigua, NY 14424",http://theworkingclasscoffee.com/,rochester,,,rejected,no_store_page
Neutral Ground Coffeehouse - Pittsford,neutralgroundcoffee.com,"45 Schoen Pl, Pittsford, NY 14534",http://www.neutralgroundcoffee.com/,rochester,,,rejected,no_store_page
Pearson's,ilovepearsons.com,"23 Somerton St, Rochester, NY 14607",http://www.ilovepearsons.com/,rochester,,,rejected,no_coffee_keywords
Sirness Coffee Services,sirnesscoffee.com,"85 Elmgrove Park, Rochester, NY 14624",https://sirnesscoffee.com/,rochester,,,rejected,no_store_page
FairPour Coffee Roasters,fairpour.com,"25 Parce Ave Suite 160, Fairport, NY 14450",http://www.fairpour.com/,rochester,,,rejected,no_store_page
Montgomery Court,montgomerycourt.com,"1245 Park Ave, Rochester, NY 14610",http://www.montgomerycourt.com/,rochester,,,rejected,no_store_page
New Roots Coffeehouse,newrootscoffeehouse.com,"1273 Long Pond Rd, Greece, NY 14626",http://newrootscoffeehouse.com/,rochester,,,rejected,no_shop
Melo Coffee & Kitchen,melocoffeeandkitchen.com,"696 University Ave, Rochester, NY 14607",https://www.melocoffeeandkitchen.com/,rochester,,,rejected,no_store_page
Union Street Coffee House,unionstreetcoffeehouse.com,"123 S Union St, Spencerport, NY 14559",http://www.unionstreetcoffeehouse.com/,rochester,,,rejected,no_store_page
Empire Coffee & Donuts,ecdgeneva.com,"590 Pre Emption Rd, Geneva, NY 14456",http://ecdgeneva.com/,rochester,,,rejected,no_shop
Founders Cafe,founderscaferochester.com,"13 S Fitzhugh St, Rochester, NY 14614",https://founderscaferochester.com/,rochester,,,rejected,no_store_page
Hollycake House,hollycakehouse.com,"300 Main St suite 25, East Rochester, NY 14445",https://www.hollycakehouse.com/,rochester,,,rejected,no_store_page
Hydra Coffeehouse,hydracoffeehouse.com,"701 Monroe Ave, Rochester, NY 14607",http://hydracoffeehouse.com/,rochester,,,rejected,no_store_page
The Siren and The Sea: Books and Coffee,linktr.ee,"426 South Ave, Rochester, NY 14620",https://linktr.ee/thesirenandthesea,rochester,,,rejected,no_store_page
Golden Harvest Bakery & Cafe LLC,ghbacafe.square.site,"368 Jefferson Rd, Rochester, NY 14623",http://ghbacafe.square.site/,rochester,,,rejected,no_store_page
Collier’s Cafe,collierscafe.com,"41 S Main St, Pittsford, NY 14534",https://collierscafe.com/,rochester,,,rejected,no_store_page
Pure Imagination Cafe,pureimaginationcafe.com,"2997 Buffalo Rd, Rochester, NY 14624",https://www.pureimaginationcafe.com/,rochester,,,rejected,no_store_page
Tree Town Cafe,treetowncafe.com,"745 Penfield Rd, Rochester, NY 14625",http://treetowncafe.com/,rochester,,,rejected,no_store_page
Happy Earth Tea,happyearthtea.com,"696 South Ave, Rochester, NY 14620",https://happyearthtea.com/,rochester,,,rejected,no_store_page
Stir Coffee,marketisquare.com,"400 Bakers Park, Rochester, NY 14617",http://marketisquare.com/,irondequoit,,,rejected,no_coffee_keywords
Ridge Donut Cafe,ridgedonuts.com,"1600 Portland Ave, Rochester, NY 14621",https://ridgedonuts.com/,irondequoit,,,rejected,no_store_page
Atlas Eats,atlas-eats.com,"2185 N Clinton Ave, Rochester, NY 14617",http://www.atlas-eats.com/,irondequoit,,,rejected,no_coffee_keywords
Village Bakery & Cafe,villagebakeries.com,"145 Culver Rd, Rochester, NY 14620",https://villagebakeries.com/#,irondequoit,,,rejected,no_coffee_keywords
I-Square,i-square.us,"400 Bakers Park, Rochester, NY 14617",https://i-square.us/,irondequoit,,,rejected,no_store_page
Olmsted Coffee Company,olmstedcoffeecompany.com,"567 Exchange St, Buffalo, NY 14210",https://olmstedcoffeecompany.com/,irondequoit,,,rejected,no_store_page
1872 Cafe,1872-cafe.com,"431 W Main St, Rochester, NY 14608",https://1872-cafe.com/,irondequoit,,,rejected,no_store_page
Mamaste Cafe and Play,mamastecafeandplay.com,"1235 Hilton Parma Corners Rd, Hilton, NY 14468",http://www.mamastecafeandplay.com/,irondequoit,,,rejected,no_shop
Donuts Delite,ddelite.com,"1700 Culver Rd, Rochester, NY 14609",https://ddelite.com/locations/culver-road,irondequoit,,,rejected,no_coffee_keywords
Taste of Supreme Bakery & Cafe,tasteofsupreme.com,"696 Winton Rd N, Rochester, NY 14609",https://tasteofsupreme.com/,irondequoit,,,rejected,no_store_page
Herrema's Food Market Inc,herremas.com,"125 Pattonwood Dr, Rochester, NY 14617",https://www.herremas.com/,irondequoit,,,rejected,no_coffee_keywords
ROAM Cafe,roamcafe.com,"260 Park Ave, Rochester, NY 14607",https://www.roamcafe.com/,irondequoit,,,rejected,no_shop
Locals Only,localsonly311.com,"311 Alexander St, Rochester, NY 14604",http://localsonly311.com/,irondequoit,,,rejected,no_store_page
Polska Chata LLC,polskachatallc.com,"32 Vinedale Ave, Rochester, NY 14622",http://polskachatallc.com/,irondequoit,,,rejected,no_coffee_keywords
Clementine,clementineroc.com,"6 N Main St #125, Fairport, NY 14450",http://clementineroc.com/,irondequoit,,,rejected,no_store_page
Mochinut Irondequoit,mochinut104.com,"850 East Ridge Road, Rochester, NY 14617",http://mochinut104.com/,irondequoit,,,rejected,no_coffee_keywords
Cobblestone Coffee Roasters,cobblestonecoffeeroasters.com,"500 Technology Farm Dr, Geneva, NY 14456",https://cobblestonecoffeeroasters.com/,irondequoit,,,rejected,no_store_page
Fabiano’s Coffee Roasters,fabianocoffee.com,"4180 W Alamos Ave Ste 102, Fresno, CA 93722",http://fabianocoffee.com/,greece,,,rejected,wrong_region
Target,target.com,"3181 Chili Ave, Rochester, NY 14624",https://www.target.com/sl/chili/2528,greece,,,rejected,no_store_page
Oriens Café,orienscafe.net,"1100 Long Pond Rd #114, Greece, NY 14626",http://www.orienscafe.net/,greece,,,rejected,scrape_failed
Vertical Cafe,cafevertical.com,"18 W Buffalo St, Warsaw, NY 14569",http://www.cafevertical.com/,greece,,,rejected,no_store_page
House Of Whacks,houseofwhacks585.square.site,"Mercantile On Main, 250 E Main St, Rochester, NY 14604",http://houseofwhacks585.square.site/,greece,,,rejected,no_coffee_keywords
Sociale Café at del Lago Resort & Casino,dellagoresort.com,"1133 NY-414, Waterloo, NY 13165",https://dellagoresort.com/the-sociale-cafe-bar/,greece,,,rejected,no_shop
Pino's Deli,pinosdeli.com,"2590 W Ridge Rd, Greece, NY 14626",http://www.pinosdeli.com/,greece,,,rejected,no_shop
Wildflour,wildflourrochester.com,"620 Winton Rd N, Rochester, NY 14609",https://wildflourrochester.com/,greece,,,rejected,no_coffee_keywords
"Seasoning Thai Bistro Elmwood, Rochester NY",seasoningthaibistro.com,"2602 Elmwood Ave, Rochester, NY 14618",http://www.seasoningthaibistro.com/,greece,,,rejected,no_coffee_keywords
Royal Cafe,royalcafegelato.com,"15 N Main St, Fairport, NY 14450",http://www.royalcafegelato.com/,greece,,,rejected,no_shop
Boscov's,locations.boscovs.com,"294 Greece Ridge Center Dr, Rochester, NY 14626",https://locations.boscovs.com/ny/rochester/294-greece-ridge-center-drive.html?utm_source=google&utm_medium=local,greece,,,rejected,no_coffee_keywords
Lazy Cat Lounge and Cafe,lazycatloungeandcafe.com,"523 Eastview Mall, Victor, NY 14564",http://lazycatloungeandcafe.com/,greece,,,rejected,no_store_page
Root 31,root31.com,"3349 Monroe Ave, Rochester, NY 14618",http://root31.com/,greece,,,rejected,no_coffee_keywords
The Shops On West Ridge,theshopsonwestridge.com,"3200 W Ridge Rd, Rochester, NY 14626",https://theshopsonwestridge.com/,greece,,,rejected,no_coffee_keywords
Artisan Coffeehouse of Scottsville,artisancoffeehouse.com,"2 Main St, Scottsville, NY 14546",http://www.artisancoffeehouse.com/,greece,,,rejected,no_store_page
Burnap's Farm Market & Garden Cafe,burnapsfarm.com,"7277 Maple Ave ext, Sodus, NY 14551",http://www.burnapsfarm.com/,greece,,,rejected,no_store_page
jitters cafe,jittersroc.com,"4357 Buffalo Rd, North Chili, NY 14514",http://jittersroc.com/,chili,,,rejected,no_coffee_keywords
Grinds Café and Sweet Shoppe,grindscafebrockport.com,"122 West Ave, Brockport, NY 14420",https://www.grindscafebrockport.com/,chili,,,rejected,no_store_page
Old School Cafe,oldschoolcafeny.com,"196 N Main St, Naples, NY 14512",https://www.oldschoolcafeny.com/,chili,,,rejected,no_store_page
Millie's,nazdining.sodexomyway.com,"Lorette Wilmot Library, 4245 East Ave, Rochester, NY 14618",https://nazdining.sodexomyway.com/en-us/locations/millies-cafe,chili,,,rejected,no_store_page
Niblack Foods,niblackfoods.com,"900 Jefferson Rd Building 9 Suite 904, Rochester, NY 14623",http://niblackfoods.com/,chili,,,rejected,no_store_page
CRISP Rochester,crisprochester.com,"819 S Clinton Ave, Rochester, NY 14620",http://crisprochester.com/,chili,,,rejected,no_coffee_keywords
Ellicottville Coffee Company,ellicottvillecoffee.com,"16 Washington St rt 219, Ellicottville, NY 14731",https://ellicottvillecoffee.com/,chili,,,rejected,no_store_page
Raha Coffee House,rahacoffeehouse.com,"370 Amherst St, Buffalo, NY 14207",http://rahacoffeehouse.com/,chili,,,rejected,no_store_page
Monsoon Roastery Specialty Coffee Roasters,monsoonroastery.com,"250 Albany St, Springfield, MA 01105",http://www.monsoonroastery.com/,hartford,,,rejected,wrong_region
Semilla Cafe + Studio,semilla.cafe,"1283 Main St, Hartford, CT 06103",http://www.semilla.cafe/,hartford,,,rejected,no_store_page
Yemerica Coffee,yemericacoffee.com,"1000 Farmington Ave Suite 100, West Hartford, CT 06107",https://www.yemericacoffee.com/,hartford,,,rejected,no_store_page
Story and Soil Coffee,storyandsoilcoffee.com,"387 Capitol Ave, Hartford, CT 06106",https://www.storyandsoilcoffee.com/,hartford,,,rejected,no_store_page
Craftsman Cliff Roasters,craftsmancliffroasters.com,"211 Main St, Norwich, CT 06360",http://craftsmancliffroasters.com/,hartford,,,rejected,no_store_page
the BOP Coffee,thebopcoffee.com,"150 Broad St Suite 300, Windsor, CT 06095",https://www.thebopcoffee.com/,hartford,,,rejected,no_coffee_keywords
Sacred Grounds Coffee Roasters,sacredgrounds.coffee,"1 CT-37 Bldg 1, Sherman, CT 06784",http://www.sacredgrounds.coffee/,hartford,,,rejected,no_shop
New England Coffee Guy (Cafe/Mobile Espresso Cart),newenglandcoffeeguy.com,"141 Shield St, West Hartford, CT 06110",https://www.newenglandcoffeeguy.com/,hartford,,,rejected,no_shop
Coffee Bean Distinct LLC,order.online,"37 Alden St, Hartford, CT 06114",https://order.online/business/coffee-bean-distinct-llc-1001527,hartford,,,rejected,no_coffee_keywords
Vernon Coffee Roasters,vernoncoffeeroasters.com,"520 Hartford Turnpike, Vernon, CT 06066",https://vernoncoffeeroasters.com/,hartford,,,rejected,no_store_page
Sun Coffee Roasters,suncoffeeroasters.com,"45 Northwest Dr, Plainville, CT 06062",http://www.suncoffeeroasters.com/,hartford,,,rejected,no_store_page
The Coffee Trade,thecoffeetradect.com,"21 W Main St, Avon, CT 06001",https://www.thecoffeetradect.com/,hartford,,,rejected,no_shop
So G Coffee Roasters,facebook.com,"882 Main St, South Glastonbury, CT 06073",https://facebook.com/sogcoffee/,hartford,,,rejected,no_shop
BonJo Coffee Roasters,bonjocoffeeroasters.bigcartel.com,"345 Elm St, Stamford, CT 06902",https://bonjocoffeeroasters.bigcartel.com/,hartford,,,rejected,no_store_page
DoNo Café,donocafe.com,"1212 Main St, Hartford, CT 06103",https://www.donocafe.com/,hartford,,,rejected,no_shop
The Coffee Spot,thecoffeespot.net,"750 Hopmeadow St, Simsbury, CT 06070",http://thecoffeespot.net/,hartford,,,rejected,no_store_page
Klekolo World Coffee,klekoloworldcoffee.com,"181 Court St, Middletown, CT 06457",https://klekoloworldcoffee.com/,hartford,,,rejected,no_coffee_keywords
The Roasted Bean,theroastedbeanct.com,"934 Terryville Ave, Bristol, CT 06010",http://www.theroastedbeanct.com/,hartford,,,rejected,no_store_page
RaonJena Coffee & Dessert,raonjena.org,"39 New London Turnpike, Glastonbury, CT 06033",http://raonjena.org/,hartford,,,rejected,no_store_page
Cha Papi,chapapi.com,"150 Shield St, West Hartford, CT 06110",https://chapapi.com/,hartford,,,rejected,no_coffee_keywords
Dom's Coffee,domscoffee.com,"20 W Main St, Avon, CT 06001",http://www.domscoffee.com/,hartford,,,rejected,no_shop
DORO Marketplace,doromkpl.com,"1253 New Britain Ave, West Hartford, CT 06110",http://www.doromkpl.com/,hartford,,,rejected,no_store_page
Harvey's Cafe & Market,harveyscafe.com,"161 Oakwood Ave, West Hartford, CT 06119",https://harveyscafe.com/,hartford,,,rejected,no_shop
The Blue House Bagel Co. & Cafe,bluehousebagelco.com,"161 Albany Turnpike, Canton, CT 06019",http://www.bluehousebagelco.com/,hartford,,,rejected,no_store_page
Heirloom Market at Comstock Ferre,heirloommkt.com,"263 Main St, Wethersfield, CT 06109",http://www.heirloommkt.com/,hartford,,,rejected,no_store_page
BeanZ and Co.,beanzandco.com,"11 E Main St, Avon, CT 06001",http://beanzandco.com/,hartford,,,rejected,no_store_page
"ERO Café (Matcha, Coffee, Breakfast, Lunch)",toasttab.com,"Adjacent to Sally’s Apizza, 44 Olive St, New Haven, CT 06511",https://www.toasttab.com/ero-cafe-44-olive-street,hartford,,,rejected,no_store_page
Kaiyden's,kaiyden.com,"595 Chapel St, New Haven, CT 06511",http://www.kaiyden.com/,hartford,,,rejected,no_store_page
Spruce Coffee,sprucecoffeenhv.com,"952 State St, New Haven, CT 06511",http://www.sprucecoffeenhv.com/,hartford,,,rejected,no_store_page
Tugboat Joe Coffee Roasters,tugboatjoe.shop,"173 Shore Dr, Branford, CT 06405",https://tugboatjoe.shop/,hartford,,,rejected,no_store_page
Coffee Fix Ct,coffeefixct.com,"945 Silas Deane Hwy, Wethersfield, CT 06109",https://www.coffeefixct.com/,hartford,,,rejected,no_shop
Shop Two Coffee,shoptwocoffee.com,"45 N Main St, Marlborough, CT 06447",http://shoptwocoffee.com/,hartford,,,rejected,no_store_page
Batchy Brew,batchybrew.com,"1050 E Main St, Torrington, CT 06790",http://batchybrew.com/,hartford,,,rejected,no_store_page
Stop & Shop,stores.stopandshop.com,"150 New Park Ave, Hartford, CT 06106",https://stores.stopandshop.com/ct/hartford/150-new-park-avenue?y_source=1_NDE5NTM4NC03MTUtbG9jYXRpb24ud2Vic2l0ZQ%3D%3D,hartford,,,rejected,no_coffee_keywords
The B. Hive,thebhiveburlington.com,"221 B, Spielman Hwy, Burlington, CT 06013",http://thebhiveburlington.com/?utm_source=google&utm_medium=wix_google_business_profile&utm_campaign=8559392820451531420,hartford,,,rejected,no_store_page
Froth Cafe at The Assembly Room,theassemblyroomct.com,"222 Main St, New Britain, CT 06051",https://www.theassemblyroomct.com/frothcafe/,new britain,,,rejected,no_shop
I Know You Know,ikykct.com,"69 Arch St, New Britain, CT 06051",http://ikykct.com/,new britain,,,rejected,no_coffee_keywords
Cafe Busy Bean,cafebusybean.com,"135 Main St, New Britain, CT 06051",http://www.cafebusybean.com/,new britain,,,rejected,no_shop
Provision State Coffee,provisionstate.coffee,"848 Farmington Ave Unit 1A, Berlin, CT 06037",http://www.provisionstate.coffee/,new britain,,,rejected,no_store_page
Roly Poly Bakery,rolypolyinc.com,"587 Main St, New Britain, CT 06051",http://www.rolypolyinc.com/,new britain,,,rejected,no_coffee_keywords
Ani's Table & Marketplace,anistableandmarketplace.com,"397 Cromwell Ave, Rocky Hill, CT 06067",https://anistableandmarketplace.com/,new britain,,,rejected,no_shop
Glastonbury Coffee Shop,glastonburycoffeeshop.weebly.com,"30 Welles St, Glastonbury, CT 06033",https://glastonburycoffeeshop.weebly.com/,new britain,,,rejected,no_store_page
10 Main Cafe & Deli,10maincafe.com,"10 Main St, Bristol, CT 06010",http://10maincafe.com/,new britain,,,rejected,no_store_page
Cafe Sofia,cafesofiaweha.com,"984 Farmington Ave, West Hartford, CT 06107",https://www.cafesofiaweha.com/,new britain,,,rejected,no_shop
Taste of The 215,tasteofthe215.com,"50 Main St, New Britain, CT 06051",https://www.tasteofthe215.com/,new britain,,,rejected,no_coffee_keywords
Hartford Baking Co.,hartfordbaking.com,"767 Farmington Ave, Farmington, CT 06032",http://www.hartfordbaking.com/,new britain,,,rejected,no_store_page
World Market,stores.worldmarket.com,"1431 New Britain Ave, West Hartford, CT 06110",https://stores.worldmarket.com/ct/west-hartford/1431-new-britain-avenue.html,new britain,,,rejected,no_coffee_keywords
East Side Restaurant,eastsiderestaurant.com,"131 Dwight St, New Britain, CT 06051",https://www.eastsiderestaurant.com/,new britain,,,rejected,no_coffee_keywords
Small State Provisions,smallstateprovisions.com,"637 New Park Ave, West Hartford, CT 06110",https://www.smallstateprovisions.com/,west hartford,,,rejected,no_store_page
Great Minds Coffee Roasters,greatmindscoffee.com,"28 Main St, Oakville, CT 06779",http://www.greatmindscoffee.com/,west hartford,,,rejected,no_store_page
Tea Break,teabreak.cafe,"994 Farmington Ave, West Hartford, CT 06107",http://teabreak.cafe/,west hartford,,,rejected,no_store_page
Insomnia Cookies,insomniacookies.com,"70 LaSalle Rd 1st Floor, West Hartford, CT 06107",https://insomniacookies.com/,west hartford,,,rejected,no_store_page
Westfarms,simon.com,"1500 New Britain Ave, West Hartford, CT 06110",https://www.simon.com/mall/westfarms,west hartford,,,rejected,no_coffee_keywords
New Harvest Coffee Roasters,newharvestcoffee.com,"10 Sims Ave, Providence, RI 02909",http://www.newharvestcoffee.com/,east hartford,,,rejected,wrong_region
Fire by Forge Restaurant,firebyforge.com,"539 Broad St, Hartford, CT 06106",https://firebyforge.com/?y_source=1_OTM4NjE4MzgtNzE1LWxvY2F0aW9uLndlYnNpdGU%3D,east hartford,,,rejected,no_store_page
Borealis Coffee Company,borealiscoffee.com,"500 Wood St Unit 113, Bristol, RI 02809",https://www.borealiscoffee.com/,bristol,,,rejected,wrong_region
Odysea Coffee,odyseacoffee.com,"265 Lake St, Bristol, NH 03222",http://www.odyseacoffee.com/,bristol,,,rejected,wrong_region
Borealis Coffee Roastery,borealiscoffee.com,"241 Grotto Ave Building A, Unit 5, Pawtucket, RI 02860",http://www.borealiscoffee.com/,bristol,,,rejected,wrong_region
Trailblazer Coffee,trailblazercoffee.com,"2016 W State St, Bristol, TN 37620",https://www.trailblazercoffee.com/,bristol,,,rejected,wrong_region
Calm Waters Coffee,calmwaterscoffee.com,"242 Mill St, Bristol, PA 19007",http://www.calmwaterscoffee.com/,bristol,,,rejected,wrong_region
Café Real Terryville Ave,tastecafereal.com,"785 Terryville Ave, Bristol, CT 06010",https://www.tastecafereal.com/,bristol,,,rejected,no_store_page
Yellow King Bristol,yellowkingbrews.com,"67 Race St, Bristol, CT 06010",https://www.yellowkingbrews.com/,bristol,,,rejected,no_store_page
Aroma Joe's Coffee,aromajoes.com,"1235 Farmington Ave, Bristol, CT 06010",https://aromajoes.com/,bristol,,,rejected,no_store_page
Expresso Café,expressocafebristol.com,"97 Maple St, Bristol, CT 06010",https://www.expressocafebristol.com/,bristol,,,rejected,no_store_page
Parkside Cafe,parksidecafebristol.com,"224 N Main St, Bristol, CT 06010",https://parksidecafebristol.com/,bristol,,,rejected,no_shop
Quin Brew Coffee Company,quinbrewcoffee.com,"1175 Main St, Watertown, CT 06795",http://www.quinbrewcoffee.com/,bristol,,,rejected,no_shop
Southington Coffee House,southingtoncoffeehouse.com,"51 N Main St, Southington, CT 06489",https://southingtoncoffeehouse.com/,bristol,,,rejected,no_shop
"Cravings, An American Eatery",feedmycravings.com,"1158 Farmington Ave, Bristol, CT 06010",http://www.feedmycravings.com/,bristol,,,rejected,no_coffee_keywords
Family Roots Produce Market,familyrootsproducemarket.com,"370 Riverside Ave, Bristol, CT 06010",https://www.familyrootsproducemarket.com/,bristol,,,rejected,no_shop
Little Oak Cafe,littleoakcafe.com,"220 Albany Turnpike Building 10, Canton, CT 06019",http://littleoakcafe.com/,bristol,,,rejected,no_store_page
ShopRite of Bristol,shoprite.com,"1200 Farmington Ave, Bristol, CT 06010",https://www.shoprite.com/?utm_source=GMB&utm_medium=Local_Search&utm_campaign=dbaPlatform&utm_term=308,bristol,,,rejected,no_coffee_keywords
Brinx Café & Wine Bar,brinxct.com,"53 Main St, Torrington, CT 06790",http://www.brinxct.com/,bristol,,,rejected,no_store_page
Jimmy's On the River,jimmysontheriverct.wixsite.com,"249 Terryville Rd, Bristol, CT 06010",https://jimmysontheriverct.wixsite.com/home,bristol,,,rejected,no_coffee_keywords
The Bristol Bazaar,thebristolbazaar.com,"67 Race St, Bristol, CT 06010",http://www.thebristolbazaar.com/,bristol,,,rejected,no_shop
Bruno's Cafe Unionville,brunoscafect.com,"55 Mill St, Unionville, CT 06085",http://brunoscafect.com/,bristol,,,rejected,no_store_page
Hometown Coffee Roasters,hometownroasters.com,"80 Old Granite St, Manchester, NH 03101",http://www.hometownroasters.com/,manchester,,,rejected,wrong_region
Critical Mass Coffee,criticalmasscoffee.com,"649 E Industrial Park Dr Unit 17, Manchester, NH 03109",http://www.criticalmasscoffee.com/,manchester,,,rejected,wrong_region
Manchester Coffee Co.,manchestercoffeeco.com,"576 E Third St Suite 110, Lexington, KY 40508",http://www.manchestercoffeeco.com/,manchester,,,rejected,wrong_region
Terra Nova Coffee Roasters,terranovacoffee.net,"48 Emerald St, Keene, NH 03431",https://terranovacoffee.net/,manchester,,,rejected,wrong_region
Specialty Beverage Concepts,specialtybeverageconcepts.com,"145 Edwin Rd, South Windsor, CT 06074",http://www.specialtybeverageconcepts.com/,manchester,,,rejected,no_store_page
Urban Lodge Brewing Co.,urbanlodgebrewing.com,"47 Purnell Pl, Manchester, CT 06040",http://urbanlodgebrewing.com/,manchester,,,rejected,no_store_page
The Firestone | Art studio + Cafe,thefirestonect.com,"1115 Main St, Manchester, CT 06040",http://thefirestonect.com/,manchester,,,rejected,no_store_page
Between Rounds,betweenroundsbagels.com,"1540 Pleasant Valley Rd, Manchester, CT 06042",http://www.betweenroundsbagels.com/,manchester,,,rejected,no_store_page
Audacity British Style Pub,audacitybritishstylepubs.com,"829 Main St, Manchester, CT 06040",http://www.audacitybritishstylepubs.com/,manchester,,,rejected,no_coffee_keywords
Elicit Brewing Co - Manchester,elicitbrewing.com,"165 Adams St, Manchester, CT 06042",http://www.elicitbrewing.com/,manchester,,,rejected,no_shop
Cafe Aura,cafeaura.com,"45 E Center St, Manchester, CT 06040",http://www.cafeaura.com/,manchester,,,rejected,no_store_page
Hartford Road Cafe,hartfordroadcafe.com,"378 Hartford Rd, Manchester, CT 06040",https://hartfordroadcafe.com/,manchester,,,rejected,no_store_page
Steve's Bagels,stevesnewyorkbagels.com,"11 Tolland Turnpike, Manchester, CT 06042",http://www.stevesnewyorkbagels.com/,manchester,,,rejected,no_coffee_keywords
Tutto Caffé,tuttoilgiornocaffe.com,"55 Main St, East Hampton, NY 11937",https://www.tuttoilgiornocaffe.com/,middletown,,,rejected,wrong_region
South County Bread Company,southcountybread.com,"333 Main St, South Kingstown, RI 02879",https://www.southcountybread.com/,middletown,,,rejected,wrong_region
Pawling Coffee Roaster,pawlingcoffeeroaster.net,"3 E Main St, Pawling, NY 12564",http://pawlingcoffeeroaster.net/,middletown,,,rejected,wrong_region
YUP Coffee Roasters,yupcoffee.com,"296 Nonotuck St, Northampton, MA 01062",https://www.yupcoffee.com/contact,middletown,,,rejected,wrong_region
Futura Coffee Roasters - The Mill District,futuracoffeeroasters.com,"73 Cowls Rd, Amherst, MA 01002",https://futuracoffeeroasters.com/,middletown,,,rejected,wrong_region
DAYES Coffee Roasters,dayescoffee.com,"34 North St, Middletown, NY 10940",http://www.dayescoffee.com/,middletown,,,rejected,wrong_region
North Fork Roasting Co.,northforkroastingco.com,"55795 Main Rd, Southold, NY 11971",http://www.northforkroastingco.com/,middletown,,,rejected,wrong_region
Back Again Board Game Cafe LLC,backagaincafe.com,"484 Main St UNIT 11, Middletown, CT 06457",http://backagaincafe.com/,middletown,,,rejected,no_store_page
Perk on Main,perkonmain.com,"386 Main St, Middletown, CT 06457",http://perkonmain.com/,middletown,,,rejected,no_store_page
Sweet Harmony Cafe & Bakery,sweetharmonyct.com,"330 Main St, Middletown, CT 06457",http://sweetharmonyct.com/,middletown,,,rejected,no_store_page
Bergen House,bergenhousect.com,"725 Main St UNIT 27, Middletown, CT 06457",http://bergenhousect.com/,middletown,,,rejected,no_coffee_keywords
BD Provisions,bdprovisions.com,"125 S Main St, Newtown, CT 06470",https://www.bdprovisions.com/newtown-store,middletown,,,rejected,no_coffee_keywords
The Cooking Company,thecookingco.com,"350 Main St 1st fl, Middletown, CT 06457",http://thecookingco.com/,middletown,,,rejected,no_coffee_keywords
It's Only Natural Market,itsonlynaturalmarket.com,"575 Main St, Middletown, CT 06457",http://www.itsonlynaturalmarket.com/,middletown,,,rejected,no_store_page
Maruichi Cafe,maruichius.net,"1980 W Main St, Stamford, CT 06902",https://www.maruichius.net/,middletown,,,rejected,no_coffee_keywords
PARSLEY,parsleyct.com,"324 Main St, Middletown, CT 06457",https://www.parsleyct.com/,middletown,,,rejected,no_coffee_keywords
RJ Cafe & Bistro,rjcafebistro.com,"768 Boston Post Rd, Madison, CT 06443",http://www.rjcafebistro.com/,middletown,,,rejected,no_store_page
Harrie's Jailhouse,harriesjailhouse.com,"51 Warwick St, Middletown, CT 06457",https://www.harriesjailhouse.com/,middletown,,,rejected,no_coffee_keywords
Eli Cannons Tap Room,elicannons.com,"695 Main St, Middletown, CT 06457",https://www.elicannons.com/,middletown,,,rejected,no_shop
Le Jardin Cafe,lejardin.cafe,"86 N Main St, Wallingford, CT 06492",http://lejardin.cafe/,middletown,,,rejected,no_shop
Carmela's on the Extension,carmelasmiddletown.com,"139 Main Street Extension, Middletown, CT 06457",http://carmelasmiddletown.com/,middletown,,,rejected,no_coffee_keywords
Market 32,pricechopper.com,"855 Washington St, Middletown, CT 06457",https://www.pricechopper.com/stores/ct/middletown/market-32-232.html,middletown,,,rejected,no_store_page
Zinneken's Belgian waffles | Glastonbury,zinnekenswaffles.com,"331A New London Turnpike, Glastonbury, CT 06033",http://www.zinnekenswaffles.com/,middletown,,,rejected,no_coffee_keywords
Sol House Tavern,solhousetavern.com,"670 Newfield St, Middletown, CT 06457",https://www.solhousetavern.com/,middletown,,,rejected,no_shop
Pausa Caffè,thepausacaffe.com,"9 Main St, Norwalk, CT 06851",http://thepausacaffe.com/,middletown,,,rejected,no_store_page
Athenian Diner II,atheniandiners.com,"864 Washington St, Middletown, CT 06457",http://www.atheniandiners.com/,middletown,,,rejected,no_coffee_keywords
"ION Restaurant, It's Only Natural, ION",ionrestaurant.com,"606 Main St, Middletown, CT 06457",https://ionrestaurant.com/?utm_source=google,middletown,,,rejected,no_coffee_keywords
Quarry Coffee & Craft Kitchen,quarrycoffeeco.com,"101 Main St, Oxford, CT 06478",http://www.quarrycoffeeco.com/,middletown,,,rejected,no_store_page
Two Wrasslin' Cats Coffee House & Cafe,twowrasslincats.com,"374 Town St, East Haddam, CT 06423",http://twowrasslincats.com/,middletown,,,rejected,no_coffee_keywords
MOTW Coffee and Pastries,motw.coffee,"425 Main St, Middletown, CT 06457",https://motw.coffee/,middletown,,,rejected,no_shop
Feshafeesh • Dessert Bar,feshafeesh.com,"578 Main St, Middletown, CT 06457",https://feshafeesh.com/,middletown,,,rejected,no_coffee_keywords
Red & Black Cafe,weswings.com,"45 Broad St, Middletown, CT 06457",http://weswings.com/,middletown,,,rejected,no_store_page
Arwa Yemeni Coffee,arwacoffee.com,"335 Orange St Suite 1, New Haven, CT 06511",https://arwacoffee.com/,middletown,,,rejected,no_store_page
Brew Bakers,mybrewbakers.com,"169 Main St, Middletown, CT 06457",http://www.mybrewbakers.com/,middletown,,,rejected,no_store_page
Chubby Dog Coffee Gaming Bar,chubbydogcoffee.com,"144 Main St, Danielson, CT 06239",http://chubbydogcoffee.com/,middletown,,,rejected,no_store_page
E.E.J.L. WORLD L.L.C.,eejlworldllc.com,"50 Highland Ave Suite 3, Middletown, CT 06457",http://www.eejlworldllc.com/,middletown,,,rejected,no_coffee_keywords
Black By Demand Specialty Coffee,blackbydemand.biz,"Norwalk, CT 06854",https://www.blackbydemand.biz/general-6,middletown,,,rejected,no_store_page
Wesleyan RJ Julia Bookstore,wesleyanrjjulia.com,"413 Main St, Middletown, CT 06457",http://www.wesleyanrjjulia.com/,middletown,,,rejected,no_coffee_keywords
Last Drop Coffee Shop,lastdropcoffeeshop.com,"435 Main St, Monroe, CT 06468",https://www.lastdropcoffeeshop.com/,middletown,,,rejected,no_shop
Molten Java,moltenjava.wordpress.com,"213 Greenwood Ave, Bethel, CT 06801",http://moltenjava.wordpress.com/,middletown,,,rejected,no_store_page
Two Dogs Coffee Shop,order.dripos.com,"157 Main St Suite B, Danielson, CT 06239",https://order.dripos.com/Two-Dogs-Coffee-Shop,middletown,,,rejected,no_store_page
Tschudin Chocolates & Confections,tschocolates.com,"100 Riverview Center #110, Middletown, CT 06457",http://www.tschocolates.com/,middletown,,,rejected,no_coffee_keywords
Neil’s Donuts,neilsdonuts.com,"211 S Main St, Middletown, CT 06457",http://neilsdonuts.com/,middletown,,,rejected,no_store_page
Ground Up Coffee,instagram.com,"285 Nicoll St, New Haven, CT 06511",https://www.instagram.com/groundupcoffeeeastrock?igsh=MXMyNDNqanJIOGhycg==,middletown,,,rejected,no_shop
Rise and Shine Cafe,riseandshinecafect.com,"749 Saybrook Rd, Middletown, CT 06457",https://riseandshinecafect.com/,middletown,,,rejected,no_store_page
Greiser’s Coffee & Market,greisers.com,"299 Center Rd, Easton, CT 06612",https://www.greisers.com/,middletown,,,rejected,no_store_page
Roost Kitchen + Coffee,heyroost.com,"2075 Black Rock Tpke, Fairfield, CT 06824",https://www.heyroost.com/,middletown,,,rejected,no_store_page
Sweet B Cafe,sweetbcafe.com,"945 Cromwell Ave, Rocky Hill, CT 06067",http://sweetbcafe.com/,middletown,,,rejected,no_store_page
Lamplighter Trading Company,lamplightertradingco.com,"8 Steamboat Wharf, Mystic, CT 06355",http://www.lamplightertradingco.com/,middletown,,,rejected,no_store_page
Fable,ctfable.com,"96 Center St, Southington, CT 06489",http://www.ctfable.com/,middletown,,,rejected,no_coffee_keywords
Good Times Coffee House,goodtimescoffeehouse.com,"1548 Main St, Willimantic, CT 06226",https://goodtimescoffeehouse.com/,middletown,,,rejected,no_shop
Colonial Coffee Co Ltd,colonialcoffee.ca,"3110 Marentette Ave, Windsor, ON N8X 4G2, Canada",http://www.colonialcoffee.ca/,windsor,,,rejected,wrong_region
The Better Bean,betterbeancafe.com,"186 Main St #1R, Monson, MA 01057",http://www.betterbeancafe.com/,windsor,,,rejected,wrong_region
First Choice,firstchoiceservices.com,"900 River St suite F, Windsor, CT 06095",https://firstchoiceservices.com/locations/hartford/,windsor,,,rejected,no_shop
Roasted beanery,roastedbeanery.com,"95 S Rd, Somers, CT 06071",https://roastedbeanery.com/,windsor,,,rejected,no_store_page
Cafe Barista,baristacafect.com,"66 N Main St, Suffield, CT 06078",http://baristacafect.com/,windsor,,,rejected,no_store_page
Likkle Patty Shop,likklepattyshop.com,"296 Broad St Ste C, Windsor, CT 06095",http://likklepattyshop.com/,windsor,,,rejected,no_coffee_keywords
Yosi Kitchen,yosikitchen.com,"598 Hayden Station Rd, Windsor, CT 06095",http://yosikitchen.com/,windsor,,,rejected,no_coffee_keywords
Williams-Sonoma,williams-sonoma.com,"200 Evergreen Way Suite 256, South Windsor, CT 06074",https://www.williams-sonoma.com/stores/us-ct-south-windsor-promenade-at-evergreen-walk/,windsor,,,rejected,no_coffee_keywords
Lox Stock & Bagels,loxstock.com,"1393 Blue Hills Ave, Bloomfield, CT 06002",http://www.loxstock.com/,windsor,,,rejected,no_coffee_keywords
Day Hill Deli,dayhilldeli.com,"555 Day Hill Rd, Windsor, CT 06095",http://www.dayhilldeli.com/,windsor,,,rejected,no_shop
Mahaney Breakfast & Lunch,mahaneysct.com,"1775 Poquonock Ave, Windsor, CT 06095",https://mahaneysct.com/,windsor,,,rejected,no_store_page
Brookside Bagels,brooksidebagelsct.com,"563 Hopmeadow St, Simsbury, CT 06070",https://brooksidebagelsct.com/,windsor,,,rejected,no_store_page
Isaac's Bagel Cafe,isaacsbagelcafe.squarespace.com,"16-B Mountain Ave, Bloomfield, CT 06002",https://isaacsbagelcafe.squarespace.com/,windsor,,,rejected,no_shop
Hasbeans Ltd.,hasbeans.ca,"130 King St, London, ON N6A 1C5",https://hasbeans.ca/,london,,,rejected,no_store_page
Fire Roasted Coffee Co.,fireroastedcoffee.com,"900 King Street, Western Fair Farmers' & Artisans' Market, 2nd Floor, London, ON N5W 2X7",http://www.fireroastedcoffee.com/,london,,,rejected,no_coffee_keywords
Browned Cafe (Wharncliffe),browned.ca,"275 Wharncliffe Rd N, London, ON N6H 2C1",https://www.browned.ca/,london,,,rejected,no_store_page
Canada's Finest Coffee Service,canadasfinestcoffee.com,"775 Industrial Rd, London, ON N5V 3N5",http://www.canadasfinestcoffee.com/,london,,,rejected,scrape_failed
Heritage Coffee Co. Ltd.,heritage-coffee.com,"97 Bessemer Rd, London, ON N6E 1P9",https://heritage-coffee.com/,london,,,rejected,no_shop
Viola Gourmet,violagourmet.ca,"312 Commissioners Rd W #4B, London, ON N6J 1Y3",http://violagourmet.ca/,london,,,rejected,no_coffee_keywords
The Evergreen Coffee Lounge,evergreencoffeelounge.ca,"111 Thames St S, Ingersoll, ON N5C 2T3",https://www.evergreencoffeelounge.ca/,london,,,rejected,no_shop
Sidetrack: A Wortley Café,sidetrack.cafe,"136 Wortley Rd, London, ON N6C 3P5",https://sidetrack.cafe/,london,,,rejected,no_store_page
Saga Board Games & Coffee,sagagamescafe.com,"105 King St, London, ON N6A 1C1",http://www.sagagamescafe.com/,london,,,rejected,no_store_page
Reset Social Cafe,resetsocial.cafe,"503 Talbot St, London, ON N6A 2S5",http://www.resetsocial.cafe/,london,,,rejected,no_store_page
Twins Café,twinscafe.ca,"1135 Richmond St, London, ON N6A 2K5",https://www.twinscafe.ca/,london,,,rejected,no_store_page
Locomotive Espresso - North,locomotiveespresso.com,"408 Pall Mall St, London, ON N5Y 2Z2",http://www.locomotiveespresso.com/,london,,,rejected,no_store_page
The Green Earth Cafe London,thegreenearthcafe.com,"1325 Riverbend Rd Unit 15, London, ON N6K 0K1",https://www.thegreenearthcafe.com/?utm_source=gbp&utm_medium=organic&utm_campaign=listing,london,,,rejected,scrape_failed
London Coffee House,cmhatv.ca,"371 Hamilton Rd, London, ON N5Z 1R7",https://cmhatv.ca/londoncoffeehouse/,london,,,rejected,no_coffee_keywords
Cortoba Café,cortoba.ca,"312 Commissioners Rd W #4B, London, ON N6J 1Y3",http://www.cortoba.ca/,london,,,rejected,no_store_page
Black Walnut Bakery Café,blackwalnutbakerycafe.com,"724 Richmond St, London, ON N6A 3H3",http://www.blackwalnutbakerycafe.com/,london,,,rejected,no_store_page
London Bicycle Café,cafe.londonbicyclecafe.com,"320 Thames St Unit 101, London, ON N6A 0E1",https://cafe.londonbicyclecafe.com/?utm_source=gmb&utm_medium=organic&utm_campaign=local,london,,,rejected,no_shop
Virgin Islands Coffee Roasters,virginislandscoffeeroasters.com,"9718 Estate Thomas Suite 5A, St Thomas 00802, US Virgin Islands",http://virginislandscoffeeroasters.com/,st. thomas,,,rejected,wrong_region
St. Thomas Roasters,stthomasroasters.com,"5951 Linglestown Rd, Harrisburg, PA 17112, United States",http://www.stthomasroasters.com/,st. thomas,,,rejected,wrong_region
Zesty Dessert Café,live.vibemenu.dev,"831 Talbot St, St Thomas, ON N5P 1E4",https://live.vibemenu.dev/bWMOaEjqPOLkK7QalvvG,st. thomas,,,rejected,no_coffee_keywords
Los Frutos Del Café,frutosdelcafe.org,"750 Talbot St Suite 105, St Thomas, ON N5P 1E2",http://frutosdelcafe.org/,st. thomas,,,rejected,no_store_page
Streamliners Espresso Bar,streamlinersespressobar.com,"767 Talbot St, St Thomas, ON N5P 1E3",http://www.streamlinersespressobar.com/,st. thomas,,,rejected,no_shop
Jancat Art,jancat.art,"584 Talbot St, St Thomas, ON N5P 1C4",https://www.jancat.art/,st. thomas,,,rejected,no_store_page
Why Not Cookies Cafe,whynotcookies.ca,"373 Talbot St, St Thomas, ON N5P 1B7",http://www.whynotcookies.ca,st. thomas,,,rejected,no_store_page
The Fritter Shop St. Thomas,thefrittershop.com,"779 Talbot St, St Thomas, ON N5P 1E3",http://www.thefrittershop.com/,st. thomas,,,rejected,no_coffee_keywords
Spicer's Bakery In St Thomas,spicersbakery.ca,"965 Talbot St, St Thomas, ON N5P 3J2",https://www.spicersbakery.ca/,st. thomas,,,rejected,no_coffee_keywords
Country Charm Cafe,countrycharmcafe.ca,"310 Wellington St, St Thomas, ON N5R 2N6",http://countrycharmcafe.ca/,st. thomas,,,rejected,no_shop
Roy's Coffee Shop,royscoffeeshop.com,"273 Caradoc St S, Strathroy, ON N7G 2P3",http://royscoffeeshop.com/,strathroy,,,rejected,no_store_page
Backhome Coffee Roaster,backhomecoffee.com,"112 Christina St S, Sarnia, ON N7T 2M6",https://www.backhomecoffee.com/,strathroy,,,rejected,no_shop
Blackwater Coffee Co.,blackwatercoffee.ca,"177 Christina St N, Sarnia, ON N7T 5T8",http://www.blackwatercoffee.ca/,strathroy,,,rejected,no_shop
The Cottage Cafe,thecottagecafe.ca,"71 River Rd, Grand Bend, ON N0M 1T0",http://www.thecottagecafe.ca/,strathroy,,,rejected,no_store_page
The Olde Bakery Cafe,oldebakerycafe.com,"120 Thames St S, Ingersoll, ON N5C 2T4",https://www.oldebakerycafe.com/,ingersoll,,,rejected,no_store_page
Ingersoll Rails House of Brews,ingersollrails.beer,"99 Victoria St, Ingersoll, ON N5C 2S9",http://www.ingersollrails.beer/,ingersoll,,,rejected,no_shop
Rose and Daffodil Bakery,roseanddaffodilbakery.com,"120 Thames St N, Ingersoll, ON N5C 1K7",http://www.roseanddaffodilbakery.com/,ingersoll,,,rejected,no_coffee_keywords
The Woodstock Coffee Company,thewoodstockcoffeecompany.com,"9550 Main St Suite #190, Woodstock, GA 30188, United States",https://www.thewoodstockcoffeecompany.com/,woodstock,,,rejected,wrong_region
Evergreen Coffee Roasters,evergreencoffee.ca,"150 Bee St, Woodstock, ON N4S 3Z4",http://evergreencoffee.ca/,woodstock,,,rejected,no_store_page
Beantown Coffee,instagram.com,"9 Reeve St, Woodstock, ON N4S 3G1",http://instagram.com/beantowncoffeeco,woodstock,,,rejected,no_shop
Country Style,countrystyle.com,"Shell Gas Station, 200 Dundas St, Woodstock, ON N4S 1A7",https://www.countrystyle.com/stores/?utm_source=G&utm_medium=LPM&utm_campaign=MTY,woodstock,,,rejected,no_coffee_keywords
SJ FRESH COFFEE,sjfreshcoffee.godaddysites.com,"16 Water St S, Cambridge, ON N1R 3C5",https://sjfreshcoffee.godaddysites.com/,woodstock,,,rejected,no_shop
Disko Coffee,disko.ca,"63 Dickson St #1, Cambridge, ON N1R 7A5",https://disko.ca/,woodstock,,,rejected,no_store_page
Full of Beans Coffee Co,fullofbeans.co,"St Jacobs Farmers Market, 878 Weber St N, Waterloo, ON N2J 4G8",https://www.fullofbeans.co/,woodstock,,,rejected,no_store_page
Tater's Sandwiches,taterssandwiches.ca,"495 Dundas St, Woodstock, ON N4S 1C3",http://taterssandwiches.ca/,woodstock,,,rejected,no_shop
Lighthouse Coffee Roasters,lighthousecoffeeroasters.ca,"35931 Empress Dr #1, Abbotsford, BC V3G 2M8",http://www.lighthousecoffeeroasters.ca/,tillsonburg,,,rejected,wrong_region
Barking Irons Roastery | Chilliwack Coffee Roaster,barkingironsroastery.com,"50529 Chilliwack Central Rd, Rosedale, BC V0X 1X2",https://www.barkingironsroastery.com/,tillsonburg,,,rejected,wrong_region
Coyle's Country Store,coylescountrystore.com,"244282 Airport Rd, Tillsonburg, ON N4G 4H1",http://www.coylescountrystore.com/,tillsonburg,,,rejected,no_store_page
Nectar Bistro & Bar,nectartillsonburg.ca,"117 Broadway St, Tillsonburg, ON N4G 3P5",https://www.nectartillsonburg.ca/,tillsonburg,,,rejected,no_shop
Kingfisher Cafe,kingfishercafe.ca,"11 Norfolk St N, Simcoe, ON N3Y 3N6",https://www.kingfishercafe.ca/,tillsonburg,,,rejected,no_store_page
Korner Perk,kornerperk.ca,"101 Broadway St, Tillsonburg, ON N4G 3P5",https://kornerperk.ca/,tillsonburg,,,rejected,no_shop
Skyway Cafe Tillsonburg,skywaycafe.ca,"244411 Airport Rd, Tillsonburg, ON N4G 4H1",https://www.skywaycafe.ca/,tillsonburg,,,rejected,no_store_page
TC Brewing Co.,tcbrew.ca,"2008 Dorchester Rd, Dorchester, ON N0L 1G2",http://www.tcbrew.ca/,tillsonburg,,,rejected,no_store_page
Cafe 1517,reformedbookservices.com,"16 Roy Blvd, Brantford, ON N3R 7K2",https://reformedbookservices.com/pages/cafe-1517,tillsonburg,,,rejected,no_store_page
Golden Grounds Coffee House,yourstudentsunion.ca,"154 Dalhousie St, Brantford, ON N3T 2J4",https://www.yourstudentsunion.ca/golden-grounds,tillsonburg,,,rejected,no_coffee_keywords
Joy Bakery Café,joyofnorfolk.ca,"126 Robinson St, Simcoe, ON N3Y 1W9",http://www.joyofnorfolk.ca/,tillsonburg,,,rejected,no_coffee_keywords
Solarien Cafe,solarien.ca,"960 King St E, Cambridge, ON N3H 3K7",http://solarien.ca/,tillsonburg,,,rejected,no_shop
Friday cafe,fridaycafebrantford.wixsite.com,"75 Dalhousie St, Brantford, ON N3T 2J1",https://fridaycafebrantford.wixsite.com/friday-cafe,tillsonburg,,,rejected,no_shop
The Social,selkirksocial.ca,"7 Main St E, Selkirk, ON N0A 1P0",http://selkirksocial.ca/,tillsonburg,,,rejected,no_store_page
Abby Mae's Cafe & Bakery,abbymaescafeandbakery.com,"516 John St N, Aylmer, ON N5H 0A6",http://abbymaescafeandbakery.com/,aylmer,,,rejected,no_store_page
Huckleberry Cakes & Coffee,huckleberrycakes.ca,"49 Talbot St E, Aylmer, ON N5H 1H3",http://huckleberrycakes.ca/,aylmer,,,rejected,no_store_page
Abby Mae's Gluten Free Bakery,abbymaes.square.site,"300 Talbot St W, Aylmer, ON N5H 1K2",http://abbymaes.square.site/,aylmer,,,rejected,no_store_page
Café Mulligan,cafemulligan.com,"149 Principale St, Gatineau, Quebec J9H 3M7",https://www.cafemulligan.com/,aylmer,,,rejected,no_coffee_keywords
Café British,thebritish.ca,"79 Principale St, Gatineau, Quebec J9H 4N5",http://thebritish.ca/,aylmer,,,rejected,no_store_page
Ukrainian Homemade Food,ukrainianhomefood.ca,"128 Talbot St E, Aylmer, ON N5H 1H5",https://ukrainianhomefood.ca/,aylmer,,,rejected,no_coffee_keywords
Walker Dairy Bar,walkerfarms.ca,"49681 Talbot St E, Aylmer, ON N5H 2W1",http://walkerfarms.ca/,aylmer,,,rejected,no_store_page
Pinecroft,pinecroft.ca,"8122 Rogers Rd, Aylmer, ON N5H 2R4",https://pinecroft.ca/,aylmer,,,rejected,no_coffee_keywords
Beanzz,beanzzsarnia.com,"207 Christina St N, Sarnia, ON N7T 5T9",https://www.beanzzsarnia.com/,sarnia,,,rejected,no_store_page
Coffee Lodge,coffeelodge.ca,"400 Exmouth St, Sarnia, ON N7T 5N9",http://www.coffeelodge.ca/,sarnia,,,rejected,no_store_page
Greens,greenssarnia.com,"196 Christina St N, Sarnia, ON N7T 5V3",http://greenssarnia.com/,sarnia,,,rejected,no_shop
The Roastory Specialty Coffee and Roastery Inc.,theroastorycoffee.com,"12 Ella Ln Unit 106, Bedford, NS B4B 2J6",https://www.theroastorycoffee.com/,halifax,,,rejected,no_shop
Roastery 46,roastery46.ca,"170 Joseph Zatzman Dr Unit 12, Dartmouth, NS B3B 1M3",http://roastery46.ca/,halifax,,,rejected,scrape_failed
Scotian Grind Coffee,scotiangrindcoffee.ca,"26 Windfield Crescent, Middle Sackville, NS B4E 3A1",http://www.scotiangrindcoffee.ca/,halifax,,,rejected,no_shop
Espresso 46,facebook.com,"2867 Isleville St, Halifax, NS B3K 3X4",https://www.facebook.com/Espresso46/,halifax,,,rejected,no_coffee_keywords
Caffè Lucca,caffelucca.ca,"1625 Grafton St, Halifax, NS B3J 0B1",https://www.caffelucca.ca/,halifax,,,rejected,no_shop
Café Lara & Roastery,cafelara.ca,"3121 Kempt Rd, Halifax, NS B3K 5N6",http://www.cafelara.ca/,halifax,,,rejected,scrape_failed
Tartan Coffee Company,tartancoffee.ca,"Dingle Rd, Halifax, NS B3P 1A1",https://www.tartancoffee.ca/,halifax,,,rejected,scrape_failed
Weird Harbour Espresso Bar,weirdharbour.com,"1656 Barrington St, Halifax, NS B3J 0C2",https://www.weirdharbour.com/,halifax,,,rejected,no_coffee_keywords
The Barn Coffee & Social House,thebarncoffee.com,"458 Main St, Mahone Bay, NS B0J 2E0",http://www.thebarncoffee.com/,halifax,,,rejected,no_shop
The Fourth Pull by Stoke Food Supply,stokefood.ca,"5687 West St, Halifax, NS B3K 4C1",http://stokefood.ca/,halifax,,,rejected,no_coffee_keywords
Ramblers,instagram.com,"5576 Nora Bernard St, Halifax, NS B3K 5K9",http://www.instagram.com/ramblers.hfx,halifax,,,rejected,no_shop
Beanville Coffee Roastery,beanvillecoffee.com,"771 Bedford Hwy, Bedford, NS B4A 1A1",https://www.beanvillecoffee.com/,halifax,,,rejected,no_store_page
Terra Cafe,terracafe.ca,"1496 Lower Water St, Halifax, NS B3J 3R5",http://terracafe.ca/,halifax,,,rejected,no_shop
Uncommon Grounds,theuncommongroup.com,"1030 South Park St Suite # 321, Halifax, NS B3H 2W3",https://www.theuncommongroup.com/,halifax,,,rejected,no_coffee_keywords
Sully and Porter Cafe,sullyandporter.com,"2959 Oxford St, Halifax, NS B3L 2W3",http://sullyandporter.com/,halifax,,,rejected,no_store_page
Creative Cup Cafe,creativecupcafe.ca,"2792 Gottingen St, Halifax, NS B3K 3C8",http://www.creativecupcafe.ca/,halifax,,,rejected,no_store_page
Balancing Rock Coffeehouse,marriott.com,"1919 Upper Water St, Halifax, NS B3J 3J5",https://www.marriott.com/en-us/hotels/yhzmc-halifax-marriott-harbourfront-hotel/dining/?scid=feed67b0-9a2f-4de1-8df6-114544116108,halifax,,,rejected,no_shop
Apartment 3 Espresso Bar,apt3coffee.com,"1565 South Park St Unit 2, Halifax, NS B3J 0H8",http://www.apt3coffee.com/,halifax,,,rejected,no_store_page
Nhà Specialty Coffee & Kitchen,nhacoffee.com,"205 Bedford Hwy Ground Floor, Halifax, NS B3M 0R5",https://nhacoffee.com/,halifax,,,rejected,no_shop
Xena's Bread and Butter Ltd.,xenasbreadandbutter.com,"1996 Brunswick St, Halifax, NS B3J 2G7",https://xenasbreadandbutter.com/,halifax,,,rejected,no_store_page
Steve-O-Reno's Cappuccino,steveorenos.com,"1536 Brunswick St, Halifax, NS B3J 2G2",https://www.steveorenos.com/,halifax,,,rejected,no_store_page
Glitter Bean Cafe Co-op,glitterbeancafe.com,"5896 Spring Garden Rd, Halifax, NS B3H 0A6",https://www.glitterbeancafe.com/,halifax,,,rejected,no_store_page
Open Book Coffee,openbookcoffee.ca,"3660 Strawberry Hill St, Halifax, NS B3K 5A9",https://openbookcoffee.ca/,halifax,,,rejected,no_store_page
The 5K Cafe,the5kcafe.ca,"124 Chain Lake Dr, Halifax, NS B3N 3B4",https://www.the5kcafe.ca/,halifax,,,rejected,no_shop
Lucy's Hydrostone Café,lucyshydrostone.ca,"5517 Young St, Halifax, NS B3K 1Z7",https://lucyshydrostone.ca/?utm_source=boom12&utm_medium=gbl&utm_campaign=orgsoc,halifax,,,rejected,no_shop
Dilly Dally Coffee Cafe,dillydallyeats.com,"6100 Quinpool Rd, Halifax, NS B3L 1A1",http://www.dillydallyeats.com/contact.html,halifax,,,rejected,no_store_page
Bird's Nest Cafe + Catering,birdsnesthalifax.com,"1547 Barrington St, Halifax, NS B3J 1Z4",https://www.birdsnesthalifax.com/,halifax,,,rejected,no_store_page
The Mellow Mug (Halifax),mellowmug.ca,"7071 Bayers Rd Suite 1011, Halifax, NS B3L 2C2",http://mellowmug.ca/,halifax,,,rejected,no_shop
Seven Bays Cafe,sevenbaysbouldering.com,"2017 Gottingen St, Halifax, NS B3K 3B1",https://sevenbaysbouldering.com/gottingen/cafe/menu/,halifax,,,rejected,no_coffee_keywords
Cafe Byron,cafebyron.ca,"2456 Agricola St, Halifax, NS B3K 4C2",https://www.cafebyron.ca/,halifax,,,rejected,no_store_page
Trident Booksellers & Cafe,tridenthalifax.ca,"1256 Hollis St, Halifax, NS B3J 1T6",https://tridenthalifax.ca/,halifax,,,rejected,no_shop
Pane e Circo,panecirco.ca,"1515 Queen St, Halifax, NS B3J 1G1",http://www.panecirco.ca/,halifax,,,rejected,no_coffee_keywords
Selby’s Bunker Coffee & Gifts,selby.store,"1090 Cole Harbour Rd, Dartmouth, NS B2V 1E7",http://selby.store/,halifax,,,rejected,no_store_page
Tart & Soul Cafe,tartandsoulcafe.ca,"6389 Coburg Rd, Halifax, NS B3H 2A5",http://tartandsoulcafe.ca/,halifax,,,rejected,no_store_page
Bliss Caffeine Bar,blisscaffeinebar.com,"1451 South Park St, Halifax, NS B3J 2L1",https://blisscaffeinebar.com/,halifax,,,rejected,no_store_page
North End Baking Co. & Café,northendbaking.com,"5505 Clyde St., Halifax, NS B3J 0M2",https://northendbaking.com/,halifax,,,rejected,no_shop
Café du Port,caféduport.com,"1597 Barrington St, Halifax, NS B3J 1Z7",https://www.caféduport.com/,halifax,,,rejected,no_store_page
Cabin Coffee,cabincoffeehalifax.ca,"1554 Hollis St, Halifax, NS B3J 1V3",http://cabincoffeehalifax.ca/,halifax,,,rejected,no_store_page
Bramble Cafe,bramblehfx.ca,"2851 Agricola St, Halifax, NS B3K 4E6",http://www.bramblehfx.ca/,halifax,,,rejected,no_store_page
Two If By Sea Cafe,twoifbysea.cafe,"66 Ochterloney St, Dartmouth, NS B2Y 1C2",http://twoifbysea.cafe/,halifax,,,rejected,no_shop
Rosefinch Mercantile & Tea Room,rosefinch.co,"1615 Port Medway Rd, Port Medway, NS B0J 2T0",http://www.rosefinch.co/,halifax,,,rejected,no_store_page
Spill The Tea in Mahone Bay,teabrewery.com,"503 Main St, Mahone Bay, NS B0J 2E0",http://teabrewery.com/,halifax,,,rejected,no_store_page
Bee's Knees General Store & Bakery,beeskneesgeneral.ca,"498 Main St, Lawrencetown, NS B0S 1M0",http://www.beeskneesgeneral.ca/,halifax,,,rejected,no_store_page
Rose & Rooster Cafe,roseandrooster.com,"6502 NS-207, Head of Chezzetcook, NS B3E 1K7",http://roseandrooster.com/,halifax,,,rejected,no_coffee_keywords
Supreme Bean,supremebean.ca,"36 Esdaile Ave, Dartmouth, NS B2Y 3N6",https://www.supremebean.ca/,dartmouth,,,rejected,scrape_failed
Café Goodluck,cafegoodluck.ca,"145 Portland St, Dartmouth, NS B2Y 1H9",https://cafegoodluck.ca/,dartmouth,,,rejected,no_shop
Morley's Coffee / Taz Records / Friction Books,frictionbooks.com,"45 Portland St, Dartmouth, NS B2Y 1H1",http://www.frictionbooks.com/,dartmouth,,,rejected,no_store_page
Cafe Marco Polo,cafemarcopolodartmouth.com,"15 Kings Wharf Pl, Dartmouth, NS B2Y 0B4",https://cafemarcopolodartmouth.com/,dartmouth,,,rejected,no_store_page
Woodroast Coffee Shop,italianfoodheroes.com,"2 Smith St, Dartmouth TQ6 9QR, United Kingdom",http://www.italianfoodheroes.com/information.php?t=Woodroast&s=Our-Businesses&id=53,dartmouth,,,rejected,scrape_failed
Lëvantic Bakery and Café,levantic.square.site,"226 Broad St Unit 101, Bedford, NS B4B 1J6",https://levantic.square.site/,bedford,,,rejected,no_coffee_keywords
GERRISH & GRAY CAFE,gerrishandgray.ca,"134 Gerrish St, Windsor, NS B0N 2T0",https://www.gerrishandgray.ca/,bedford,,,rejected,no_shop
Izzy's Bagel Co.,izzysbagel.com,"1180 Bedford Hwy, Bedford, NS B4A 1N8",http://izzysbagel.com/,bedford,,,rejected,no_coffee_keywords
Axe to Grind Foods,axetogrindfoods.com,"OFFICE ONLY, 24 Andrea Lori Dr, Middle Sackville, NS B4E 3B6",http://www.axetogrindfoods.com/,bedford,,,rejected,no_store_page
HARVEST | Clean Eats (Bedford),orderharvest.ca,"936 Bedford Hwy, Bedford, NS B4A 3P1",http://orderharvest.ca/,bedford,,,rejected,no_store_page
Il Mercato,il-mercato.ca,"1595 Bedford Hwy, Bedford, NS B4A 3Y4",http://www.il-mercato.ca/,bedford,,,rejected,no_coffee_keywords
North Mountain Fine Coffees,northmountaincoffee.com,"210 Commercial St, Berwick, NS B0P 0B0",https://www.northmountaincoffee.com/,bedford,,,rejected,no_store_page
Xpresso Café,xpresso.ca,"1658 Bedford Hwy Unit 130, Bedford, NS B4A 2X9",https://xpresso.ca/,bedford,,,rejected,no_coffee_keywords
The Pink Piano Cafe & Lounge,thepinkpianocafe.com,"585 Sackville Dr Unit 1, Lower Sackville, NS B4C 2S4",https://www.thepinkpianocafe.com/,sackville,,,rejected,no_store_page
Futures Café,buildfutures.ca,"61 Glendale Ave, Lower Sackville, NS B4C 3J4",https://buildfutures.ca/futures-cafe,sackville,,,rejected,no_store_page
The Café - Powered by Youth Worx,halifax.ca,"409 Glendale Dr, Lower Sackville, NS B4C 2Y9",https://www.halifax.ca/about-halifax/employment/youth-worx-job-experience-program/youth-worx-cafe,sackville,,,rejected,no_shop
Kopi cafe,kopicafe.ca,"2069 Hammonds Plains Rd, Hammonds Plains, NS B4B 1P3",http://www.kopicafe.ca/,sackville,,,rejected,scrape_failed
MediTerra Kitchen,mediterrakitchen.ca,"111 Cobequid Rd Unit:7, Lower Sackville, NS B4C 2N1",http://www.mediterrakitchen.ca/,sackville,,,rejected,no_coffee_keywords
Halisi Café,halisicafe.com,"1710 Sackville Dr unit 102, Middle Sackville, NS B4E 3A9",http://halisicafe.com/,sackville,,,rejected,no_coffee_keywords
Casa di Stefano,casadistefano.ca,"111 Cobequid Rd, Lower Sackville, NS B4C 2N1",https://casadistefano.ca/,sackville,,,rejected,no_shop
Sankofa Cafe,sankofacafes.com,"1081 Cole Harbour Rd Unit 5, Dartmouth, NS B2V 1E8",https://sankofacafes.com/,cole harbour,,,rejected,no_shop
"Coffee, Tea & Sea",httpscoffeesteaandsea.wordpress.com,"18 Government Wharf Rd, Eastern Passage, NS B3G 1A3",http://httpscoffeesteaandsea.wordpress.com/,eastern passage,,,rejected,no_shop
Preserving Traditions,preservingtraditions.ca,"121 Cow Bay Rd, Eastern Passage, NS B3G 1T3",http://preservingtraditions.ca/,eastern passage,,,rejected,no_coffee_keywords
Pavia Gallery - Espresso Bar & Café,paviagallery.com,"995 Herring Cove Rd, Herring Cove, NS B3V 1H5",http://www.paviagallery.com/,eastern passage,,,rejected,no_shop
Main & Mersey Dining Room & Coffee Bar,mainandmerseyhomestore.ca,"267 Main St, Liverpool, NS B0T 1K0",https://www.mainandmerseyhomestore.ca/,eastern passage,,,rejected,no_store_page
Eastern Tea Bar & Friends (ETBF),easternteabar.com,"2093 Gottingen St, Halifax, NS B3K 3B2",http://www.easternteabar.com/shop,eastern passage,,,rejected,no_coffee_keywords
South Shore Coffee Company,southshorecoffeecompany.com,"4200 NS-308 #4B, Tusket, NS B0W 3M0",http://www.southshorecoffeecompany.com/,eastern passage,,,rejected,no_coffee_keywords
Sissiboo Coffee Roaster,sissiboocoffee.com,"1886 Clementsvale Rd, Bear River, NS B0S 1B0",http://sissiboocoffee.com/,fall river,,,rejected,no_store_page
Picadilly Coffee Roasters,picadillycoffee.ca,"33 Rosemont Ave, Sussex, NB E4E 2R6",https://www.picadillycoffee.ca/,waverley,,,rejected,wrong_region
The Hungry Traveler Cafe,thehungrytravelercafe.com,"15 King St, Lunenburg, NS B0J 2C0",https://www.thehungrytravelercafe.com/,waverley,,,rejected,no_shop
Lancaster County Coffee Roasters Ross Street Roastery & Coffee Bar,lancastercountycoffee.com,"747 E Ross St, Lancaster, PA 17602",http://www.lancastercountycoffee.com/,Lancaster,lancaster,PA,accepted,
Passenger Roastery & Coffee Bar,passengercoffee.com,"131 N Plum St, Lancaster, PA 17602",http://passengercoffee.com/,Lancaster,lancaster,PA,accepted,
Nostalgica Coffee,nostalgicacoffee.com,"308 W Grant St, Lancaster, PA 17603",https://nostalgicacoffee.com/,Lancaster,lancaster,PA,accepted,
Denim Coffee,denimcoffeecompany.com,"221 W King St, Lancaster, PA 17603",https://www.denimcoffeecompany.com/pages/denim-coffee-lancaster-pa,Lancaster,lancaster,PA,accepted,
Square One Coffee Roasters,squareonecoffee.com,"145 N Duke St, Lancaster, PA 17602",http://www.squareonecoffee.com/,Lancaster,lancaster,PA,accepted,
Gerhart Coffee Co,gerhartcoffee.com,"224 Wohlsen Way, Lancaster, PA 17603",http://www.gerhartcoffee.com/,Lancaster,lancaster,PA,accepted,
Wanderlust Coffees,wanderlustcoffees.com,"117 S West End Ave, Lancaster, PA 17603",http://wanderlustcoffees.com/,Lancaster,lancaster,PA,accepted,
Whiff Roasters,whiffroasters.com,"219 E Main St, Lititz, PA 17543",http://whiffroasters.com/,Lancaster,lancaster,PA,accepted,
Blind Bean Roasters,blindbeanroasters.com,"15 W Stiegel St, Manheim, PA 17545",https://www.blindbeanroasters.com/,Lancaster,lancaster,PA,accepted,
SonRise Coffee Company,sonrisecoffeecompany.com,"145 Field Crest Ln, Gordonville, PA 17529",http://sonrisecoffeecompany.com/,Lancaster,lancaster,PA,accepted,
Coffee Co - MillCreek,coffeecocafe.com,"2350 Lincoln Hwy E, Lancaster, PA 17602",https://www.coffeecocafe.com/,Lancaster,lancaster,PA,accepted,
The Roasted Rooster,kitchenkettle.com,"3529 Old Philadelphia Pike, Intercourse, PA 17534",http://www.kitchenkettle.com/members/theroastedrooster.asp,Lancaster,lancaster,PA,accepted,
Commons Company,commonscompany.com,"315 E Marion St, Lancaster, PA 17602",https://commonscompany.com/,Lancaster,lancaster,PA,accepted,
New Holland Coffee Co.,newhollandcoffee.com,"29 E King St Suite 003, Lancaster, PA 17602",https://www.newhollandcoffee.com/,Lancaster,lancaster,PA,accepted,
Prince Street Cafe,princestreetcafe.com,"15 N Prince St, Lancaster, PA 17603",http://www.princestreetcafe.com/,Lancaster,lancaster,PA,accepted,
"Stroopies, Inc. (Made at the Lancaster Sweet Shoppe)",stroopies.com,"141N N Duke St, Lancaster, PA 17602",http://www.stroopies.com/?utm_source=google-my-business&utm_medium=knowledge-panel&utm_campaign=website-link,Lancaster,lancaster,PA,accepted,
Firehouse Coffee,firehousecoffee.com,"15877 Kutztown Rd, Maxatawny, PA 19538",https://firehousecoffee.com/,Lancaster,lancaster,PA,accepted,
Cocalico Coffee Crafters,cocalicocoffeecrafters.com,"11 Long Ave, Ephrata, PA 17522",http://cocalicocoffeecrafters.com/,Lancaster,lancaster,PA,accepted,
Pullshot Coffee Roasters,pullshotcoffee.com,"34 W Philadelphia St, York, PA 17401",http://www.pullshotcoffee.com/,Lancaster,lancaster,PA,accepted,
Cleona Coffee Roasters,cleonacoffeeroasters.com,"700 W Main St Suite B, Annville, PA 17003",http://www.cleonacoffeeroasters.com/,Lancaster,lancaster,PA,accepted,
Madis Coffee Roasters,madiscoffee.com,"3527 Lancaster Ave, Philadelphia, PA 19104",http://madiscoffee.com/,Lancaster,lancaster,PA,accepted,
Hill Road Coffee Roasters,hillroadcoffeeroasters.com,"360 E Wyomissing Ave b, Mohnton, PA 19540",http://www.hillroadcoffeeroasters.com/,Lancaster,lancaster,PA,accepted,
Trolley Line Coffee,trolleylinecoffee.com,"44 W Brandt Blvd, Salunga, PA 17538",https://trolleylinecoffee.com/,Lancaster,lancaster,PA,accepted,
Lonely Monk Coffee Roasting,lonelymonkcoffeeroasting.com,"303 Herman Ave, Lemoyne, PA 17043",http://www.lonelymonkcoffeeroasting.com/,Lancaster,lancaster,PA,accepted,
Fat Puppy Coffee Roasters,fatpuppycoffee.com,"113 E Main Ave, Myerstown, PA 17067",http://www.fatpuppycoffee.com/,Lancaster,lancaster,PA,accepted,
Creekside Coffee Roasting Co.,creeksidecoffeeroasting.com,"2264 Baltimore Pike, Oxford, PA 19363",https://www.creeksidecoffeeroasting.com/,Lancaster,lancaster,PA,accepted,
Baristi Coffee Roasters,baristicoffeeroasters.com,"617 N 13th St, Allentown, PA 18102",http://www.baristicoffeeroasters.com/,Lancaster,lancaster,PA,accepted,
Greater Heights Coffee Roasters LLC,greaterheightscoffee.com,"55 Cherry Ln, Richfield, PA 17086",https://greaterheightscoffee.com/,Lancaster,york,PA,accepted,
The Hive Coffee House and Cafe,hivecoffeehouseandcafe.com,"3665 Bull Rd, York, PA 17408",http://hivecoffeehouseandcafe.com/,Lancaster,york,PA,accepted,
Bantam Coffee Roasters,bantamroasters.com,"82 Steinwehr Ave, Gettysburg, PA 17325",http://bantamroasters.com/,Lancaster,york,PA,accepted,
Joe StrEAT Cafe,joestreat.com,"1968 Carlisle Rd, West Manchester Township, PA 17408",http://www.joestreat.com/,Lancaster,york,PA,accepted,
North Edge Craft Coffee,northedgecoffee.com,"1222 Linden Ave, Erie, PA 16505",https://www.northedgecoffee.com/,Lancaster,york,PA,accepted,
Mill Creek Coffee Company,millcreekcoffeeco.com,"1222 Linden Ave, Erie, PA 16505",http://www.millcreekcoffeeco.com/,Lancaster,york,PA,accepted,
Fieldstone Coffee Roasters and Bistro,fieldstonecoffeeroasters.com,"4203 Durham Rd, Ottsville, PA 18942",https://fieldstonecoffeeroasters.com/,Lancaster,york,PA,accepted,
Elementary Coffee Co.,elementarycoffee.co,"256 North St, Harrisburg, PA 17101",http://elementarycoffee.co/,Lancaster,harrisburg,PA,accepted,
Little Amps Coffee,littleampscoffee.com,"133 State St, Harrisburg, PA 17101",http://littleampscoffee.com/,Lancaster,harrisburg,PA,accepted,
Independent Ground,independentground.com,"5926 Linglestown Rd, Harrisburg, PA 17112",https://www.independentground.com/,Lancaster,harrisburg,PA,accepted,
Good Ground Coffee Company,goodgroundcoffeecompany.org,"244 S 17th St, Camp Hill, PA 17011",http://www.goodgroundcoffeecompany.org/,Lancaster,harrisburg,PA,accepted,
The Table Harrisburg,thetablehbg.com,"3950 Tecport Dr, Harrisburg, PA 17111",http://www.thetablehbg.com/,Lancaster,harrisburg,PA,accepted,
one good woman,onegoodwoman.com,"1801 Market St, Camp Hill, PA 17011",http://www.onegoodwoman.com/,Lancaster,harrisburg,PA,accepted,
Shermans Valley Coffee Co.,shermansvalleycoffee.com,"751 Shermans Valley Rd, New Bloomfield, PA 17068",https://shermansvalleycoffee.com/,Lancaster,harrisburg,PA,accepted,
Appalachian Coffee Roasters,acroasters.com,"303 Beech St, Hollidaysburg, PA 16694",https://www.acroasters.com/,Lancaster,harrisburg,PA,accepted,
Appalachian Mountain Coffee,cirruslyfreshcoffee.com,"594 Grubbs Church Rd, Port Trevorton, PA 17864",http://cirruslyfreshcoffee.com/,Lancaster,harrisburg,PA,accepted,
Steel Cup Coffee Roasters,steelcupcoffee.com,"507 10th St, New Kensington, PA 15068",https://steelcupcoffee.com/,Lancaster,harrisburg,PA,accepted,
Tioga Rise Coffee,tiogarise.com,"103 S Center St, Fredericksburg, PA 17026",https://tiogarise.com/,Lancaster,harrisburg,PA,accepted,
IV Coffee Co.,ivcoffeeco.com,"100 N 3rd St, Sunbury, PA 17801",http://www.ivcoffeeco.com/,Lancaster,harrisburg,PA,accepted,
Twin Valley Coffee: Shady Maple Farm Market Location,twinvalleycoffee.com,"1324 Main St, East Earl, PA 17519",http://www.twinvalleycoffee.com/,Lancaster,harrisburg,PA,accepted,
Ox Coffee,oxcoffee.com,"616 S 3rd St, Philadelphia, PA 19147",http://oxcoffee.com/,Lancaster,harrisburg,PA,accepted,
Càphê Roasters,capheroasters.com,"3400 J St G1, Philadelphia, PA 19134",http://capheroasters.com/,Lancaster,harrisburg,PA,accepted,
Gnosis Coffee Roasters,gnosiscoffee.com,"654 Pheasant Ridge Rd, Lewisburg, PA 17837",https://gnosiscoffee.com/,Lancaster,harrisburg,PA,accepted,
Omega Coffee Bar,omegacoffeecollective.com,"251 Grant St, Chambersburg, PA 17201",https://omegacoffeecollective.com/,Lancaster,harrisburg,PA,accepted,
Greencastle Coffee Roasters,greencastlecoffee.com,"42 E Baltimore St, Greencastle, PA 17225",http://www.greencastlecoffee.com/,Lancaster,harrisburg,PA,accepted,
Bason Coffee,basoncoffee.com,"453 Mill St, Danville, PA 17821",http://www.basoncoffee.com/,Lancaster,harrisburg,PA,accepted,
Cafe Gourmino,cafegourmino.com,"306 Westtown Rd Suite I, West Chester, PA 19380",https://www.cafegourmino.com/,Lancaster,harrisburg,PA,accepted,
Toasted and Roasted,toastedandroasted.com,"92 E Broad St, Bethlehem, PA 18018",http://www.toastedandroasted.com/,Lancaster,reading,PA,accepted,
Sunny Sky Products,sunnyskyproducts.com,"48 Quarry Rd, Douglassville, PA 19518",http://www.sunnyskyproducts.com/,Lancaster,reading,PA,accepted,
East Indies Coffee & Tea Co,eastindies.com,"7 Keystone Dr, Lebanon, PA 17042",http://www.eastindies.com/,Lancaster,lebanon,PA,accepted,
Kitty Town Coffee,kittytowncoffee.com,"256 N Lincoln Ave, Lebanon, PA 17046",https://www.kittytowncoffee.com/pages/contact-us,Lancaster,lebanon,PA,accepted,
Ancestor Coffeehouse & Crêperie,ancestorcoffeehouse.com,"119 Springwood Dr Suite 500, Lebanon, PA 17042",http://ancestorcoffeehouse.com/,Lancaster,lebanon,PA,accepted,
Ebru Coffee Roastery,ebrucoffeeco.com,"2808 Egypt Rd, Audubon, PA 19403",http://www.ebrucoffeeco.com/?utm_source=google&utm_medium=organic&utm_campaign=gmb,Lancaster,lebanon,PA,accepted,
Redstart Roasters,redstartroasters.com,"224 N Euclid Ave Suite 200, Pittsburgh, PA 15206",https://redstartroasters.com/,Lancaster,lebanon,PA,accepted,
S. Clyde Weaver,sclydeweaver.com,"5253 Main St, East Petersburg, PA 17520",https://sclydeweaver.com/our-locations/retail-store-cafe/?utm_source=localfx&utm_medium=organic&utm_campaign=localfx&utm_content=east-petersburg,Lancaster,lebanon,PA,accepted,
Rock Falls Coffee Company,rockfallscoffee.com,"459 Franklin St, Slippery Rock, PA 16057",https://www.rockfallscoffee.com/,Lancaster,ephrata,PA,accepted,
De Fer Coffee & Tea,defer.coffee,"2002 Smallman St, Pittsburgh, PA 15222",https://www.defer.coffee/strip-district?utm_source=gbp_profile&utm_medium=organic&utm_campaign=gbp,Lancaster,ephrata,PA,accepted,
Homestead Coffee Roasters,homesteadcoffee.com,"1650 Bridgeton Hill Rd, Upper Black Eddy, PA 18972",http://www.homesteadcoffee.com/,Lancaster,ephrata,PA,accepted,
"The Coffee Scoop, LLC",freshcoffeescoop.com,"5841 Bradshaw Rd, Pipersville, PA 18947",https://www.freshcoffeescoop.com/,Lancaster,millersville,PA,accepted,
The Coffee Barn,the-coffee-barn.squarespace.com,"201 Skiles Rd, Parkesburg, PA 19365",https://the-coffee-barn.squarespace.com/,Lancaster,millersville,PA,accepted,
Top Java Coffee Roasters,topjavacoffee.com,"For Mail Only - In person at Phoenixville Farmers' Market only, 22 Mill Rd, Phoenixville, PA 19460",https://www.topjavacoffee.com/?utm_source=google&utm_medium=wix_google_business_profile&utm_campaign=12960957195375465028,Lancaster,millersville,PA,accepted,
O'Neill Coffee Co,oneillcoffee.com,"14 Fair St, West Middlesex, PA 16159",https://www.oneillcoffee.com/,Lancaster,millersville,PA,accepted,
Jura Hospitality Center,shopjura.com,"134 Shellyland Rd Building 6A, Manheim, PA 17545",http://www.shopjura.com/,Lancaster,millersville,PA,accepted,
Alabaster Coffee Roaster & Tea Co. - Roasterie + Lab,alabastercoffee.com,"157 E Church St, Williamsport, PA 17701",http://alabastercoffee.com/shop,Lancaster,columbia,PA,accepted,
Turks Head Cafe,turksheadcoffee.com,"111 N Church St, West Chester, PA 19380",https://turksheadcoffee.com/,Lancaster,columbia,PA,accepted,
Dark Side Coffee Roasters,darksidecoffeeroasters.com,"711 Forever Ln, Ligonier, PA 15658",http://darksidecoffeeroasters.com/,Lancaster,columbia,PA,accepted,
19 Coffee,19coffee.com,"5171 Brownsville Rd, Pittsburgh, PA 15236",http://19coffee.com/,Lancaster,columbia,PA,accepted,
The Head Nut,theheadnut.com,"2408 Haverford Rd, Ardmore, PA 19003",http://www.theheadnut.com/,Lancaster,columbia,PA,accepted,
Elixr Coffee Roasters,elixrcoffee.com,"207 S Sydenham St, Philadelphia, PA 19102",http://www.elixrcoffee.com/,Lancaster,columbia,PA,accepted,
Lenca Coffee Roasters,lencacoffeeroasters.com,"11973 Buchanan Trail E, Waynesboro, PA 17268",https://lencacoffeeroasters.com/,Lancaster,columbia,PA,accepted,
Little Goat Coffee Roasting Co.,littlegoatcoffeeroasting.com,"16 Haines St, Newark, DE 19711",http://www.littlegoatcoffeeroasting.com/,Lancaster,lancaster,PA,rejected,wrong_region
Lancaster Coffee Co. & Cafe,lancastercoffeeco.getrestaurantops.com,"24 Central Ave, Lancaster, NY 14086",https://lancastercoffeeco.getrestaurantops.com/,Lancaster,lancaster,PA,rejected,wrong_region
Little Goat Coffee Roasting Co.,littlegoatcoffeeroasting.com,"16 Haines St, Newark, DE 19711",http://www.littlegoatcoffeeroasting.com/,Lancaster,lancaster,PA,rejected,wrong_region
Lancaster Coffee Co. & Cafe,lancastercoffeeco.getrestaurantops.com,"24 Central Ave, Lancaster, NY 14086",https://lancastercoffeeco.getrestaurantops.com/,Lancaster,lancaster,PA,rejected,wrong_region
Hopeful Brews,hopefulbrews.com,"2467 Old Philadelphia Pike, Lancaster, PA 17602",https://hopefulbrews.com/,Lancaster,lancaster,PA,rejected,no_store_page
Mean Cup,meancup.com,"398 Harrisburg Ave, Lancaster, PA 17603",http://www.meancup.com/,Lancaster,lancaster,PA,rejected,no_shop
Daily Brew Coffee Trailer,dailybrewcoffeetrailer.square.site,"2584 Horseshoe Rd, Lancaster, PA 17601",https://dailybrewcoffeetrailer.square.site/,Lancaster,lancaster,PA,rejected,no_store_page
Last Call Coffee,lastcall.coffee.com,"53 McGovern Ave, Lancaster, PA 17602",http://www.lastcall.coffee.com/,Lancaster,lancaster,PA,rejected,scrape_failed
Lancaster Beignet Company,lancasterbeignetco.com,"230 N Prince St, Lancaster, PA 17603",http://www.lancasterbeignetco.com/,Lancaster,lancaster,PA,rejected,no_store_page
Endo Cafe Lancaster,endotuneup.com,"237 N Prince St, Lancaster, PA 17603",https://endotuneup.com/,Lancaster,lancaster,PA,rejected,no_coffee_keywords
Restless Coffee Co,restlesscoffeeco.com,"2495 Lincoln Hwy E, Lancaster, PA 17602",https://restlesscoffeeco.com/,Lancaster,lancaster,PA,rejected,no_store_page
Joe on the Go Coffee Co at Lampeter Cafe,joeonthegocoffeeco.com,"1702 Lampeter Rd, Lancaster, PA 17602",https://www.joeonthegocoffeeco.com/,Lancaster,lancaster,PA,rejected,no_store_page
Wittness Coffeehouse,wittnesscoffeehouse.com,"1 E Main St Suite 1, Strasburg, PA 17579",http://www.wittnesscoffeehouse.com/,Lancaster,lancaster,PA,rejected,no_shop
Edd's & Flo's Artisan Bakery Cafe,eddsandflos.com,"47 N Queen St, Lancaster, PA 17603",http://www.eddsandflos.com/,Lancaster,lancaster,PA,rejected,no_store_page
Noel's Cafe,noelscafe.com,"1669 Old Philadelphia Pike, Lancaster, PA 17602",https://www.noelscafe.com/,Lancaster,lancaster,PA,rejected,no_shop
Chevere Cafe,cheverecafe.com,"910 S Duke St Suite 105, Lancaster, PA 17602",https://www.cheverecafe.com/,Lancaster,lancaster,PA,rejected,no_shop
Linden Coffee,drinklindencoffee.com,"2916 Old Philadelphia Pike, Ronks, PA 17572",https://www.drinklindencoffee.com/,Lancaster,lancaster,PA,rejected,no_store_page
Butter and Bean Cafe-Tanger Outlets,butterandbeanpa.com,"307 Stanley K Tanger Dr Suite 307, Lancaster, PA 17602",http://www.butterandbeanpa.com/,Lancaster,lancaster,PA,rejected,no_shop
Pa Dutch Coffee Co.,padutchcoffee.com,"N Hollander Rd, Gordonville, PA 17529",https://www.padutchcoffee.com/,Lancaster,lancaster,PA,rejected,no_store_page
Lancaster Pie & Coffee,lancasterpieandcoffee.com,"136 N Prince St, Lancaster, PA 17603",https://www.lancasterpieandcoffee.com/,Lancaster,lancaster,PA,rejected,no_store_page
Wired Cup Cafe,wiredcupcafe.com,"216 N Duke St, Lancaster, PA 17602",https://wiredcupcafe.com/,Lancaster,lancaster,PA,rejected,no_store_page
Copper Cup Lancaster,coppercup.co,"922 Columbia Ave, Lancaster, PA 17603",http://coppercup.co/,Lancaster,lancaster,PA,rejected,no_store_page
Front Porch Baking Co.,frontporchbakingco.com,"170 E King St, Lancaster, PA 17602",http://www.frontporchbakingco.com/,Lancaster,lancaster,PA,rejected,no_coffee_keywords
Chestnut Hill Cafe,chestnuthilllancaster.com,"532 W Chestnut St, Lancaster, PA 17603",http://www.chestnuthilllancaster.com/,Lancaster,lancaster,PA,rejected,no_shop
Cafe One Eight,cafe1eight.com,"18 W Orange St, Lancaster, PA 17603",http://www.cafe1eight.com/,Lancaster,lancaster,PA,rejected,no_store_page
Parlor Doughnuts,parlordoughnuts.com,"2350 Lincoln Hwy E, Lancaster, PA 17602",https://www.parlordoughnuts.com/,Lancaster,lancaster,PA,rejected,no_store_page
Javateas Gourmet Coffee Cafe,javateas.com,"1 Dutchland Ave, Ephrata, PA 17522",http://www.javateas.com/,Lancaster,lancaster,PA,rejected,no_store_page
Four Monkeys Coffee Shop and Roastery,fourmonkeyscoffee.com,"100 Constitution Blvd, Kutztown, PA 19530",http://www.fourmonkeyscoffee.com/,Lancaster,lancaster,PA,rejected,no_store_page
Speckled Hen,speckledhencoffee.com,"141 E Main St, Strasburg, PA 17579",http://www.speckledhencoffee.com/,Lancaster,lancaster,PA,rejected,no_store_page
Ric's Bread,ricsbread.com,"24 N Queen St, Lancaster, PA 17603",https://ricsbread.com/,Lancaster,lancaster,PA,rejected,no_store_page
La Dolce Vita Courthouse Bakery,ladolcevitalancaster.com,"9 N Duke St, Lancaster, PA 17602",http://www.ladolcevitalancaster.com/,Lancaster,lancaster,PA,rejected,no_shop
Cafe Arabella,cafearabella.com,"40 E Main St #1947, Lititz, PA 17543",http://www.cafearabella.com/,Lancaster,lancaster,PA,rejected,no_store_page
DELICIAS GOURMET,deliciasgourmetpa.com,"243 Green St, Lancaster, PA 17602",https://deliciasgourmetpa.com/,Lancaster,lancaster,PA,rejected,no_coffee_keywords
Aura Little Cafe - Espresso & Boba Tea,auralittlecafe.com,"44 N Queen St, Lancaster, PA 17603",https://www.auralittlecafe.com/,Lancaster,lancaster,PA,rejected,no_store_page
Mayhem's Bookstore & Board Game Café,mayhemscafe.com,"102 W King St, Lancaster, PA 17603",https://mayhemscafe.com/,Lancaster,lancaster,PA,rejected,no_store_page
Latte Luv,strasburgmarketplace.com,"214 Hartman Bridge Rd, Ronks, PA 17572",https://www.strasburgmarketplace.com/latte-luv.php,Lancaster,lancaster,PA,rejected,no_store_page
The Coffee Host,facebook.com,"10 E Penn Grant Rd, Willow Street, PA 17584",https://www.facebook.com/profile.php?id=61566560416275,Lancaster,lancaster,PA,rejected,no_shop
Main Street Café,worshipcenter.org,"2384 New Holland Pike, Lancaster, PA 17601",http://worshipcenter.org/cafe,Lancaster,lancaster,PA,rejected,no_shop
Hitch Coffee Truck -Drive through only,hitch-coffee.com,"346 Hershey Rd, Elizabethtown, PA 17022",http://www.hitch-coffee.com/,Lancaster,lancaster,PA,rejected,no_store_page
Indulge Lititz (within Artisan Mill),indulgelititz.com,"813 Rothsville Rd, Lititz, PA 17543",http://www.indulgelititz.com/,Lancaster,lancaster,PA,rejected,no_store_page
The Roaming Roast,roamingroastcafe.com,"116 E King St, York, PA 17401",https://roamingroastcafe.com/,Lancaster,lancaster,PA,rejected,scrape_failed
Folklore Coffee & Co.,folklorecoffee.com,"1 N Market St, Elizabethtown, PA 17022",http://www.folklorecoffee.com/,Lancaster,lancaster,PA,rejected,no_shop
Grounding,groundingcoffee.com,"252 N Franklin St Ste C, Red Lion, PA 17356",https://www.groundingcoffee.com/,Lancaster,lancaster,PA,rejected,no_store_page
Lancaster Central Market,centralmarketlancaster.com,"23 N Market St, Lancaster, PA 17603",http://www.centralmarketlancaster.com/,Lancaster,lancaster,PA,rejected,no_coffee_keywords
Morgantown Coffee House,mcoffeehouse.com,"4997 N Twin Valley Rd, Elverson, PA 19520",http://mcoffeehouse.com/,Lancaster,lancaster,PA,rejected,no_store_page
Lancaster Sweet Shoppe,lancastersweetshoppe.com,"141 N Duke St, Lancaster, PA 17602",http://lancastersweetshoppe.com/,Lancaster,lancaster,PA,rejected,no_coffee_keywords
York Coffee Roastery,yorkcoffeeroastery.com,"132 Blackburn St, York, SC 29745",http://www.yorkcoffeeroastery.com/,Lancaster,york,PA,rejected,wrong_region
Royal New York,royalny.com,"661 Hadley Rd, South Plainfield, NJ 07080",http://www.royalny.com/,Lancaster,york,PA,rejected,wrong_region
OneDo Coffee Roasters,onedocoffee.com,"913 S Lakewood Ave, Baltimore, MD 21224",http://www.onedocoffee.com/,Lancaster,york,PA,rejected,wrong_region
York Coffee Roastery,yorkcoffeeroastery.com,"132 Blackburn St, York, SC 29745",http://www.yorkcoffeeroastery.com/,Lancaster,york,PA,rejected,wrong_region
Belmont Bean Co,belmontbean.com,"18 S Belmont St, York, PA 17403",http://www.belmontbean.com/,Lancaster,york,PA,rejected,no_store_page
Britton Coffee Co - York,thebrittoncoffee.com,"1125 Edgar St, York, PA 17403",https://www.thebrittoncoffee.com/,Lancaster,york,PA,rejected,no_store_page
Gather 256,gather256.com,"256 W Philadelphia St, York, PA 17401",http://gather256.com/,Lancaster,york,PA,rejected,no_store_page
The Copper Crust Co.,thecoppercrustcompany.com,"966 S George St, York, PA 17403",https://thecoppercrustcompany.com/,Lancaster,york,PA,rejected,no_coffee_keywords
Colonial Coffee Shop,colonialcoffeeshop.com,"938 S George St, York, PA 17403",https://colonialcoffeeshop.com/,Lancaster,york,PA,rejected,no_store_page
Common Grounds,gotobethlehem.org,"109 E Main St, Dallastown, PA 17313",http://www.gotobethlehem.org/cafe,Lancaster,york,PA,rejected,no_coffee_keywords
Janina's Fine Desserts,janinasfinedesserts.com,"176 Leader Heights Rd, York, PA 17402",http://www.janinasfinedesserts.com/,Lancaster,york,PA,rejected,no_shop
Perrydell Farm and Dairy,perrydellfarm.com,"90 Indian Rock Dam Rd, York, PA 17403",http://www.perrydellfarm.com/,Lancaster,york,PA,rejected,no_coffee_keywords
Leg Up Farmers Market,legupfarmersmarket.com,"3100 N George St, York, PA 17406",http://legupfarmersmarket.com/,Lancaster,york,PA,rejected,no_coffee_keywords
Safe & Sweet,safensweetyork.com,"2131 S Queen St, York, PA 17403",http://www.safensweetyork.com/,Lancaster,york,PA,rejected,no_coffee_keywords
Splitshift,splitshiftyork.com,"33-35 W Market St, York, PA 17401",https://splitshiftyork.com/,Lancaster,york,PA,rejected,no_coffee_keywords
Whitecomb's Farm Market,whitecombsfarmmarket.com,"2410 Roosevelt Ave, York, PA 17408",https://www.whitecombsfarmmarket.com/,Lancaster,york,PA,rejected,no_store_page
Stauffer's Cookie Outlet,meijiamerica.com,"375 S Belmont St, York, PA 17403",https://meijiamerica.com/,Lancaster,york,PA,rejected,no_coffee_keywords
Festive Board,festiveboardonline.com,"2031 Springwood Rd, York, PA 17403",http://www.festiveboardonline.com/?utm_source=google&utm_medium=wix_google_business_profile&utm_campaign=2891765004905151246,Lancaster,york,PA,rejected,no_coffee_keywords
Maple Donuts,mapledonuts.com,"204 St Charles Way # A, York, PA 17402",https://www.mapledonuts.com/,Lancaster,york,PA,rejected,no_coffee_keywords
The Stage Deli on George,deliborodin.wixsite.com,"26 N George St, York, PA 17401",https://deliborodin.wixsite.com/stage-deli-on-george,Lancaster,york,PA,rejected,no_shop
Exotic Snaxx,exoticsnaxx.com,"1216 Greensprings Dr, York, PA 17402",http://www.exoticsnaxx.com/,Lancaster,york,PA,rejected,no_coffee_keywords
Kung Fu Tea,kungfutea.com,"2035 Springwood Rd, York, PA 17403",https://www.kungfutea.com/,Lancaster,york,PA,rejected,no_store_page
Tucker&Co. Bakery,tuckercobakery.com,"148 S Baltimore St, Dillsburg, PA 17019",http://www.tuckercobakery.com/,Lancaster,york,PA,rejected,no_store_page
New Eastern Market,neweasternmarket.com,"201 Memory Ln, York, PA 17402",https://neweasternmarket.com/,Lancaster,york,PA,rejected,no_coffee_keywords
Sips Cafe - Downtown York,sips-cafe.com,"9 W Philadelphia St, York, PA 17401",http://www.sips-cafe.com/,Lancaster,york,PA,rejected,no_store_page
Take Five Expresso Bar,centralmarketyork.com,"34 W Philadelphia St, York, PA 17401",https://www.centralmarketyork.com/vendorblog/2015/12/29/take-five-expresso-bar,Lancaster,york,PA,rejected,no_store_page
Common Ground / 3rd Space,commongroundcn.org,"2 S Front St, York Haven, PA 17370",https://commongroundcn.org/3rd-space-1,Lancaster,york,PA,rejected,no_shop
Black Acres Roastery - Lexington Market,blackacrescoffee.com,"112 N Eutaw St Lexington, Market - Stall, #42, Baltimore, MD 21201",https://www.blackacrescoffee.com/,Lancaster,harrisburg,PA,rejected,wrong_region
Eagle Coffee Co Inc,eaglecoffee.com,"1019 Hillen St, Baltimore, MD 21202",https://eaglecoffee.com/,Lancaster,harrisburg,PA,rejected,wrong_region
Dublin Roasters Coffee,dublinroasterscoffee.com,"1780 N Market St, Frederick, MD 21701",https://dublinroasterscoffee.com/,Lancaster,harrisburg,PA,rejected,wrong_region
Vent Coffee Roasters,ventcoffee.com,"Union Collective, 1700 W 41st St #480, Baltimore, MD 21211",http://ventcoffee.com/,Lancaster,harrisburg,PA,rejected,wrong_region
Consciousness Coffee,consciousness.coffee,"1 Lemoyne Square Suite 108, Lemoyne, PA 17043",https://consciousness.coffee/,Lancaster,harrisburg,PA,rejected,no_shop
Yellow Bird Café,yellowbird.arqbox.com,"1320 N 3rd St, Harrisburg, PA 17102",http://yellowbird.arqbox.com/,Lancaster,harrisburg,PA,rejected,no_shop
Cornerstone Coffeehouse,thecornerstonecoffeehouse.com,"2133 Market St, Camp Hill, PA 17011",http://www.thecornerstonecoffeehouse.com/,Lancaster,harrisburg,PA,rejected,no_store_page
Cafe Fresco Linglestown,cafefrescolinglestown.com,"2017 Eg Dr, Harrisburg, PA 17110",https://www.cafefrescolinglestown.com/,Lancaster,harrisburg,PA,rejected,no_store_page
Brew Crumberland's Best,bcbcoffee.com,"1903 Bridge St, New Cumberland, PA 17070",http://www.bcbcoffee.com/,Lancaster,harrisburg,PA,rejected,no_store_page
Bagel Lovers Café,bagelloverscafe.com,"2237 Paxton Church Rd, Harrisburg, PA 17110",http://www.bagelloverscafe.com/,Lancaster,harrisburg,PA,rejected,no_store_page
Broad Street Market,broadstreetmarket.org,"Broad Street Market, 1233 N 3rd St, Harrisburg, PA 17102",https://broadstreetmarket.org/,Lancaster,harrisburg,PA,rejected,no_shop
Cafe Fresco Center City,cafefresco.com,"215 N 2nd St, Harrisburg, PA 17101",http://www.cafefresco.com/,Lancaster,harrisburg,PA,rejected,no_store_page
Speakeasy Coffee Company,speakeasycoffeecompany.com,"875 Main St, Pennsburg, PA 18073",http://www.speakeasycoffeecompany.com/,Lancaster,harrisburg,PA,rejected,no_store_page
Idea Coffee,idea-coffeehouse.com,"Market House Ln, Mechanicsburg, PA 17055",http://idea-coffeehouse.com/,Lancaster,harrisburg,PA,rejected,no_store_page
The Millworks,millworksharrisburg.com,"340 Verbeke St, Harrisburg, PA 17102",http://www.millworksharrisburg.com/,Lancaster,harrisburg,PA,rejected,no_store_page
Profile Coffee Company,profilecoffeeandroasters.com,"185 S Market St, Elysburg, PA 17824",https://www.profilecoffeeandroasters.com/?srsltid=AfmBOooRDGy08YhBWoB8JcWkGwmXFfjA2kSJj8eTQwK-vuMRFC4vuMc4,Lancaster,harrisburg,PA,rejected,no_store_page
The Sturges Speakeasy,sturgesspeakeasy.com,"400 Forster St, Harrisburg, PA 17102",http://sturgesspeakeasy.com/,Lancaster,harrisburg,PA,rejected,no_coffee_keywords
Appalachian Brewing Company,abcbrew.com,"50 N Cameron St, Harrisburg, PA 17101",http://www.abcbrew.com/,Lancaster,harrisburg,PA,rejected,no_store_page
Rice & Beans Bar and Restaurant,riceandbeansbarrestaurant.com,"319 S 17th St, Harrisburg, PA 17104",https://riceandbeansbarrestaurant.com/,Lancaster,harrisburg,PA,rejected,no_store_page
Downtown Deli And Catering,downtowndeli.catering,"225 Market St #1, Harrisburg, PA 17101",http://downtowndeli.catering/,Lancaster,harrisburg,PA,rejected,no_store_page
Bella Sicilia,bellasiciliapa.com,"79 Erford Rd, Camp Hill, PA 17011",https://bellasiciliapa.com/,Lancaster,harrisburg,PA,rejected,no_coffee_keywords
Front Street Diner,frontstreetdiner.com,"4003 N Front St, Harrisburg, PA 17110",http://frontstreetdiner.com/,Lancaster,harrisburg,PA,rejected,no_coffee_keywords
Market,3700market.com,"3700 Market St, Camp Hill, PA 17011",http://www.3700market.com/,Lancaster,harrisburg,PA,rejected,no_store_page
Lancaster Brewing Company - Harrisburg,lancasterbrewing.com,"469 Eisenhower Blvd, Harrisburg, PA 17111",https://www.lancasterbrewing.com/,Lancaster,harrisburg,PA,rejected,no_store_page
Ad Lib Craft Kitchen & Bar,adlibrestaurants.com,"1 N 2nd St, Harrisburg, PA 17101",http://adlibrestaurants.com/,Lancaster,harrisburg,PA,rejected,no_shop
Harvest Seasonal Grill - Harrisburg,harvestseasonal.com,"2625 Brindle Dr, Harrisburg, PA 17110",https://harvestseasonal.com/,Lancaster,harrisburg,PA,rejected,no_coffee_keywords
Capital City Music Hall,capcitymusichall.com,"234 N 2nd St, Harrisburg, PA 17101",https://www.capcitymusichall.com/,Lancaster,harrisburg,PA,rejected,no_coffee_keywords
Stock's on 2nd,stocksonsecond.com,"211 N 2nd St, Harrisburg, PA 17101",http://www.stocksonsecond.com/menu/,Lancaster,harrisburg,PA,rejected,no_shop
Bass Pro Shops,stores.basspro.com,"3501 Paxton St, Harrisburg, PA 17111",https://stores.basspro.com/us/pa/harrisburg/3501-paxton-st.html?y_source=1_MzAxMTUwMy03MTUtbG9jYXRpb24ud2Vic2l0ZQ%3D%3D,Lancaster,harrisburg,PA,rejected,no_coffee_keywords
Tito’s Diner,titosdinermenu.com,"9 N Progress Ave, Harrisburg, PA 17109",https://www.titosdinermenu.com/,Lancaster,harrisburg,PA,rejected,no_store_page
Peachtree Restaurant and Lounge,peachtree251.biz,"251 N Progress Ave, Harrisburg, PA 17109",http://www.peachtree251.biz/,Lancaster,harrisburg,PA,rejected,no_coffee_keywords
Splits and Giggles Cafe,splitsandgiggles.com,"500 W Lemon St, Lancaster, PA 17603",http://www.splitsandgiggles.com/,Lancaster,harrisburg,PA,rejected,no_coffee_keywords
Freshido,freshido.com,"300 Market St #157-159, Harrisburg, PA 17101",https://www.freshido.com/,Lancaster,harrisburg,PA,rejected,no_coffee_keywords
Price Rite Marketplace of Harrisburg,priceritemarketplace.com,"3812 Union Deposit Rd, Harrisburg, PA 17109",https://www.priceritemarketplace.com/,Lancaster,harrisburg,PA,rejected,no_coffee_keywords
Mellow Minded Café,mellowmindedcafe.com,"5943 Linglestown Rd, Harrisburg, PA 17112",http://mellowmindedcafe.com/,Lancaster,harrisburg,PA,rejected,no_shop
EVO 206 Coffee Co.,hubonmarket.com,"206 S Market St Ste 105, Elizabethtown, PA 17022",https://www.hubonmarket.com/evo-206,Lancaster,harrisburg,PA,rejected,no_shop
The Cracked Pot Coffee Shop,thecrackedpotcoffeeshop.com,"130 Gettysburg Pike A, Mechanicsburg, PA 17055",http://thecrackedpotcoffeeshop.com/?utm_source=google&utm_medium=wix_google_business_profile&utm_campaign=16060532182778554958,Lancaster,harrisburg,PA,rejected,no_store_page
"Reading Coffee Company HQ, Birdsboro",readingcoffee.com,"316 W Main St, Birdsboro, PA 19508",https://www.readingcoffee.com/,Lancaster,harrisburg,PA,rejected,no_store_page
Culture Coffee,cfw009.wixsite.com,"216 St John St, Lewisburg, PA 17837",https://cfw009.wixsite.com/culturecoffee,Lancaster,harrisburg,PA,rejected,no_shop
Trackside Coffee,trackside-coffee-bar.square.site,"75 S Vine St Suite 3, Hazleton, PA 18201",http://www.trackside-coffee-bar.square.site/,Lancaster,harrisburg,PA,rejected,scrape_failed
Fog & Flame Craft Coffee,cafe-martha.com,"34 E Main St, Bloomsburg, PA 17815",http://cafe-martha.com/,Lancaster,harrisburg,PA,rejected,no_shop
Grateful Roast Cafe and Coffee Roaster,gratefulroast.com,"75 N Market St, Nanticoke, PA 18634",https://www.gratefulroast.com/,Lancaster,harrisburg,PA,rejected,no_store_page
Groovy Bean Café,trellis-marketplace.com,"153 E High St, Elizabethtown, PA 17022",http://trellis-marketplace.com/,Lancaster,harrisburg,PA,rejected,no_store_page
Quinn’s Coffee Bar LLC,quinnscoffeebar.com,"344 N Front St, Wormleysburg, PA 17043",http://quinnscoffeebar.com/,Lancaster,harrisburg,PA,rejected,no_shop
Biscotti's,liveon.psu.edu,"777 W Harrisburg Pike, Middletown, PA 17057",https://liveon.psu.edu/harrisburg/dining/biscottis,Lancaster,harrisburg,PA,rejected,no_shop
The Pulse Cafe,thepulsecafe.net,"35 N 6th St, Reading, PA 19601",http://thepulsecafe.net/,Lancaster,reading,PA,rejected,no_store_page
Rooted & Grounded Cafe,rootedgroundedcafe.com,"1400 Lancaster Ave, Reading, PA 19607",https://www.rootedgroundedcafe.com/,Lancaster,reading,PA,rejected,no_shop
Crave Cafe,cravecafe.net,"4600 W Penn Ave, Reading, PA 19608",http://www.cravecafe.net/location/,Lancaster,reading,PA,rejected,no_shop
Simply Bold Cafe | Boutique | Bookstore,simplyboldcafe.com,"550 Penn Ave, West Reading, PA 19611",http://simplyboldcafe.com/,Lancaster,reading,PA,rejected,no_store_page
The Farmhouse Kitchen,thefarmhouse-kitchen.com,"426 Penn Ave, West Reading, PA 19611",https://www.thefarmhouse-kitchen.com/,Lancaster,reading,PA,rejected,no_store_page
Gourmand Cafe and Catering,gourmandpa.com,"945 Berkshire Blvd, Wyomissing, PA 19610",http://gourmandpa.com/,Lancaster,reading,PA,rejected,no_store_page
Fairgrounds Farmer's Market,fairgroundsfarmersmarket.com,"2934 N 5th Street Hwy, Reading, PA 19605",http://www.fairgroundsfarmersmarket.com/,Lancaster,reading,PA,rejected,no_coffee_keywords
Café de Colombia Restaurant and Bakery,cafedecolombiarestaurant.com,"645 Penn St Suite 106, Reading, PA 19601",http://cafedecolombiarestaurant.com/,Lancaster,reading,PA,rejected,no_store_page
The Restaurant Store - Reading,therestaurantstore.com,"845 Woodland Rd, Wyomissing, PA 19610",https://www.therestaurantstore.com/stores/Reading,Lancaster,reading,PA,rejected,no_coffee_keywords
"Schaylor Brewing Company - Reading, PA",schaylorbrewingcompany.com,"2390 Lancaster Pike #2373, Reading, PA 19607",https://www.schaylorbrewingcompany.com/,Lancaster,reading,PA,rejected,no_store_page
HOCAA BUBBLE TEA(Berkshire Mall),hocaabubbletea.com,"1665 State Hill Rd, Wyomissing, PA 19610",http://hocaabubbletea.com/,Lancaster,reading,PA,rejected,no_store_page
Courtyard Cafe on Main,courtyardcafeonmain.com,"349 Main St, Denver, PA 17517",https://www.courtyardcafeonmain.com/,Lancaster,reading,PA,rejected,no_shop
Pike Cafe,pikecafe.com,"930 Pike St #1944, Reading, PA 19604",http://pikecafe.com/,Lancaster,reading,PA,rejected,no_store_page
Saucony Creek Franklin Station Brewpub,sauconybeer.com,"100 S 7th St, Reading, PA 19602",http://www.sauconybeer.com/,Lancaster,reading,PA,rejected,no_shop
Winnie Tea Bar,thewinnieteabar.com,"1st Floor, 402 Penn Ave, West Reading, PA 19611",https://www.thewinnieteabar.com/,Lancaster,reading,PA,rejected,no_store_page
Taste of Crepes,tasteofcrepes.com,"617 Penn Ave, West Reading, PA 19611",http://tasteofcrepes.com/,Lancaster,reading,PA,rejected,no_shop
FRESH Breakfast | Lunch,freshbreakfastlunch.com,"614 Penn Ave, West Reading, PA 19611",https://freshbreakfastlunch.com/,Lancaster,reading,PA,rejected,no_coffee_keywords
Dundore & Heister,dundoreandheister.com,"1331 Penn Ave, Wyomissing, PA 19610",https://dundoreandheister.com/,Lancaster,reading,PA,rejected,no_coffee_keywords
The Barley Mow,barleymowbeer.com,"719 Penn Ave, West Reading, PA 19611",http://www.barleymowbeer.com/,Lancaster,reading,PA,rejected,no_shop
B2 Bistro + Bar,b2bistro.com,"701 Reading Ave, West Reading, PA 19611",https://www.b2bistro.com/west-reading.html,Lancaster,reading,PA,rejected,no_store_page
Willoughby's on Park,willoughbysonpark.com,"305 N Park Rd, Wyomissing, PA 19610",http://www.willoughbysonpark.com/,Lancaster,reading,PA,rejected,no_coffee_keywords
Wyomissing Restaurant and Bakery,wyomissingrestaurantandbakery.com,"1245 Penn Ave, Wyomissing, PA 19610",http://wyomissingrestaurantandbakery.com/,Lancaster,reading,PA,rejected,no_coffee_keywords
Brewer's Bar & Grill,brewersbarandgrill.com,"101 S 3rd Ave, West Reading, PA 19611",http://www.brewersbarandgrill.com/,Lancaster,reading,PA,rejected,no_store_page
Klingers at the Airport,klingerspubs.com,"2385 Bernville Rd, Reading, PA 19605",http://www.klingerspubs.com/klingers-at-the-airport,Lancaster,reading,PA,rejected,no_coffee_keywords
Andy Pepper's,andypeppers.com,"820 Limekiln Rd, Limekiln, PA 19535",http://www.andypeppers.com/,Lancaster,reading,PA,rejected,no_coffee_keywords
Shirley's Cafe & Tequila Bar,shirleystequilabar.com,"1615 Duke St, Laureldale, PA 19605",http://www.shirleystequilabar.com/#!contact-us/c2q4,Lancaster,reading,PA,rejected,no_store_page
Isaac's Craft Kitchen & Brewery - Wyomissing,isaacsrestaurants.com,"94 Commerce Dr, Wyomissing, PA 19610",https://www.isaacsrestaurants.com/,Lancaster,reading,PA,rejected,no_store_page
Liberty Ale House,thelibertytaproom.com,"1501 Lancaster Ave, Reading, PA 19607",https://www.thelibertytaproom.com/,Lancaster,reading,PA,rejected,no_coffee_keywords
Calvary Roasters,calvaryroasters.com,"910 Park St, Lebanon, OR 97355",https://www.calvaryroasters.com/,Lancaster,lebanon,PA,rejected,wrong_region
Split Bean Roasting Co.,splitbeanroasting.com,"1050 Hamilton Station Blvd Suite 103, Lebanon, TN 37087",https://www.splitbeanroasting.com/,Lancaster,lebanon,PA,rejected,wrong_region
Lebanon Coffee House,lebanoncoffeehouse.com,"110A E Main St, Lebanon, TN 37087",http://lebanoncoffeehouse.com/,Lancaster,lebanon,PA,rejected,wrong_region
City Watch Coffee Lebanon,citywatchcoffee.com,"1501 E Cumberland St Suite 5, Lebanon, PA 17042",http://www.citywatchcoffee.com/,Lancaster,lebanon,PA,rejected,no_store_page
The Clay House Cafe,theclayhousecafe.com,"720 Quentin Rd #3, Lebanon, PA 17042",http://www.theclayhousecafe.com/,Lancaster,lebanon,PA,rejected,no_store_page
La Coffeeteria,instagram.com,"45 S 8th St, Lebanon, PA 17042",https://www.instagram.com/la_coffeeteria_pa?igsh=MW9va3duaXJ3MGVpbQ==&utm_source=qr,Lancaster,lebanon,PA,rejected,no_shop
Iron Star Roasting Company,store.ironstarroasting.com,"1200 Lebanon Rd, West Mifflin, PA 15122",https://store.ironstarroasting.com/,Lancaster,lebanon,PA,rejected,no_shop
Timeless Café,thetimelesscafe.com,"18 S 8th St, Lebanon, PA 17042",http://www.thetimelesscafe.com/,Lancaster,lebanon,PA,rejected,no_store_page
Whirling Dervish Bakery & Coffee Shop,whirlingdervishbakery.com,"50 W Main St Side Door, Annville, PA 17003",http://www.whirlingdervishbakery.com/,Lancaster,lebanon,PA,rejected,no_store_page
Patches Family Creamery,patchesfamilycreamery.com,"201 Fonderwhite Rd, Lebanon, PA 17042",http://www.patchesfamilycreamery.com/,Lancaster,lebanon,PA,rejected,no_coffee_keywords
Dave's Country Store,m.facebook.com,"241 Freeport Rd, Lebanon, PA 17046",https://m.facebook.com/davescountrystore,Lancaster,lebanon,PA,rejected,no_coffee_keywords
Newtown Specialty Coffee Roasters,newtowncoffee.com,Mina، Lebanon,http://www.newtowncoffee.com/,Lancaster,lebanon,PA,rejected,no_shop
Zig's Bakery & Cafe,zigsbakery.com,"800 E Newport Rd, Lititz, PA 17543",http://zigsbakery.com/,Lancaster,lebanon,PA,rejected,no_shop
Slate Cafe,slatelititz.com,"43 E Main St, Lititz, PA 17543",http://slatelititz.com/,Lancaster,lebanon,PA,rejected,no_shop
Cafe 58,cafe58.net,"58 W Main Ave, Myerstown, PA 17067",http://www.cafe58.net/,Lancaster,lebanon,PA,rejected,no_coffee_keywords
Snitz Creek Brewery,snitzcreekbrewery.com,"7 N 9th St, Lebanon, PA 17046",http://www.snitzcreekbrewery.com/,Lancaster,lebanon,PA,rejected,no_store_page
Heisey's Diner,heiseysdinerpa.com,"1740 PA-72, Lebanon, PA 17046",http://heiseysdinerpa.com/,Lancaster,lebanon,PA,rejected,scrape_failed
Quentin Haus,quentin-haus.site,"PA-72, Lebanon, PA 17042",https://quentin-haus.site/,Lancaster,lebanon,PA,rejected,no_coffee_keywords
Uptown Coffee,uptowncoffeepgh.com,"723 Washington Rd, Mount Lebanon Township, PA 15228",https://uptowncoffeepgh.com/,Lancaster,lebanon,PA,rejected,no_shop
DiNunzio's Authentic Italian Hoagie,dinunzioshoagie.com,"718 Poplar St, Lebanon, PA 17042",http://www.dinunzioshoagie.com/,Lancaster,lebanon,PA,rejected,no_coffee_keywords
Cedar Grill,cedargrill.shop,"1800 E Cumberland St, Lebanon, PA 17042",https://cedargrill.shop/,Lancaster,lebanon,PA,rejected,scrape_failed
Dosie Dough,dosiedough.com,"45 S Broad St, Lititz, PA 17543",http://dosiedough.com/,Lancaster,lebanon,PA,rejected,no_store_page
Visit Lebanon Valley,visitlebanonvalley.com,"115 Springwood Dr Suite 500, Lebanon, PA 17042",http://visitlebanonvalley.com/,Lancaster,lebanon,PA,rejected,no_store_page
Blue Bird Inn,bluebirdinn.com,"2387 Cornwall Rd, Lebanon, PA 17042",http://www.bluebirdinn.com/,Lancaster,lebanon,PA,rejected,no_coffee_keywords
Quentin Tavern,quentintavern.com,"81 W Main St, Lebanon, PA 17042",http://www.quentintavern.com/,Lancaster,lebanon,PA,rejected,no_coffee_keywords
Tony’s Mining Company Restaurant,tonysminingcompany.com,"211 Rexmont Rd, Lebanon, PA 17042",http://tonysminingcompany.com/,Lancaster,lebanon,PA,rejected,no_coffee_keywords
Humane Society of Lebanon County Thrift Shop,lebanonhumane.org,"129 Cumberland St, Lebanon, PA 17042",https://lebanonhumane.org/thrift-shop/,Lancaster,lebanon,PA,rejected,no_coffee_keywords
Risser Marvel Farm Market,rissermarvel.com,"2425 Horseshoe Pike, Palmyra, PA 17078",http://rissermarvel.com/,Lancaster,lebanon,PA,rejected,no_coffee_keywords
Seltzer's Smokehouse Meats Store,seltzersoutletstore.com,"209 N Railroad St, Palmyra, PA 17078",https://seltzersoutletstore.com/,Lancaster,lebanon,PA,rejected,no_store_page
Lisa's Cafe,lisascafe2.com,"600 E Main St, Palmyra, PA 17078",https://lisascafe2.com/,Lancaster,lebanon,PA,rejected,no_store_page
Fox Crest Farm,foxcrestfarm.com,"1000 Bomgardner Ln, Annville, PA 17003",https://www.foxcrestfarm.com/,Lancaster,lebanon,PA,rejected,no_coffee_keywords
Element by Bodega,elementbybodega.com,"124 E Main St, Ephrata, PA 17522",http://www.elementbybodega.com/,Lancaster,ephrata,PA,rejected,no_store_page
The Floral Cup Coffee Shop,farmsteadflowers.com,"170 Cocalico Creek Rd, Ephrata, PA 17522",https://www.farmsteadflowers.com/,Lancaster,ephrata,PA,rejected,no_coffee_keywords
Stonehouse Cafe,stonehousecafe.net,"2415 W Main St, Ephrata, PA 17522",https://stonehousecafe.net/,Lancaster,ephrata,PA,rejected,no_store_page
BrewTeks Coffee Service Technicians,brewteks.com,"107 Zooks Mill Rd, Ephrata, PA 17522",http://www.brewteks.com/,Lancaster,ephrata,PA,rejected,no_store_page
Connections Cafe,connectionscafe.net,"70 Clay School Rd, Ephrata, PA 17522",https://connectionscafe.net/,Lancaster,ephrata,PA,rejected,no_store_page
Tin Roof Cafe n' Sweets,tinroofcafensweets.com,"108-I N, Reading Rd, Ephrata, PA 17522",http://www.tinroofcafensweets.com/,Lancaster,ephrata,PA,rejected,no_store_page
Griddle & Grind Cafe,griddleandgrind.com,"20 W Main St, Ephrata, PA 17522",http://www.griddleandgrind.com/,Lancaster,ephrata,PA,rejected,no_store_page
"Pureblend Tea, LLC",pureblendtea.com,"1501 W Main St, Ephrata, PA 17522",http://www.pureblendtea.com/,Lancaster,ephrata,PA,rejected,no_shop
Dynamic Coffee Roasters,shop.dynamiccoffeeroasters.com,"317 E Carson St Suite 35, Pittsburgh, PA 15219",https://shop.dynamiccoffeeroasters.com/,Lancaster,ephrata,PA,rejected,no_store_page
Fox Meadows Creamery - Ephrata,foxmeadowscreamery.com,"2475 W Main St, Ephrata, PA 17522",http://www.foxmeadowscreamery.com/,Lancaster,ephrata,PA,rejected,no_store_page
Cardinal Coffee Roasters,cardinalcoffeeroasters.com,"820 Lowry Ave, Jeannette, PA 15644",https://www.cardinalcoffeeroasters.com/,Lancaster,ephrata,PA,rejected,no_shop
Udder Choice,udder-choice.com,"1812 W Main St, Ephrata, PA 17522",https://udder-choice.com/,Lancaster,ephrata,PA,rejected,no_coffee_keywords
"Rocsato Coffee Roasters, LLC",rocsatocoffeeroasters.com,"701 N Perry St, Titusville, PA 16354",http://www.rocsatocoffeeroasters.com/,Lancaster,ephrata,PA,rejected,no_store_page
Pancake Farm,pancakefarmpa.com,"1032 S State St, Ephrata, PA 17522",http://www.pancakefarmpa.com/,Lancaster,ephrata,PA,rejected,no_coffee_keywords
Botanical Creperie by NHCC,botanicalcreperie.com,"856 W Main St, New Holland, PA 17557",https://www.botanicalcreperie.com/,Lancaster,ephrata,PA,rejected,no_store_page
Tomato Pie Cafe,tomatopiecafe.net,"23 N Broad St, Lititz, PA 17543",http://www.tomatopiecafe.net/?y_source=1_MTk1Mzc0OTctNzE1LWxvY2F0aW9uLndlYnNpdGU%3D,Lancaster,ephrata,PA,rejected,no_shop
3 Sisters' Chicken,3sisterschicken.com,"1025 S State St, Ephrata, PA 17522",https://www.3sisterschicken.com/,Lancaster,ephrata,PA,rejected,no_coffee_keywords
Dutch-Way Café,dutchwayfarmmarket.com,"1125 S State St, Ephrata, PA 17522",https://www.dutchwayfarmmarket.com/restaurants/ephrata-cafe/,Lancaster,ephrata,PA,rejected,no_store_page
Old Republic Distillery Tavern,ephrataspeakeasy.com,"3 Dutchland Ave, Ephrata, PA 17522",http://www.ephrataspeakeasy.com/,Lancaster,ephrata,PA,rejected,no_store_page
Baltimore Coffee & Tea Company,baltcoffee.com,"1110 Town Center Blvd, Odenton, MD 21113",https://www.baltcoffee.com/,Lancaster,millersville,PA,rejected,wrong_region
Evergreen Cafe,millersville.edu,"40 James St, Millersville, PA 17551",https://www.millersville.edu/dining/retaildining.php,Lancaster,millersville,PA,rejected,no_coffee_keywords
Cactus Café,cactuscafe.wixsite.com,"2 S Prince St, Millersville, PA 17551",https://cactuscafe.wixsite.com/cactuscafemillersvil,Lancaster,millersville,PA,rejected,no_shop
Big Blue Coffee Roasters,bigblueroasters.com,"638 S Madden Rd, Hustontown, PA 17229",https://www.bigblueroasters.com/contact-us/,Lancaster,millersville,PA,rejected,no_coffee_keywords
Molly's Courtyard Cafe of Marietta,mollyscourtyardcafe.com,"17 E Market St, Marietta, PA 17547",http://www.mollyscourtyardcafe.com/,Lancaster,millersville,PA,rejected,no_shop
Someday Coffee Roastery,somedaycoffee.com,"1400 Easton Rd, Riegelsville, PA 18077",http://somedaycoffee.com/,Lancaster,millersville,PA,rejected,no_store_page
Neighbors Cafe,neighborslancaster.com,"450 N Prince St Floor 1, Lancaster, PA 17603",https://www.neighborslancaster.com/cafe/,Lancaster,millersville,PA,rejected,no_store_page
Traveller Coffee Company,travellercoffeeco.com,"17 Main St, Glen Rock, PA 17327",http://www.travellercoffeeco.com/,Lancaster,millersville,PA,rejected,no_shop
Fireside Cafe,firesidecafe.net,"158 Toddy Dr, East Earl, PA 17519",https://www.firesidecafe.net/,Lancaster,millersville,PA,rejected,no_store_page
Industry Coffee Works,industrycoffee.com,"908 Hyatt St, Chester, PA 19013",http://industrycoffee.com/ContactUs_Page_ZTEN.html,Lancaster,millersville,PA,rejected,no_shop
Rise 'N Grind Cafe,risengrindcafe.com,"8 E Main St, Rising Sun, MD 21911",https://risengrindcafe.com/,Lancaster,columbia,PA,rejected,wrong_region
Aveley Farms Coffee Roasters,aveleyfarmscoffee.com,"42 W Chesapeake Ave, Towson, MD 21204",https://www.aveleyfarmscoffee.com/,Lancaster,columbia,PA,rejected,wrong_region
Columbia River Coffee Roaster,columbiarivercoffeeroaster.com,"279 W Marine Dr, Astoria, OR 97103",https://www.columbiarivercoffeeroaster.com/,Lancaster,columbia,PA,rejected,wrong_region
HomeGoodies & Coffee,homegoodiescolumbia.com,"336 Locust St, Columbia, PA 17512",https://homegoodiescolumbia.com/,Lancaster,columbia,PA,rejected,no_store_page
Coffee and Cream,coffeecream.toast.site,"101 N Front St, Columbia, PA 17512",https://coffeecream.toast.site/,Lancaster,columbia,PA,rejected,no_store_page
Evergreen Coffee Company,evergreencoffeeco.com,"102 Wallace Ave, Downingtown, PA 19335",https://evergreencoffeeco.com/,Lancaster,columbia,PA,rejected,no_store_page
Black Olive Family Diner,blackolivediner.com,"1506 Lancaster Ave, Columbia, PA 17512",http://blackolivediner.com/,Lancaster,columbia,PA,rejected,scrape_failed
Columbia Diner,columbiadinerpa.com,"1725 Columbia Ave, Lancaster, PA 17603",http://columbiadinerpa.com/,Lancaster,columbia,PA,rejected,no_coffee_keywords
The Farmhouse Coffee & Espresso Bar,farmhousecoffee.com,"115 W Lancaster Ave, Downingtown, PA 19335",https://www.farmhousecoffee.com/,Lancaster,columbia,PA,rejected,no_store_page
Whisk Cafe,thewhiskcafe.com,"98 Masonic Dr #102, Elizabethtown, PA 17022",https://www.thewhiskcafe.com/,Lancaster,columbia,PA,rejected,no_shop
LanCATster Cat Cafe,lancatstercatcafe.com,"222 N Duke St, Lancaster, PA 17602",http://www.lancatstercatcafe.com/,Lancaster,columbia,PA,rejected,no_shop
New Town Food & Spirits,newtownfoodandspirits.com,"2833 Columbia Ave, Lancaster, PA 17603",https://www.newtownfoodandspirits.com/,Lancaster,columbia,PA,rejected,no_shop
"Art Printing Co., Inc.",artprintingco.com,"131 Locust St, Columbia, PA 17512",http://www.artprintingco.com/,Lancaster,columbia,PA,rejected,no_coffee_keywords
Coffee By Design,coffeebydesign.com,"1 Diamond St, Portland, ME 04101",http://www.coffeebydesign.com/,Portland,portland,ME,accepted,
Tandem Coffee Roasters,tandemcoffee.com,"122 Anderson St, Portland, ME 04101",http://tandemcoffee.com/,Portland,portland,ME,accepted,
Bard Coffee,bardcoffee.com,"185 Middle St, Portland, ME 04101",http://www.bardcoffee.com/,Portland,portland,ME,accepted,
Lay Day Roasters,layday.me,"150 Preble St, Portland, ME 04101",https://layday.me/,Portland,portland,ME,accepted,
Arabica Coffee Company,arabicacoffee.me,"2 Free St, Portland, ME 04101",http://www.arabicacoffee.me/,Portland,portland,ME,accepted,
Claw Coffee Roasters,clawcoffeeroasters.com,"695 US-1, Scarborough, ME 04074",http://www.clawcoffeeroasters.com/,Portland,portland,ME,accepted,
Burundi Star Coffee,burundistarcoffee.com,"261 St John St, Portland, ME 04102",https://www.burundistarcoffee.com/,Portland,portland,ME,accepted,
Bom Dia Cafe,bomdiame.com,"47 India St, Portland, ME 04101",http://www.bomdiame.com/,Portland,portland,ME,accepted,
Giuseppe Roasters Coffee,giusepperoasters.com,"26 Ocean Ave, Scarborough, ME 04074",https://giusepperoasters.com/,Portland,south portland,ME,accepted,
Swift River Coffee Roasters,swiftrivercoffee.com,"1289 Roosevelt Trail, Raymond, ME 04071",https://www.swiftrivercoffee.com/,Portland,south portland,ME,accepted,
Sterling Coffee Roasters,sterling.coffee,"518 NW 21st Ave, Portland, OR 97209",http://sterling.coffee/,Portland,south portland,ME,accepted,
Tern Coffee & Tea,terncoffee.com,"141 Maine St, Brunswick, ME 04011",http://www.terncoffee.com/,Portland,westbrook,ME,accepted,
Carpe Diem Coffee Roasting Co,carpediemcoffee.com,"150 Wells St, North Berwick, ME 03906",http://www.carpediemcoffee.com/,Portland,scarborough,ME,accepted,
Greenwood Bean,greenwoodbean.com,"286 Howe Hill Rd, Greenwood, ME 04255",http://greenwoodbean.com/,Portland,scarborough,ME,accepted,
Mornings in Paris,morningsinparis.com,"240 US-1, Falmouth, ME 04105",https://www.morningsinparis.com/,Portland,falmouth,ME,accepted,
Carrabassett Coffee Company,carrabassettcoffee.com,"93 Main St, Kingfield, ME 04947",http://www.carrabassettcoffee.com/,Portland,falmouth,ME,accepted,
Speedwell Coffee Company,speedwellcoffee.com,"208 S Meadow Rd, Plymouth, MA 02360",http://speedwellcoffee.com/,Portland,falmouth,ME,accepted,
Coffee Hound Coffee Co. Roastery,coffeehoundcoffeeco.com,"55 Baker Blvd Suite 137, Brewer, ME 04412",https://www.coffeehoundcoffeeco.com/,Portland,falmouth,ME,accepted,
Crouse House Coffee Roasters,crousehousecoffee.com,"25 Landry Rd, Lewiston, ME 04240",https://www.crousehousecoffee.com/,Portland,cape elizabeth,ME,accepted,
Color Field Coffee Co.,colorfieldcoffee.com,"30 Van Horn Rd, East Boothbay, ME 04544",https://www.colorfieldcoffee.com/,Portland,cape elizabeth,ME,accepted,
Time & Tide Coffee,timeandtidecoffee.com,"Time & Tide Coffee, 35 Main St Ste 102, Biddeford, ME 04005",http://timeandtidecoffee.com/,Portland,biddeford,ME,accepted,
Elements Books Coffee Beer,elementsbookscoffeebeer.com,"265 Main St, Biddeford, ME 04005",http://www.elementsbookscoffeebeer.com/,Portland,biddeford,ME,accepted,
Flat Iron Coffee Bar,flatironcoffeebar.com,"594 Congress St, Portland, ME 04101",https://www.flatironcoffeebar.com/,Portland,portland,ME,rejected,no_store_page
Moonday Coffee,moondaycoffee.com,"93 Washington Ave Unit 1, Portland, ME 04101",http://moondaycoffee.com/,Portland,portland,ME,rejected,no_store_page
Double Great Coffee,doublegreatcoffee.com,"100 Congress St, Portland, ME 04101",http://www.doublegreatcoffee.com/,Portland,portland,ME,rejected,no_shop
Speckled Ax,speckledax.com,"567 Congress St, Portland, ME 04101",https://speckledax.com/,Portland,portland,ME,rejected,no_store_page
The Proper Cup,thepropercupcoffeehouse.com,"500 Forest Ave, Portland, ME 04101",http://thepropercupcoffeehouse.com/,Portland,portland,ME,rejected,no_coffee_keywords
Rwanda Bean Company: ROASTERY,rwandabean.com,"290 Thompsons Point Suite B, Portland, ME 04102",http://www.rwandabean.com/,Portland,portland,ME,rejected,no_store_page
Coveside Coffee,coveside-coffee.square.site,"28 Vannah Ave, Portland, ME 04103",https://coveside-coffee.square.site/,Portland,portland,ME,rejected,no_store_page
Another Round,anotherroundmaine.com,"549 Congress St, Portland, ME 04101",http://www.anotherroundmaine.com/,Portland,portland,ME,rejected,no_store_page
Matchamood,matchamoodmaine.com,"654 Congress St, Portland, ME 04101",http://matchamoodmaine.com/,Portland,portland,ME,rejected,no_coffee_keywords
Yordprom Coffee Co,o.spoton.com,"722 Congress St, Portland, ME 04102",https://o.spoton.com/BL-A944-9A79-E99E,Portland,portland,ME,rejected,no_shop
Onggi Market & Cafe,onggi.com,"131 Washington Ave, Portland, ME 04101",http://onggi.com/,Portland,portland,ME,rejected,no_store_page
Smalls,smallsisgood.com,"28 Brackett St, Portland, ME 04102",http://www.smallsisgood.com/,Portland,portland,ME,rejected,no_shop
Salt Yard Cafe & Bar,saltyardrestaurantandbar.com,"285 Commercial St, Portland, ME 04101",https://saltyardrestaurantandbar.com/?SEO_id=GMB--R-PWMOPPY-1&y_source=1_MTAxOTc5OTkyNi03MTUtbG9jYXRpb24ud2Vic2l0ZQ%3D%3D,Portland,portland,ME,rejected,no_shop
Novel,novelmaine.com,"643 Congress St, Portland, ME 04101",http://www.novelmaine.com/,Portland,portland,ME,rejected,no_store_page
Coffee ME Up,coffeemeupportland.com,"221 Cumberland Ave, Portland, ME 04101",https://coffeemeupportland.com/,Portland,portland,ME,rejected,no_store_page
Higher Grounds of Maine,highergrounds.me,"45 Wharf St, Portland, ME 04101",https://www.highergrounds.me/,Portland,portland,ME,rejected,no_store_page
Rambler Cafe,ramblermaine.com,"463 Stevens Ave, Portland, ME 04103",http://www.ramblermaine.com/,Portland,portland,ME,rejected,no_store_page
Ugly Duckling Maine,uglyducklingmaine.com,"246 Danforth St, Portland, ME 04102",https://www.uglyducklingmaine.com/,Portland,portland,ME,rejected,no_shop
Black Point Coffee,blackpoint.coffee,"238 Black Point Rd, Scarborough, ME 04074",https://blackpoint.coffee/,Portland,portland,ME,rejected,no_store_page
Navis Cafe,naviscafe.com,"56 Thames St, Portland, ME 04101",https://www.naviscafe.com/,Portland,portland,ME,rejected,no_store_page
Burke's Perks Cafe and Grill,burkesperks.com,"23 Monument Sq, Portland, ME 04101",http://www.burkesperks.com/,Portland,portland,ME,rejected,no_shop
Rigby Yard,rigbyyard.com,"50 Wharf St, Portland, ME 04101",http://www.rigbyyard.com/,Portland,portland,ME,rejected,no_store_page
Bread & Friends,breadandfriendsmaine.com,"505 Fore St, Portland, ME 04101",http://breadandfriendsmaine.com/,Portland,portland,ME,rejected,no_coffee_keywords
Cote’s Portland Café,cotescafe.com,"1 Portland Sq, Portland, ME 04101",http://cotescafe.com/,Portland,portland,ME,rejected,no_store_page
The Local Press,localpressme.com,"276 Woodford St, Portland, ME 04103",http://localpressme.com/,Portland,portland,ME,rejected,no_shop
Cia Cafe,ciacafe.com,"72 Ocean St STE 103, South Portland, ME 04106",http://ciacafe.com/,Portland,portland,ME,rejected,no_shop
Rose Foods,rosefoods.me,"428 Forest Ave, Portland, ME 04101",http://www.rosefoods.me/,Portland,portland,ME,rejected,no_coffee_keywords
Terrarium,terrariumportlandme.com,"98 Cross St N Suite A, Portland, ME 04101",http://www.terrariumportlandme.com/,Portland,portland,ME,rejected,no_store_page
Quiero Cafe,quierocafe.online,"3 Deering Ave, Portland, ME 04101",https://www.quierocafe.online/,Portland,portland,ME,rejected,no_store_page
Belleville,blvl.me,"1 North St, Portland, ME 04101",https://blvl.me/,Portland,portland,ME,rejected,no_coffee_keywords
Après,apresmaine.com,"148 Anderson St, Portland, ME 04101",https://apresmaine.com/,Portland,portland,ME,rejected,no_coffee_keywords
Root Wild Kombucha,rootwildkombucha.com,"135 Washington Ave, Portland, ME 04101",http://rootwildkombucha.com/,Portland,portland,ME,rejected,no_coffee_keywords
Eighty 8 Donuts,eighty8donuts.com,"202 Federal St, Portland, ME 04101",http://www.eighty8donuts.com/,Portland,portland,ME,rejected,no_shop
Forage Market,foragemarket.com,"123 Washington Ave, Portland, ME 04101",https://www.foragemarket.com/,Portland,portland,ME,rejected,no_store_page
Hot Suppa,hotsuppa.com,"703 Congress St, Portland, ME 04102",http://www.hotsuppa.com/,Portland,portland,ME,rejected,no_coffee_keywords
Katie Made Bakery,katiemadebakery.com,"181 Congress St, Portland, ME 04101",http://www.katiemadebakery.com,Portland,portland,ME,rejected,no_shop
Sissle & Daughters Cheesemongers and Grocers,sissleanddaughters.com,"107 Washington Ave #1, Portland, ME 04101",http://www.sissleanddaughters.com/,Portland,portland,ME,rejected,no_coffee_keywords
Batson River Brewing & Distilling,batsonriver.com,"82 Hanover St, Portland, ME 04101",https://batsonriver.com/,Portland,portland,ME,rejected,no_store_page
The Gelato Fiasco Old Port,gelatofiasco.com,"425 Fore St, Portland, ME 04101",https://www.gelatofiasco.com/locations/portland/,Portland,portland,ME,rejected,no_store_page
Bayside American Cafe,baysideamericancafe.com,"98 Portland St, Portland, ME 04101",http://baysideamericancafe.com/,Portland,portland,ME,rejected,no_shop
Belleflower Brewing Company,belleflowerbeer.com,"66 Cove St, Portland, ME 04101",https://belleflowerbeer.com/,Portland,portland,ME,rejected,no_store_page
LeRoux Kitchen,lerouxkitchen.com,"161 Commercial St, Portland, ME 04101",http://www.lerouxkitchen.com/,Portland,portland,ME,rejected,no_store_page
CERA,eatcera.com,"1 Monument Sq Ste 103, Portland, ME 04101",http://www.eatcera.com/,Portland,portland,ME,rejected,no_coffee_keywords
Maps,mapsbarportland.com,"64A Market St, Portland, ME 04101",http://mapsbarportland.com/,Portland,portland,ME,rejected,no_coffee_keywords
Second Rodeo Coffee Shop,secondrodeocoffeeshop.com,"124 Sawyer St, South Portland, ME 04106",https://www.secondrodeocoffeeshop.com/,Portland,south portland,ME,rejected,no_store_page
Shaghf cafe,shaghfcoffee.com,"645 Forest Ave, Portland, ME 04101",https://www.shaghfcoffee.com/,Portland,south portland,ME,rejected,no_shop
Joe Muggs Cafe,booksamillion.com,"430 Gorham Rd, South Portland, ME 04106",http://www.booksamillion.com/,Portland,south portland,ME,rejected,no_coffee_keywords
Scratch Baking Co,scratchbakingco.com,"416 Preble St, South Portland, ME 04106",http://scratchbakingco.com/,Portland,south portland,ME,rejected,no_store_page
The Send Brewing Co.,thesendbrewing.com,"15 Ocean St, South Portland, ME 04106",https://www.thesendbrewing.com/,Portland,south portland,ME,rejected,no_store_page
Mainely Coffee,mainelycoffee.com,"47 Katahdin Ave, Millinocket, ME 04462",https://mainelycoffee.com/,Portland,south portland,ME,rejected,no_shop
The Garden Bar,thegardenbarmaine.com,"173 Ocean St, South Portland, ME 04106",http://www.thegardenbarmaine.com/,Portland,south portland,ME,rejected,no_coffee_keywords
Roots Cafe,rootscafemaine.com,"20 School St Unit C, Westbrook, ME 04092",https://rootscafemaine.com/,Portland,westbrook,ME,rejected,no_shop
Cuppa Jo's,cuppajos.com,"305 US-1, Yarmouth, ME 04096",https://www.cuppajos.com/,Portland,westbrook,ME,rejected,no_shop
The Sinful Kitchen,thesinfulkitchen.com,"952 Brighton Ave, Portland, ME 04102",http://www.thesinfulkitchen.com/?utm_source=google&utm_medium=wix_google_business_profile&utm_campaign=17313828670961116165,Portland,westbrook,ME,rejected,no_coffee_keywords
Market Basket,shopmarketbasket.com,"90 Rock Row Suite 110, Westbrook, ME 04092",https://www.shopmarketbasket.com/,Portland,westbrook,ME,rejected,no_coffee_keywords
Sullivan House Bakery,sullivanhousegorham.com,"102 Main St, Gorham, ME 04038",https://www.sullivanhousegorham.com/,Portland,westbrook,ME,rejected,no_coffee_keywords
Honeycomb Cafe,honeycombcafe.me,"132 Pleasant Hill Rd, Scarborough, ME 04074",http://honeycombcafe.me/,Portland,westbrook,ME,rejected,no_store_page
St. Joe's Cafe,stjoescafe.com,"220 Gorham Rd, Scarborough, ME 04074",http://www.stjoescafe.com/,Portland,westbrook,ME,rejected,no_shop
Discover Downtown Westbrook,downtownwestbrook.com,"816 Main St, Westbrook, ME 04092",http://downtownwestbrook.com/,Portland,westbrook,ME,rejected,no_shop
Bamboo Bistro,clover.com,"1 Cumberland St, Westbrook, ME 04092",https://www.clover.com/online-ordering/bamboo-bistro-westbrook,Portland,westbrook,ME,rejected,no_coffee_keywords
Casa Novello,casanovello.com,"694 Main St, Westbrook, ME 04092",https://www.casanovello.com/,Portland,westbrook,ME,rejected,no_coffee_keywords
Walter's Cafe,originalwalterscafe.com,"149 Main St Ste 4, Brunswick, ME 04011",https://www.originalwalterscafe.com/,Portland,westbrook,ME,rejected,no_shop
Woodford Food & Beverage,woodfordfb.com,"660 Forest Ave, Portland, ME 04103",http://www.woodfordfb.com/,Portland,westbrook,ME,rejected,no_coffee_keywords
Cafe Luna,cafelunamaine.com,"370 US-1, Scarborough, ME 04074",http://cafelunamaine.com/,Portland,scarborough,ME,rejected,no_store_page
The Holy Donut,theholydonut.com,"398 US-1, Scarborough, ME 04074",https://theholydonut.com/,Portland,scarborough,ME,rejected,no_store_page
Coffee Roasters of the Kennebunks,coffeeroastersofmaine.com,"163 Port Rd, Kennebunk, ME 04043",https://coffeeroastersofmaine.com/,Portland,scarborough,ME,rejected,scrape_failed
Swell Nitro Coffee,swellnitrocoffee.com,"200 Main St, Saco, ME 04072",https://www.swellnitrocoffee.com/,Portland,scarborough,ME,rejected,no_store_page
Len Libby Candies,lenlibby.com,"419 US-1, Scarborough, ME 04074",http://www.lenlibby.com/,Portland,scarborough,ME,rejected,no_store_page
Nonesuch River Brewing,nonesuchriverbrewing.com,"201 Gorham Rd, Scarborough, ME 04074",https://nonesuchriverbrewing.com/,Portland,scarborough,ME,rejected,no_store_page
Sebago Brewing Company Brewpub,sebagobrewing.com,"201 Southborough Dr, Scarborough, ME 04074",http://www.sebagobrewing.com/,Portland,scarborough,ME,rejected,no_store_page
Spinning Jenny's Coffee Bar,lincolnhotelmaine.com,"17 Lincoln St, Biddeford, ME 04005",https://lincolnhotelmaine.com/amenities-activities/,Portland,scarborough,ME,rejected,no_store_page
Pine Tree Seafood & Produce Co.,pinetreeseafood.com,"655 US-1, Scarborough, ME 04074",https://pinetreeseafood.com/,Portland,scarborough,ME,rejected,no_coffee_keywords
Cabela's,stores.cabelas.com,"100 Cabela Blvd, Scarborough, ME 04074",https://stores.cabelas.com/us/me/scarborough/100-cabelas-blvd.html?y_source=1_Mzk4NjczMS03MTUtbG9jYXRpb24ud2Vic2l0ZQ%3D%3D,Portland,scarborough,ME,rejected,no_coffee_keywords
Portland Pie Company,portlandpie.com,"400 Expedition Dr, Scarborough, ME 04074",https://portlandpie.com/,Portland,scarborough,ME,rejected,no_coffee_keywords
Coffee Obsession,coffeeobsession.com,"110 Palmer Ave, Falmouth, MA 02540",https://coffeeobsession.com/,Portland,falmouth,ME,rejected,no_store_page
REVEL,revelmaine.com,"267 US-1 Unit 103, Falmouth, ME 04105",http://www.revelmaine.com/,Portland,falmouth,ME,rejected,no_store_page
Leavitt & Sons -- Falmouth,leavittandsons.com,"37 Depot Rd, Falmouth, ME 04105",http://www.leavittandsons.com/,Portland,falmouth,ME,rejected,no_store_page
Nouria,nouria.com,"264 US-1, Falmouth, ME 04105",https://nouria.com/locations/ME/Falmouth-ME-1085/,Portland,falmouth,ME,rejected,no_store_page
Sicilian Table,siciliantable.com,"261 US-1 Ste 101, Falmouth, ME 04105",http://www.siciliantable.com/,Portland,falmouth,ME,rejected,no_coffee_keywords
Red Devil Roast Coffee Company,reddevilroast.com,"204 W Main St STE 102, Fort Kent, ME 04743",https://reddevilroast.com/,Portland,falmouth,ME,rejected,no_store_page
Big Mouth Coffee Roasters,bigmouth.coffee,"387 Main St, Beacon, NY 12508",http://bigmouth.coffee/,Portland,falmouth,ME,rejected,no_store_page
Shaw's,local.shaws.com,"251 US-1, Falmouth, ME 04105",https://local.shaws.com/me/falmouth/251-us-hwy-1.html,Portland,falmouth,ME,rejected,no_coffee_keywords
Rock City Coffee Roasters,rockcitycoffee.com,"316 Main St, Rockland, ME 04841",http://www.rockcitycoffee.com/,Portland,falmouth,ME,rejected,no_coffee_keywords
Ocean State Job Lot,oceanstatejoblot.com,"251 US-1 Apt D211, Falmouth, ME 04105",https://www.oceanstatejoblot.com/flyer,Portland,falmouth,ME,rejected,no_coffee_keywords
Foreside Tavern & Side Bar,theforesidetavern.com,"270 US-1, Falmouth, ME 04105",http://www.theforesidetavern.com,Portland,falmouth,ME,rejected,no_coffee_keywords
Hannaford,stores.hannaford.com,"65 Gray Rd, Falmouth, ME 04105",https://stores.hannaford.com/me/falmouth/8222,Portland,falmouth,ME,rejected,no_coffee_keywords
Falmouth Ace Hardware,falmouthacehardware.com,"215 US-1, Falmouth, ME 04105",http://falmouthacehardware.com/?utm_source=google&utm_medium=local&utm_campaign=localmaps&utm_content=15226,Portland,falmouth,ME,rejected,no_coffee_keywords
C Salt Gourmet Market,csaltgourmetmarket.com,"349 Ocean House Rd, Cape Elizabeth, ME 04107",http://www.csaltgourmetmarket.com/,Portland,cape elizabeth,ME,rejected,no_store_page
The Cookie Jar,cookiejarbakers.com,"554 Shore Rd, Cape Elizabeth, ME 04107",http://www.cookiejarbakers.com/,Portland,cape elizabeth,ME,rejected,no_coffee_keywords
Core Shot Coffee Bar,coreshotcoffeebar.com,"609 Main St, Gorham, NH 03581",https://www.coreshotcoffeebar.com/,Portland,gorham,ME,rejected,no_shop
White Mountain Cafe & Bookstore,whitemountaincafe.square.site,"212 Main St, Gorham, NH 03581",https://whitemountaincafe.square.site/#13,Portland,gorham,ME,rejected,no_store_page
Wicked Joe Organic Coffees,wickedjoe.com,"35 Canam Dr, Topsham, ME 04086",http://www.wickedjoe.com/,Portland,gorham,ME,rejected,no_store_page
Gemini Cafe & Bakery,thegeminicafe.com,"96 Main St, Bethel, ME 04217",https://www.thegeminicafe.com/,Portland,gorham,ME,rejected,no_store_page
Cumberland Farms,cumberlandfarms.com,"5 Blue Ledge Rd, Gorham, ME 04038",https://cumberlandfarms.com/stores-directory/me/gorham/5-blue-ledge-rd/005623/,Portland,gorham,ME,rejected,no_coffee_keywords
390 Main Street Restaurant,390mainstreetrestaurant.com,"390 Main St, Gorham, ME 04038",http://www.390mainstreetrestaurant.com/,Portland,gorham,ME,rejected,no_coffee_keywords
MK Kitchen,mkkitchen.net,"2 School St, Gorham, ME 04038",http://www.mkkitchen.net/,Portland,gorham,ME,rejected,no_coffee_keywords
Rockingham Roasters,rockinghamroasters.coffee,"3 Rockingham St, Bellows Falls, VT 05101",https://rockinghamroasters.coffee/,Portland,gorham,ME,rejected,no_store_page
Sweet Thai Restaurant,sweetthaimaine.com,"18 Elm St, Gorham, ME 04038",https://sweetthaimaine.com/,Portland,gorham,ME,rejected,no_coffee_keywords
Maine Coast Roast,mainecoastroast.com,"441 Main St Ste. 102, Biddeford, ME 04005",https://www.mainecoastroast.com/,Portland,biddeford,ME,rejected,no_store_page
Rover Bagel,roverbagel.com,"10 W Point Ln STE 10-204, Biddeford, ME 04005",http://www.roverbagel.com/,Portland,biddeford,ME,rejected,no_store_page
Round Turn Distilling,roundturndistilling.com,"32 Main St bldg 13w ste 103, Biddeford, ME 04005",http://roundturndistilling.com/,Portland,biddeford,ME,rejected,no_store_page
Elevate Cafe,elevateyogacafe.com,"155 Saco Ave, Old Orchard Beach, ME 04064",http://www.elevateyogacafe.com/,Portland,biddeford,ME,rejected,no_store_page
Reilly's Bakery,reillysbakery.com,"232 Main St, Biddeford, ME 04005",http://www.reillysbakery.com/,Portland,biddeford,ME,rejected,no_coffee_keywords
Catface Cafe,catfacecafemaine.com,"17 Alfred St, Biddeford, ME 04005",http://www.catfacecafemaine.com/,Portland,biddeford,ME,rejected,no_shop
Lucky Pigeon Brewing Co.,luckypigeonbrewing.com,"40 Main St ste 13-131, Biddeford, ME 04005",https://www.luckypigeonbrewing.com/,Portland,biddeford,ME,rejected,no_store_page
Café 64,cafe64oob.com,"35 Old Orchard St, Old Orchard Beach, ME 04064",http://cafe64oob.com/,Portland,biddeford,ME,rejected,no_store_page
The Blue,thebluecoffeehouse.com,"84 Main St, Kennebunk, ME 04043",https://www.thebluecoffeehouse.com/,Portland,biddeford,ME,rejected,no_store_page
Cape Porpoise Kitchen,capeporpoisekitchen.com,"1 Mills Rd, Kennebunkport, ME 04046",http://www.capeporpoisekitchen.com/,Portland,biddeford,ME,rejected,no_store_page
Fish & Whistle,fishandwhistlemaine.com,"299 Main St Suite 104, Biddeford, ME 04005",http://fishandwhistlemaine.com/,Portland,biddeford,ME,rejected,no_coffee_keywords
Marden's,mardens.com,"435 Elm St, Biddeford, ME 04005",https://www.mardens.com/,Portland,biddeford,ME,rejected,no_shop
Firehouse Subs Biddeford,firehousesubs.com,"580 Alfred St, Biddeford, ME 04005",https://www.firehousesubs.com/,Portland,biddeford,ME,rejected,no_coffee_keywords
Electric City Roasting Corners,electriccityroasting.com,"101 North Blakely Street, Dunmore, PA 18512",https://electriccityroasting.com/ecr-corners/,Scranton,scranton,PA,accepted,
Black and Brass Coffee,blackandbrasscoffee.com,"101 Penn Ave, Scranton, PA 18503",https://blackandbrasscoffee.com/,Scranton,scranton,PA,accepted,
Sa Coffees,sacoffees.com,"6 Hunts Ct, Clarks Summit, PA 18411",http://www.sacoffees.com/,Scranton,scranton,PA,accepted,
Morghan Rake Coffee Roasters,morghanrakecoffee.com,"2628 PA-115, Effort, PA 18330",http://morghanrakecoffee.com/,Scranton,scranton,PA,accepted,
Abide Coffeehouse,abidecoffeehouse.com,"23 W Market St, Wilkes-Barre, PA 18701",https://www.abidecoffeehouse.com/,Scranton,scranton,PA,accepted,
Damiani Coffee Roasters,damianicoffee.com,"1679 US-6, Factoryville, PA 18419",http://www.damianicoffee.com/,Scranton,scranton,PA,accepted,
"Scipio Farms, LLC",scipiofarms.com,"6030 Decker Rd, Lehman Township, PA 18324",https://scipiofarms.com/,Scranton,scranton,PA,accepted,
2 Queens Coffee,2queenscoffee.com,"90 Main St, Narrowsburg, NY 12764",http://www.2queenscoffee.com/,Scranton,scranton,PA,accepted,
Santa Mama Coffee Co.,santamama.coffee,"48 Main St, Delaware Water Gap, PA 18327",http://santamama.coffee/,Scranton,wilkes-barre,PA,accepted,
Pressed Coffee & Books,pressedpottsville.com,"123 Mahantongo St, Pottsville, PA 17901",http://www.pressedpottsville.com/,Scranton,wilkes-barre,PA,accepted,
Five Eight Coffee Company,fiveeight.coffee,"3210 Cherry Rd, Kunkletown, PA 18058",https://fiveeight.coffee/,Scranton,hazleton,PA,accepted,
Covered Bridge Coffee Roasters & Loose Leaf Tea,coveredbridgecoffeeroasters.com,"220 Elmwood Ave, Feasterville, PA 19053",http://www.coveredbridgecoffeeroasters.com/,Scranton,hazleton,PA,accepted,
Mad Catter Coffee Roasters,madcattercoffee.com,"905 Harrison St Suite 127, Allentown, PA 18103",http://madcattercoffee.com/,Scranton,hazleton,PA,accepted,
Northernness Coffee,northernnesscoffee.com,"111 E Spring St suite c, Zelienople, PA 16063",https://www.northernnesscoffee.com/,Scranton,hazleton,PA,accepted,
Brave Bean Coffee Company - Pitcairn,bravebeancoffee.com,"550 Broadway Blvd, Pitcairn, PA 15140",http://www.bravebeancoffee.com/,Scranton,hazleton,PA,accepted,
Pilgrim Roasters,pilgrimroasters.com,"4120 Main St, Philadelphia, PA 19127",http://www.pilgrimroasters.com/,Scranton,hazleton,PA,accepted,
Bella Bean Coffee Shop,bellabeanbaraboom.com,"6 S Broad St Ste 101, Nazareth, PA 18064",https://www.bellabeanbaraboom.com/,Scranton,hazleton,PA,accepted,
Old Village Roastery,oldvillageroastery.com,"5812b Lower York Rd, Lahaska, PA 18931",http://www.oldvillageroastery.com/,Scranton,hazleton,PA,accepted,
Zummo's Cafe,zummoscafescranton.com,"916 Marion St, Scranton, PA 18509",https://www.zummoscafescranton.com/,Scranton,scranton,PA,rejected,no_store_page
Moon & Hollow,moonandhollow.com,"902 Prospect Ave, Scranton, PA 18505",https://moonandhollow.com/,Scranton,scranton,PA,rejected,no_shop
Retro Cafe,theretroscranton.com,"1139 Capouse Ave, Scranton, PA 18509",http://www.theretroscranton.com/,Scranton,scranton,PA,rejected,no_store_page
Northern Light Espresso Bar and Cafe,northernlightespresso.com,"536 Biden St, Scranton, PA 18503",http://www.northernlightespresso.com/,Scranton,scranton,PA,rejected,no_shop
Blackwatch Cafe,theblackwatchcafe.com,"239 Arthur Ave, Scranton, PA 18510",https://theblackwatchcafe.com/,Scranton,scranton,PA,rejected,no_store_page
Coffee Inclusive,coffeeinclusive.org,"350 Kennedy Blvd suite 12, Pittston, PA 18640",http://www.coffeeinclusive.org/,Scranton,scranton,PA,rejected,no_shop
Heaven & Earth Gift Shop,heavenandearthgiftshop.com,"400 Wyoming Ave #100, Scranton, PA 18503",https://heavenandearthgiftshop.com/,Scranton,scranton,PA,rejected,no_store_page
Crafty Beans,craftybeans.co,"294 Main St, Dupont, PA 18641",https://craftybeans.co/,Scranton,scranton,PA,rejected,no_shop
The Brew,thebrewpa.com,"417 Hamlin Hwy SUITE 1, Lake Ariel, PA 18436",https://www.thebrewpa.com/,Scranton,scranton,PA,rejected,no_store_page
Mansour's Market,mansoursmarketcafe.com,"969 Prescott Ave, Scranton, PA 18510",http://mansoursmarketcafe.com/,Scranton,scranton,PA,rejected,no_shop
Old Man John's Coffee + Honey House,oldmanjohnsapiary.com,"63 Main St, Luzerne, PA 18709",http://www.oldmanjohnsapiary.com/,Scranton,scranton,PA,rejected,no_store_page
Milestone Coffee Roasting,milestonecoffeeroasting.com,"503 S Main St, Montrose, PA 18801",https://milestonecoffeeroasting.com/,Scranton,scranton,PA,rejected,no_store_page
Gary's Coffee Service,garyscoffee.com,"85 S Main St, Carbondale, PA 18407",https://www.garyscoffee.com/,Scranton,scranton,PA,rejected,no_shop
Drip Coffee Company,dripcoffee570.com,"168 N Main St, Shavertown, PA 18708",http://www.dripcoffee570.com/,Scranton,scranton,PA,rejected,no_shop
Cocoon Coffee House,cocooncoffeehouse.com,"8 Silk Mill Drive, Hawley, PA 18428",http://www.cocooncoffeehouse.com/,Scranton,scranton,PA,rejected,no_shop
Bailey's Cafe and Events,constantinoscatering.com,"111 W Main St, Dalton, PA 18414",http://www.constantinoscatering.com/baileys,Scranton,scranton,PA,rejected,no_shop
Pour,pourcoffeehouse.com,"53 N Main St, Wilkes-Barre, PA 18701",http://pourcoffeehouse.com/,Scranton,wilkes-barre,PA,rejected,no_shop
Electric City Roasting Company,moheganpa.com,"1280 PA-315, Wilkes-Barre, PA 18702",https://moheganpa.com/poi/dining/electric-city-roasting-company.html,Scranton,wilkes-barre,PA,rejected,no_shop
The Blend,nepablend.com,"1318 North River Street, Wilkes-Barre, Hilldale, PA 18705",http://www.nepablend.com/,Scranton,wilkes-barre,PA,rejected,no_coffee_keywords
Giant Coffee Mug,wnep.com,"180 Spring St, Wilkes-Barre, PA 18702",https://www.wnep.com/article/news/local/luzerne-county/the-story-behind-wilkes-barres-giant-coffee-cup-shop-spring-street-business/523-dbd62c64-acb0-4874-af4e-28cf19503036,Scranton,wilkes-barre,PA,rejected,no_store_page
Buzzsaw Coffee,buzzsawcoffee.com,"1307 Park Ave, Williamsport, PA 17701",https://www.buzzsawcoffee.com/,Scranton,wilkes-barre,PA,rejected,no_store_page
Taylor Roasted CoffeeHouse,taylorroastedcoffeehouse.com,"1924 Main St, Northampton, PA 18067",http://www.taylorroastedcoffeehouse.com/,Scranton,wilkes-barre,PA,rejected,no_shop
Sunny Bubble Tea,sunnybubbleteawilkesbarre.com,"29 Wyoming Valley Mall Rd, Wilkes-Barre Township, PA 18702",http://sunnybubbleteawilkesbarre.com/,Scranton,wilkes-barre,PA,rejected,no_store_page
Cafe Toscana,cafetoscana.net,"1 Public Square, Wilkes-Barre, PA 18701",http://www.cafetoscana.net/,Scranton,wilkes-barre,PA,rejected,no_store_page
Wegmans,wegmans.com,"220 Highland Park Blvd, Wilkes-Barre, PA 18702",https://www.wegmans.com/stores/wilkes-barre-pa/?cid=GMB_Wegmans_2024:aw:ow:gb:gb:ao::,Scranton,wilkes-barre,PA,rejected,no_store_page
The Stonehouse,thestonehousepa.com,"The Stonehouse, 473 Fallbrook St, Carbondale, PA 18407",https://www.thestonehousepa.com/,Scranton,carbondale,PA,rejected,no_coffee_keywords
Rostas Cafe,rostascafe.net,"1144 W 15th St, Hazleton, PA 18201",https://www.rostascafe.net/,Scranton,hazleton,PA,rejected,no_store_page
Caffe Europa,caffeeuropamenu.com,"65 Laurel Mall Dr, Hazleton, PA 18202",https://www.caffeeuropamenu.com/?utm_source=gbp,Scranton,hazleton,PA,rejected,no_store_page
Adames Dominican Restaurant,adamesbakeryrestaurantpa.com,"27 E Broad St, West Hazleton, PA 18202",https://adamesbakeryrestaurantpa.com/,Scranton,hazleton,PA,rejected,no_store_page
Oaxaca Restaurant,orderoaxacarestaurant.com,"2 W Broad St, West Hazleton, PA 18202",http://orderoaxacarestaurant.com/,Scranton,hazleton,PA,rejected,no_coffee_keywords
Laurel Mall,thelaurelmall.com,"106 Laurel Mall Dr, Hazleton, PA 18202",http://www.thelaurelmall.com/,Scranton,hazleton,PA,rejected,no_coffee_keywords
Anania's Delicias,ananiasdeliciasllc.com,"410 E 2nd St, Hazleton, PA 18201",http://www.ananiasdeliciasllc.com/,Scranton,hazleton,PA,rejected,scrape_failed
Perkins American Food Co.,perkinsrestaurants.com,"50 PA-93, Hazleton, PA 18202",https://perkinsrestaurants.com/locations/us/pa/hazleton/50-state-route-93,Scranton,hazleton,PA,rejected,no_store_page
Boyer's Food Market Hazleton,boyersfood.com,"999 W 15th St, Hazleton, PA 18201",https://www.boyersfood.com/,Scranton,hazleton,PA,rejected,no_store_page
Best Cigar Pub,bestcigarpub.com,"3 Hillside Dr, Drums, PA 18222",http://www.bestcigarpub.com/,Scranton,hazleton,PA,rejected,no_store_page
Lit Coffee Roastery & Bakeshop,lit610.com,"26 E 3rd St, Bethlehem, PA 18015",http://lit610.com/,Scranton,hazleton,PA,rejected,no_shop
ThreeBirds Coffee House,threebirdscoffee.com,"226 Bushkill St, Easton, PA 18042",http://www.threebirdscoffee.com/,Scranton,hazleton,PA,rejected,no_shop
The Coffee Potter,tcplv.com,"24 Schooleys Mountain Rd, Long Valley, NJ 07853",http://tcplv.com/,Scranton,hazleton,PA,rejected,no_shop
Top of the 80's,topofthe80s.com,"3 Top of the 80's Rd, Hazleton, PA 18202",http://topofthe80s.com/,Scranton,hazleton,PA,rejected,no_coffee_keywords
The Wonderstone,thewonderstone.com,"222 E Drinker St, Dunmore, PA 18512",http://thewonderstone.com/,Scranton,dunmore,PA,rejected,no_store_page
Nibbles & Bits,nibblesbits.com,"205 S Blakely St, Dunmore, PA 18512",http://www.nibblesbits.com/,Scranton,dunmore,PA,rejected,no_store_page
Willoughby's Coffee & Tea,willoughbyscoffee.com,"Corner Grove, 258 Church St, New Haven, CT 06510",https://www.willoughbyscoffee.com/,New haven,new haven,CT,accepted,
Zumbach's Gourmet Coffee,zumbachsgourmetcoffee.com,"77 Pine St, New Canaan, CT 06840",https://www.zumbachsgourmetcoffee.com/,New haven,new haven,CT,accepted,
Soul Cafe Coffee Roasters [ LAB & Wholesale ],soulcafecoffee.com,"158 27th St, Brooklyn, NY 11232",http://www.soulcafecoffee.com/,New haven,bridgeport,CT,accepted,
Frenchies Coffee Bar,frenchiescoffeebar.com,"2420 Main St, Stratford, CT 06615",http://www.frenchiescoffeebar.com/,New haven,bridgeport,CT,accepted,
The Wicked Press,thewickedpress.com,"948 Sullivan Ave, South Windsor, CT 06074",https://www.thewickedpress.com/,New haven,hartford,CT,accepted,
Winfield Street Coffee,winfieldcoffee.com,"96 Broad St, Stamford, CT 06901",https://www.winfieldcoffee.com/,New haven,stamford,CT,accepted,
Rippin Coffee Roasters,rippinroasters.com,"68 Schraalenburgh Rd, Harrington Park, NJ 07640",https://rippinroasters.com/,New haven,stamford,CT,accepted,
Brave Coffee & Tea,bravecoffeeco.com,"136 Demeritt Pl, Waterbury, VT 05676",http://bravecoffeeco.com/,New haven,waterbury,CT,accepted,
Vermont Artisan Coffee & Tea,vtartisan.com,"11 Cabin Ln, Waterbury Center, VT 05677",http://www.vtartisan.com/,New haven,waterbury,CT,accepted,
Zero Prophet Coffee LLC,zeroprophetcoffee.com,"No retail at this location, 273 Sabbaday Ln, WASHINGTON DT, CT 06794",http://www.zeroprophetcoffee.com/,New haven,waterbury,CT,accepted,
little seed COFFEE ROASTERS,littleseed.coffee,"24 Merchants Row, Middlebury, VT 05753",http://littleseed.coffee/,New haven,waterbury,CT,accepted,
Ayla's Bagels & Coffee,aylasbagels.com,"787 Main St S, Woodbury, CT 06798",http://www.aylasbagels.com/,New haven,waterbury,CT,accepted,
New Hampshire Coffee Roasting Co.,nhcoffee.com,"7 Sumner Dr, Dover, NH 03820",https://www.nhcoffee.com/,New haven,waterbury,CT,accepted,
Vivid Coffee Roasters,vividcoffee.com,"150 Cherry St, Burlington, VT 05401",http://vividcoffee.com/shop,New haven,waterbury,CT,accepted,
Boot Camp Brew,bootcampbrew.com,"683 Meriden Ave, Southington, CT 06489",http://bootcampbrew.com/,New haven,meriden,CT,accepted,
Cilantro Specialty Foods,cilantro.coffee,"85 Whitfield St, Guilford, CT 06437",http://cilantro.coffee/,New haven,milford,CT,accepted,
Union Coffee Company,unioncoffee.co,"42 South St, Milford, NH 03055",https://www.unioncoffee.co/,New haven,milford,CT,accepted,
Midpoint Coffee Brewers,midpointcoffeebrewers.com,"248 Crown St, New Haven, CT 06511",http://midpointcoffeebrewers.com/,New haven,new haven,CT,rejected,no_store_page
The Jitter Bus,thejitterbus.com,"Jitter Bus Cafe, 847 Grand Ave, New Haven, CT 06511",https://thejitterbus.com/,New haven,new haven,CT,rejected,no_shop
Fepo Cafe,fepocafe.com,"195 Church St, New Haven, CT 06510",https://www.fepocafe.com/,New haven,new haven,CT,rejected,no_store_page
Koffee?,koffeefamily.com,"104 Audubon St, New Haven, CT 06511",http://koffeefamily.com/,New haven,new haven,CT,rejected,no_store_page
East Rock Coffee,eastrock.coffee,"49 Cottage St, New Haven, CT 06511",http://eastrock.coffee/,New haven,new haven,CT,rejected,no_store_page
Poindexter Coffee,hilton.com,"1151 Chapel St, New Haven, CT 06511",https://www.hilton.com/en/hotels/hvngngu-graduate-new-haven/dining/?y_source=1_MTA2Njc4ODcyNy03MTUtbG9jYXRpb24ud2Vic2l0ZQ%3D%3D,New haven,new haven,CT,rejected,no_store_page
Havenroast,havenroast.com,"715 Boston Post Rd, West Haven, CT 06516",https://havenroast.com/,New haven,new haven,CT,rejected,no_shop
The Silliman Acorn,silliman.yalecollege.yale.edu,"505 College St, New Haven, CT 06520",https://silliman.yalecollege.yale.edu/spaces/acorn-cafe,New haven,new haven,CT,rejected,no_shop
Atticus Market,atticusnhv.com,"771 Orange St, New Haven, CT 06511",https://atticusnhv.com/,New haven,new haven,CT,rejected,no_store_page
Book Trader Cafe,booktradercafe.net,"1140 Chapel St #4843, New Haven, CT 06511",http://www.booktradercafe.net/,New haven,new haven,CT,rejected,no_store_page
Cantean,canteancoffee.com,"1660 Whitney Ave, Hamden, CT 06517",https://www.canteancoffee.com/,New haven,new haven,CT,rejected,no_store_page
The Loaded Goat Coffee Company,theloadedgoatcoffeeco.com,"64 Church St, Naugatuck, CT 06770",https://www.theloadedgoatcoffeeco.com/,New haven,new haven,CT,rejected,no_shop
Pistachio Cafe,pistachiocafe.com,"911 Whalley Ave, New Haven, CT 06515",https://pistachiocafe.com/pistachiocafe?utm_source=google,New haven,new haven,CT,rejected,no_store_page
Guilford Roasting Company,guilfordroastingcompany.com,"4 Hart Landing, Guilford, CT 06437",https://guilfordroastingcompany.com/pages/about-us,New haven,new haven,CT,rejected,no_store_page
Common Grounds Hamden,commongrounds.com,"2460 Dixwell Ave, Hamden, CT 06514",http://commongrounds.com/,New haven,new haven,CT,rejected,no_store_page
La Fenice,lafenice.live,"630 Chapel St, New Haven, CT 06510",http://lafenice.live/,New haven,new haven,CT,rejected,no_coffee_keywords
Ursa,ursabpt.com,"245 Fairfield Ave, Bridgeport, CT 06604",http://ursabpt.com/,New haven,bridgeport,CT,rejected,no_store_page
The Purple Knights Coffee Company,ubcoffee.store,"230 Park Ave, Bridgeport, CT 06604",https://ubcoffee.store/,New haven,bridgeport,CT,rejected,no_store_page
Artisan Stack Cafe,artisanstackcafe.com,"281 Fairfield Ave, Bridgeport, CT 06604",https://artisanstackcafe.com/,New haven,bridgeport,CT,rejected,no_store_page
Black Rock Coffee House & Kitchen,blackrockcoffeeandkitchen.com,"2480 Black Rock Tpke, Fairfield, CT 06825",http://www.blackrockcoffeeandkitchen.com/,New haven,bridgeport,CT,rejected,no_shop
Harborview Market,harborviewmarket.com,"218 Harborview Ave, Bridgeport, CT 06605",http://harborviewmarket.com/,New haven,bridgeport,CT,rejected,no_store_page
Humbled Coffeehouse,humbledcoffeehouse.com,"575 Hope St, Stamford, CT 06907",http://www.humbledcoffeehouse.com/,New haven,stamford,CT,rejected,no_shop
Lorca Coffee Bar,lorcacoffeebar.com,"125 Bedford St, Stamford, CT 06901",http://www.lorcacoffeebar.com/,New haven,stamford,CT,rejected,no_store_page
"Caffè Bon, LLC",caffebon.com,"652 Glenbrook Rd Building 10-102, Stamford, CT 06906",http://caffebon.com/,New haven,stamford,CT,rejected,no_store_page
CoBrew,stamfordcocreate.com,"47 John St, Stamford, CT 06902",https://www.stamfordcocreate.com/cobrew/,New haven,stamford,CT,rejected,no_store_page
Canard Café Bar Stamford,canardcafebar.com,"1 Greyrock Pl, Stamford, CT 06901",https://www.canardcafebar.com/,New haven,stamford,CT,rejected,no_store_page
RISE Brewing Co.,risebrewingco.com,"425 Fairfield Ave, Stamford, CT 06902",https://risebrewingco.com/,New haven,stamford,CT,rejected,no_store_page
Mandy Bean Specialty Coffee,mandybean.com,"2361c Central Park Ave, Yonkers, NY 10710",http://www.mandybean.com/,New haven,stamford,CT,rejected,no_store_page
Love You a Latte of Greenwich,loveyoualattegreenwich.com,"160 Hamilton Ave #6113, Greenwich, CT 06830",https://www.loveyoualattegreenwich.com/,New haven,stamford,CT,rejected,no_store_page
Honey Joe's Family Coffeehouse,honeyjoescoffee.com,"5 Broad St # 2b, Stamford, CT 06901",http://www.honeyjoescoffee.com/,New haven,stamford,CT,rejected,no_store_page
Ninja Coffee Espresso,ninjacoffeeusa.com,"225 Summer St, Stamford, CT 06901",https://ninjacoffeeusa.com/contact-us,New haven,stamford,CT,rejected,no_store_page
The Producer Coffee Studio,theproducercoffee.com,"201 Willett Ave, Port Chester, NY 10573",http://theproducercoffee.com/,New haven,stamford,CT,rejected,scrape_failed
Quincy Coffee,quincycoffeeco.com,"50 Waterbury Rd, Prospect, CT 06712",https://www.quincycoffeeco.com/,New haven,waterbury,CT,rejected,no_store_page
Spirit Cafe,ctspiritcafe.com,"118 E Main St, Waterbury, CT 06706",https://www.ctspiritcafe.com/,New haven,waterbury,CT,rejected,no_store_page
Sweet Bella @ The MATT,mattmuseum.org,"144 W Main St, Waterbury, CT 06702",https://mattmuseum.org/cafe,New haven,waterbury,CT,rejected,no_store_page
The Bean Coffee Roaster’s,ctcoffeeroasters.com,"118 S Main St, Cheshire, CT 06410",http://ctcoffeeroasters.com/,New haven,waterbury,CT,rejected,no_shop
Espresso North America,espressonorthamerica.com,"224 Main St, Oakville, CT 06779",https://espressonorthamerica.com/,New haven,waterbury,CT,rejected,no_shop
Royal Oak Coffee,royaloakcoffee.com,"30 Seymour St, Middlebury, VT 05753",http://royaloakcoffee.com/,New haven,waterbury,CT,rejected,no_store_page
"Black Cap Coffee & Bakery lunch, pastries, sandwiches, lattes, coffee",blackcapvermont.com,"Waterbury / Stowe, Train Station AMTRAK, 1 Rotarian Pl, Waterbury, VT 05676",https://blackcapvermont.com/,New haven,waterbury,CT,rejected,no_store_page
Noochie's Deli and Cafe',noochiesdeli.com,"72 America St, Waterbury, CT 06708",https://www.noochiesdeli.com/,New haven,waterbury,CT,rejected,no_shop
Coffeeology Street Cafe,coffeeologystreetcafe.com,"Gillette road, New Hartford, CT 06057",http://www.coffeeologystreetcafe.com/,New haven,waterbury,CT,rejected,no_shop
Grace's Place and the Rino Stage,gracesplacect.net,"1237 E Main St, Meriden, CT 06450",https://gracesplacect.net/,New haven,meriden,CT,rejected,no_coffee_keywords
Huxley’s Bookmark Cafe,huxleyscafe.net,"1376 E Main St, Meriden, CT 06450",https://huxleyscafe.net/,New haven,meriden,CT,rejected,no_shop
Meriden Nutrition,usabizlink.top,"46 Broad St, Meriden, CT 06450",https://usabizlink.top/details/meriden-nutrition-ChIJgZP,New haven,meriden,CT,rejected,no_coffee_keywords
Cafe Luca Belle,cafelucabelle.com,"167 Center St, Wallingford, CT 06492",http://cafelucabelle.com/,New haven,meriden,CT,rejected,no_shop
Marianna's Belltop Bakery,mariannasbelltopbakery.com,"212 W Main St, Meriden, CT 06451",http://www.mariannasbelltopbakery.com/,New haven,meriden,CT,rejected,no_shop
Coffee Haven West,coffeehavenwest.com,"535 Campbell Ave, West Haven, CT 06516",http://www.coffeehavenwest.com/,New haven,west haven,CT,rejected,no_shop
Walnut Beach Coffee House,walnutbeachcoffee.com,"59 Naugatuck Ave, Milford, CT 06460",https://www.walnutbeachcoffee.com/,New haven,milford,CT,rejected,no_shop
CappuGino's Coffee and Shakes,cappuginoscoffee.com,"10 Commerce Park, Milford, CT 06460",https://cappuginoscoffee.com/,New haven,milford,CT,rejected,no_store_page
Cafe Atlantique,cafeatlantiquemilford.com,"33 River St, Milford, CT 06460",http://www.cafeatlantiquemilford.com/,New haven,milford,CT,rejected,no_shop
Blooming Hearts Roastery & Cafe,bloomingheartsroastery.com,"206 E Main St Unit 9, Milford, MA 01757",https://bloomingheartsroastery.com/,New haven,milford,CT,rejected,scrape_failed
Boba Lounge Bubble Tea,boba-lounge.com,"16 Daniel St, Milford, CT 06460",https://boba-lounge.com/,New haven,milford,CT,rejected,no_shop
Kickstart Cafe,kickstartcafe.co,"462 Howe Ave, Shelton, CT 06484",http://kickstartcafe.co/,New haven,milford,CT,rejected,no_shop
Seeley's Deli,seeleysdeli.org,"554 Boston Post Rd, Milford, CT 06460",http://seeleysdeli.org/,New haven,milford,CT,rejected,no_shop
Bean Bean,thebeanbean.square.site,"381 Boston Post Rd, Guilford, CT 06437",https://thebeanbean.square.site/,New haven,milford,CT,rejected,no_store_page
Mike's Italian Deli & Grill,mikesitaliandeligrill.com,"16 Red Bush Ln, Milford, CT 06461",https://www.mikesitaliandeligrill.com/,New haven,milford,CT,rejected,no_store_page
Cedarhurst Cafe,cedarhurstcafenewhaven.com,"44 Crown St, New Haven, CT 06510",http://cedarhurstcafenewhaven.com/,New haven,milford,CT,rejected,no_store_page
