Name,Address,Website,source_city,reason
"Moschetti Artisan Roaster (Wholesale, Retail, Cafe and Online Shop)","11 6th St, Vallejo, CA 94590",http://www.moschetti.com/,austin,wrong_region
Praxis Coffee Roasters,"114 Linden St, Austin, TX 78702",http://www.praxiscoffee.com/,austin,no_store_page
Merfolk’s Specialty Coffee,"4930 S Congress Ave Ste 304c, Austin, TX 78745",http://merfolksatx.com/,austin,no_shop
Noble Joe Coffee Co.,"Southshore Eatery Food Truck Park, 1620 E Riverside Dr, Austin, TX 78741",https://www.noblejoe.co/,austin,no_store_page
Hold Steady Coffee Roastery,"13712 Trail Driver St, Austin, TX 78737",https://www.holdsteadycoffee.com/,austin,no_store_page
Odd Roots Coffee,"9600 Old Lockhart Rd, Austin, TX 78747",https://oddrootscoffee.com/,austin,no_coffee_keywords
Klerje Coffee,"1614 E 6th St #112, Austin, TX 78702",https://www.klerjecoffee.com/,austin,no_store_page
Lone Man Coffee,"3111 W 35th St, Austin, TX 78703",http://lonemancoffee.com/,austin,no_store_page
Barrett's Coffee,"713 W St Johns Ave, Austin, TX 78752",https://www.barrettscoffee.com/,austin,no_store_page
The Coffee Quest US | Green Coffee Importer/Exporter,"1606 W Stassney Ln #2, Austin, TX 78745",http://thecoffeequest.com/usa,austin,no_shop
Brewer's Choice Coffee,"E Braker Ln, Austin, TX 78753",https://brewers-choice.square.site/,austin,no_store_page
Afuga Coffee,"31 Navasota St Ste 100, Austin, TX 78702",https://afugacoffee.com/,austin,no_store_page
Trippy Buck Coffee Truck,"411 W 23rd St, Austin, TX 78705",https://linktr.ee/TrippyBuckCoffee?fbclid=PAZXh0bgNhZW0CMTEAAabL_SdQhHidJFIcwYRKiFoyLWPE7_3VPD7PLFgyfGtVFseVNhjQKClmW5w_aem_j3QCfZahzfV5bSdtjajWvA,austin,no_store_page
Idlewild Coffee,"824 W 12th St, Austin, TX 78701",https://www.idlewildcoffee.com/,austin,no_shop
Flitch Coffee,"641 Tillery St Suite 110, Austin, TX 78702",http://flitchcoffee.com/,austin,no_shop
Mazama Coffee Co,"301 Mercer St, Dripping Springs, TX 78620",http://www.mazamacoffee.com/,austin,no_store_page
Ghoul Coffee Company,"2324 E Cesar Chavez St #A, Austin, TX 78702",https://ghoulcoffeecompany.com/,austin,no_store_page
Dear Diary Coffee,"1212 Chicon St #103, Austin, TX 78702",https://deardiary.coffee/,austin,no_store_page
Radix House Coffee,"Coffee Shop, 2701 W William Cannon Dr, Austin, TX 78745",https://www.radixhouse.com/,austin,no_store_page
Rocket Coffee ATX & Pastries,"8701 W Parmer Ln #2127, Austin, TX 78729",https://www.rocketcoffeetx.com/,austin,no_store_page
Cenizo,"7033 Union Park Ln, Austin, TX 78744",http://www.cenizoatx.com/,austin,no_store_page
Civil Goat,"3423 Guadalupe St, Austin, TX 78705",http://www.civilgoat.com/,austin,no_store_page
Once Over Coffee Bar,"2009 S 1st St #100, Austin, TX 78704",http://www.onceovercoffeebar.com/,austin,no_coffee_keywords
Lake Austin Coffee Spot,"2652 Lake Austin Blvd, Austin, TX 78703",https://images.heb.com/is/content/HEBGrocery/PDF/lake-austin-coffee-spot-menu.pdf?utm_source=google&utm_medium=organic&utm_campaign=gmb_restaurant&utm_content=cs,austin,no_coffee_keywords
BRB Coffee,"3501 Guadalupe St, Austin, TX 78705",https://www.instagram.com/brbcoffee_atx/,austin,no_shop
RIP Coffee,"1100 Regal Row suite M, Austin, TX 78748",http://ripcoffeeatx.com/,austin,no_store_page
Mi Mundo Coffeehouse & Roastery,"106 S Mays St #100, Round Rock, TX 78664",http://mimundo-coffee.myshopify.com/,austin,no_store_page
Coffeehouse at Caroline,"109 E 7th St, Austin, TX 78701",https://www.carolinerestaurant.com/the-coffeehouse-at-caroline,austin,no_shop
Mañana Coffee,"111 Sandra Muraida Way suite #101, Austin, TX 78703",https://mananacoffee.com/,austin,no_store_page
Brother Friend Coffee South,"3507 S 1st St, Austin, TX 78704",http://brotherfriend.com/,austin,no_store_page
Freewheelin' Coffee,"1917 E Cesar Chavez St, Austin, TX 78702",https://www.freewheelincoffee.com/menu,austin,no_store_page
Stouthaus Coffee - Sunset Valley,"4715 S Lamar Blvd #102, Sunset Valley, TX 78745",http://www.stouthauscoffee.com/,austin,no_store_page
Austin Coffee Technician,"217 Millington Ln, Buda, TX 78610",http://austincoffeetechnician.com/,austin,no_shop
Lucky Lab Coffee Co.,"2421 San Antonio St, Austin, TX 78705",http://www.luckylabcoffee.com/,austin,no_store_page
Clover Coffee,"12400 Amherst Dr, Austin, TX 78727",https://www.facebook.com/profile.php?id=61561193702183,austin,no_shop
Numinous Coffee Roasters,"715 RM 1431, Marble Falls, TX 78654",http://numinouscoffee.com/,austin,no_store_page
Cosmic Pickle,"121 Pickle Rd, Austin, TX 78704",https://www.cosmichospitalitygroup.com/,austin,no_store_page
3rd Wave Coffee Roasters,"215 W King St #3, St. Augustine, FL 32084",https://3rdwavecoffee.com/,round rock,wrong_region
Coffee Enlightenment,"115 Sundance Pkwy #510, Round Rock, TX 78681",https://www.coffee-enlightenment.com/,round rock,no_store_page
Purely Provisions,"212 W Main St, Round Rock, TX 78664",http://www.purelyprovisions.com/,round rock,no_store_page
INSTILL COFFEE CO ROUND ROCK,"1551 E Old Settlers Blvd, Round Rock, TX 78664",http://www.instillcoffee.com/,round rock,no_store_page
Luna Espresso - Catering Warehouse,"2700 Louis Henna Blvd Suite 100 Unit A3, Round Rock, TX 78664",http://lunaespressocart.com/,round rock,no_shop
Unicorniverse Bakery & Cafe,"2400 S I-35 Frontage Rd #130, Round Rock, TX 78681",https://www.unicorniversebakery.com/,round rock,no_store_page
Seven Oaks Coffee,"15205 Ronald Reagan Blvd #702, Leander, TX 78641",https://www.sevenoakscoffee.com/,round rock,no_store_page
Black Rifle Coffee Company,"325 F M 2410, Harker Heights, TX 76548",https://www.blackriflecoffee.com/pages/harker-heights-retail,round rock,no_store_page
309 Coffee,"309 S Main St, Georgetown, TX 78626",http://309.coffee/,round rock,no_store_page
7 Brew Coffee,"2130 E Palm Valley Blvd, Round Rock, TX 78665",https://7brew.com/location/texas-round-rock-000247,round rock,no_store_page
August Beverage Company,"1204 Williams Dr, Georgetown, TX 78628",https://www.augustbeveragecompany.com/,round rock,no_coffee_keywords
Cafe Java,"2051 Gattis School Rd #120, Round Rock, TX 78664",https://www.thecafejava.com/,round rock,no_store_page
Kick Butt Coffee,"5775 Airport Blvd Suite 725, Austin, TX 78752",https://kickbuttcoffee.com/,round rock,no_store_page
Austin Grind,"4005 W Parmer Ln ste a, Austin, TX 78727",http://austingrind.com/,round rock,no_store_page
West Pecan Coffee + Beer,"100 W Pecan St, Pflugerville, TX 78660",https://westpecancoffee.com/,round rock,no_shop
Perky Beans Coffee & PB Cafe,"2080 N US Hwy 183 #210, Leander, TX 78641",https://www.perkybeanscoffee.com/,round rock,no_store_page
Rivery Coffee & Bagels,"1500 Rivery Blvd Suite 2155, Georgetown, TX 78628",http://www.riverycoffeehouse.com/,round rock,no_store_page
3rd Level Brewing,"1201 E Palm Valley Blvd, Round Rock, TX 78664",https://3rdlevelbrewing.com/,round rock,no_store_page
Sanford Sourdough Bakery & Market,"1025 Sendero Springs Dr suite 160, Round Rock, TX 78681",https://sanfordbakery.com/,round rock,no_coffee_keywords
Spinnaker Coffee,"1025 La Bonita Dr, San Marcos, CA 92078",https://www.thelakehouseresort.com/spinnaker-coffee,san marcos,wrong_region
California Roasting Collective,"1320 Grand Ave #12, San Marcos, CA 92078",https://www.caroastingcollective.com/,san marcos,wrong_region
Reality Roasters Coffee Co,"111 2nd St NE, Little Falls, MN 56345",http://realityroasters.com/,san marcos,wrong_region
Urban Sweet Cafe,"803 S Twin Oaks Valley Rd, San Marcos, CA 92078",http://www.urbansweetcafe.com/,san marcos,wrong_region
Ryan Bros Coffee of San Marcos,"133 N Twin Oaks Valley Rd Ste110, San Marcos, CA 92069",https://ryanbroscoffee.com/,san marcos,wrong_region
Mosaic Coffee Roasters,"727 W Commercial St Suite B, Springfield, MO 65803",https://www.mosaicroasters.com/,san marcos,wrong_region
Better Buzz Coffee San Marcos,"904 W San Marcos Blvd, San Marcos, CA 92078",http://www.betterbuzzcoffee.com/,san marcos,wrong_region
Manzanita Roasting Company and Coffee House,"301 E Grand Ave M, Escondido, CA 92025",http://www.manzanitaroasting.com/,san marcos,wrong_region
Safari Coffee Roasters,"1012 W El Norte Pkwy, Escondido, CA 92026",http://safaricoffee.com/,san marcos,wrong_region
Peak City Coffee,"1600 Olive Chapel Rd Suite 336, Apex, NC 27502",https://peakcitycoffee.com/,san marcos,wrong_region
3rd Wave Coffee Roasters,"215 W King St #3, St. Augustine, FL 32084",https://3rdwavecoffee.com/,san marcos,wrong_region
Standing Wave Coffee,"2024 Sarah St, Pittsburgh, PA 15203",https://www.standingwavecoffee.com/,san marcos,wrong_region
Better Buzz Coffee San Marcos,"904 W San Marcos Blvd, San Marcos, CA 92078",http://www.betterbuzzcoffee.com/,san marcos,wrong_region
TERI Common Grounds Café & Coffee Bar,"555 Deer Springs Rd, San Marcos, CA 92069",http://www.tericommongroundscafe.com/,san marcos,wrong_region
California Roasting Collective,"1320 Grand Ave #12, San Marcos, CA 92078",https://www.caroastingcollective.com/,san marcos,wrong_region
Urban Sweet Cafe,"803 S Twin Oaks Valley Rd, San Marcos, CA 92078",http://www.urbansweetcafe.com/,san marcos,wrong_region
Ryan Bros Coffee of San Marcos,"133 N Twin Oaks Valley Rd Ste110, San Marcos, CA 92069",https://ryanbroscoffee.com/,san marcos,wrong_region
Manzanita Roasting Company and Coffee House,"301 E Grand Ave M, Escondido, CA 92025",http://www.manzanitaroasting.com/,san marcos,wrong_region
California Roasting Collective,"1320 Grand Ave #12, San Marcos, CA 92078",https://www.caroastingcollective.com/,san marcos,wrong_region
Safari Coffee Roasters,"1012 W El Norte Pkwy, Escondido, CA 92026",http://safaricoffee.com/,san marcos,wrong_region
Better Buzz Coffee San Marcos,"904 W San Marcos Blvd, San Marcos, CA 92078",http://www.betterbuzzcoffee.com/,san marcos,wrong_region
Ryan Bros Coffee of San Marcos,"133 N Twin Oaks Valley Rd Ste110, San Marcos, CA 92069",https://ryanbroscoffee.com/,san marcos,wrong_region
Triple Six Social,"329 Cheatham St, San Marcos, TX 78666",https://triplesixsocial.com/,san marcos,no_store_page
Mochas & Javas,"700 N LBJ Dr Ste 100, San Marcos, TX 78666",https://www.mochasandjavas.com/,san marcos,no_store_page
Gruene Coffee Haus,"1720 Hunter Rd, New Braunfels, TX 78130",http://www.gruenecoffee.com/,san marcos,no_store_page
Jo's Cafe,"310 Mary St, San Marcos, TX 78666",https://m.facebook.com/Jos-Cafe-242591845931740/,san marcos,no_shop
Redbud Roasters,"169 S L B J Dr, San Marcos, TX 78666",https://redbudroasters.com/,san marcos,no_store_page
Texas Bean & Brew House,"1328 I 35 N Frontage Rd, San Marcos, TX 78666",http://www.texasbeanandbrewhouse.com/,san marcos,no_store_page
Friday Coffee Roasters,"838 Lakeview Blvd, New Braunfels, TX 78130",http://friday.coffee/,san marcos,no_store_page
Wake the Dead Coffee House,"1432 Old, 1432 Old Ranch Rd 12, San Marcos, TX 78666",https://wakethedeadcoffeehouse.squarespace.com/events,san marcos,no_shop
The Coffee Bar,"142 N LBJ Dr, San Marcos, TX 78666",https://coffeebarsmtx.com/,san marcos,no_store_page
Akhanay Coffee Roasters,"1119 Camden St, San Antonio, TX 78215",http://akhanay.square.site/,san marcos,no_store_page
Tantra SMTX,"217 W Hopkins St, San Marcos, TX 78666",http://www.tantrasanmarcos.com/,san marcos,no_shop
Hill Country Brew,"1101 Thorpe Ln #105-599, San Marcos, TX 78666",https://www.hillcountry-brew.com/,san marcos,no_shop
EverGruene Coffee Roasting // Online Ordering,"635 E Camp St, New Braunfels, TX 78130",https://evergruenecoffeeroasting.com/,san marcos,no_store_page
The Root Cellar Cafe,"215 N LBJ Dr, San Marcos, TX 78666",https://rootcellarcafe.com/san-marcos/smhome.html,san marcos,no_store_page
Smoothie Warriors,"330 N LBJ Dr, San Marcos, TX 78666",https://sites.google.com/view/smoothiewarriors-com,san marcos,no_coffee_keywords
Mildfire Coffee Roasters,"15502 Huebner Rd #101, San Antonio, TX 78248",http://www.mildfirecoffeeroasters.com/,san marcos,no_store_page
Kinnor Coffee & Cocktails,"540 S Castell Ave, New Braunfels, TX 78130",http://kinnornb.com/,san marcos,no_shop
Jacobs Bear Coffee,"422 E Nueva St, San Antonio, TX 78205",http://jacobsbearcoffeeroastery.square.site/,san marcos,no_store_page
Minutiae Coffee Roasters LLC,"14743 Old Bandera Rd #1, Helotes, TX 78023",https://minutiaecoffee.com/,san marcos,no_store_page
Shotgun House Coffee Roasters,"1333 Buena Vista St, San Antonio, TX 78207",http://www.shotgunhouseroasters.com/,san marcos,no_store_page
Christian Coffee Co.,"523 Med Ct Ste. 103, San Antonio, TX 78258",https://www.christiancoffeeco.org/,san marcos,no_store_page
3rd Wave Coffee Roasters,"215 W King St #3, St. Augustine, FL 32084",https://3rdwavecoffee.com/,pflugerville,wrong_region
"Moschetti Artisan Roaster (Wholesale, Retail, Cafe and Online Shop)","11 6th St, Vallejo, CA 94590",http://www.moschetti.com/,pflugerville,wrong_region
Hometown Coffee - Pflugerville,"1434 Wells Branch Pkwy, Pflugerville, TX 78660",http://hometowncoffeecompany.com/,pflugerville,no_store_page
The Morning Ritual,"18612 Pfluger Farm Ln, Pflugerville, TX 78660",https://www.morningritual.com/,pflugerville,no_shop
Ecstatic Expression Coffee Catering and Mobile Espresso Bar,"6019 Pleasanton Pkwy, Pflugerville, TX 78660",https://www.austincoffeecatering.com/,pflugerville,no_shop
Lazydaze Pflugerville,"1202 FM 685 A5, Pflugerville, TX 78660",https://www.lazydazeshop.com/,pflugerville,no_store_page
"BInxCorp, LLC","4717 Priem Ln Bldg. 7 Suite 701, Pflugerville, TX 78660",http://www.binxcorp.com/,pflugerville,no_shop
Dazzle Coffee & Smoothies,"100 2nd St N, Pflugerville, TX 78660",http://dazzlecoffee.com/,pflugerville,no_store_page
Nearby Coffee Co.,"16921 Joe Barbee Dr Suite B, Pflugerville, TX 78660",https://nearbycoffeeroasters.com/,pflugerville,no_store_page
Sip Munch Cafe,"1701 W Parmer Ln Suite 105, Austin, TX 78727",https://sipmunchcafe.com/,pflugerville,no_store_page
Lo-Fi Coffee House & Studio,"109 A, Central Ave, Elgin, TX 78621",https://www.loficoffeehouse.com/,pflugerville,no_store_page
3rd Wave Coffee Roasters,"215 W King St #3, St. Augustine, FL 32084",https://3rdwavecoffee.com/,georgetown,wrong_region
Lost Horse Coffee,"1000 Garrett Oaks Ln, Georgetown, TX 78633",https://www.losthorsecoffee.com/,georgetown,no_store_page
Rabbit Coffee Co.,"610 N Austin Ave Ste 110, Georgetown, TX 78626",https://www.rabbitcoffeeco.com/,georgetown,no_store_page
Sweet Lemon Kitchen,"812 S Church St, Georgetown, TX 78626",https://www.sweetlemonkitchen.com/,georgetown,no_store_page
Monument Cafe,"500 S Austin Ave, Georgetown, TX 78626",https://www.themonumentcafe.com/,georgetown,no_store_page
Simmer Down Cafe,"4701-1 Williams Dr, Georgetown, TX 78633",http://simmerdowngtown.com/,georgetown,no_store_page
House of Coffee Beans,"2348 Bissonnet St, Houston, TX 77005",https://www.houseofcoffeebeans.com/,georgetown,no_store_page
The Yard Milkshake Bar Of Georgetown,"940 W University Ave #120, Georgetown, TX 78626",https://www.theyardmilkshakebar.com/georgetown-menu,georgetown,no_coffee_keywords
"Greenfield Coffee, Cocktails, Barrels & Brew","555 Pace Park Rd, Salado, TX 76571",https://greenfieldssalado.com/,georgetown,no_shop
Hard Count Kitchen & Cocktails,"1500 Rivery Blvd Suite 2105, Georgetown, TX 78628",https://hardcountgtown.com/,georgetown,no_coffee_keywords
Starbucks,"705 N Austin Ave, Georgetown, TX 78626",https://www.starbucks.com/store-locator/store/9258/,georgetown,no_store_page
The Little Lemon at the Library,"402 W 8th St Suite B, Georgetown, TX 78626",https://littlelemon.cafe/,georgetown,no_store_page
BiG Cafe and Shop- Brookwood in Georgetown,"905 N Church St, Georgetown, TX 78626",http://www.brookwoodingeorgetown.org/,georgetown,no_store_page
Brewtopia Coffee Cart,"2204 Prairie Oaks Dr, Georgetown, TX 78628",http://www.brewtopiacoffeecart.com/,georgetown,no_shop
Root to Rise Plant Co,"1005 S Rock St, Georgetown, TX 78626",https://roottoriseplants.com/,georgetown,no_store_page
Coyote Moon Coffee LLC,"710 N Rosemary Dr, Bryan, TX 77802",http://www.coyotemooncoffee.com/,georgetown,no_store_page
Galaxy Bakery & CoffeeHouse,"107 E 7th St, Georgetown, TX 78626",http://www.galaxybakery.com/,georgetown,no_shop
HTeaO - Georgetown (Williams & Bootys Crossing),"3020 Williams Dr, Georgetown, TX 78628",https://hteao.com/locations/georgetown-tx-williams/,georgetown,no_store_page
Wander Coffee,"16, 217 Racquette Dr STE 16, Fort Collins, CO 80524",http://www.wandercoffee.com/,leander,wrong_region
Matinee! Coffee + Concessions,"209 W Broade St, Leander, TX 78641",http://www.matineecoffeetx.com/,leander,no_store_page
Casa Costa Bake Shop,"201 Bagdad St, Leander, TX 78641",http://www.casacostabakeshop.com/,leander,no_store_page
EL TIGRE COFFEE ROASTERS,"1614 E 12th St, Austin, TX 78702",https://eltigre.coffee/,leander,no_store_page
3rd Wave Coffee Roasters,"215 W King St #3, St. Augustine, FL 32084",https://3rdwavecoffee.com/,cedar park,wrong_region
Latte Factory,"11200 Lakeline Mall Dr, Cedar Park, TX 78613",https://lattefactory.net/,cedar park,no_store_page
Coffee Shop at Slackers Brewing,"12233 Ranch Rd 620 N #204, Austin, TX 78750",https://slackersbrewing.com/craft-coffee/,cedar park,no_shop
SereniTea Cup,"600 S Bell Blvd #17, Cedar Park, TX 78613",http://www.sereniteacup.com/,cedar park,no_store_page
Nervous Charlie's Bagels,"410 W Whitestone Blvd Suite 300, Cedar Park, TX 78613",https://www.nervouscharlies.com/,cedar park,no_coffee_keywords
Porch Culture Coffee Roasters,"204 S Broadway Ave, Tyler, TX 75702",https://pc.coffee/,cedar park,no_store_page
Russell's Bakery & Coffee @ 2222,"7300 Ranch to Market Rd 2222 #111, Austin, TX 78730",https://russells-bakery-coffee-2222.square.site/,cedar park,no_store_page
"Snooze, an A.M. Eatery","1915 E Whitestone Blvd Suite 101, Cedar Park, TX 78613",https://www.snoozeeatery.com/restaurant/texas/cedar-park/,cedar park,no_coffee_keywords
Babylon Coffee Roasters,"9986 Grapevine Hwy C, Hurst, TX 76054",http://babyloncoffeeroasters.com/,cedar park,no_store_page
Kona Roastery,"25829 Cinco Ranch Blvd, Katy, TX 77494",https://www.konaroastery.com/,cedar park,no_store_page
Morning Sunshine Cafe,"115 S Lakeline Blvd STE 100, Cedar Park, TX 78613",https://morning-sunshine-cafe.square.site/,cedar park,no_store_page
La Dosis Coffee + Cocktails,"300 W Whitestone Blvd, Cedar Park, TX 78613",https://ladosiscoffee.com/,cedar park,no_store_page
3rd Wave Coffee Roasters,"215 W King St #3, St. Augustine, FL 32084",https://3rdwavecoffee.com/,buda,wrong_region
Halo's Coffee Bar LLC,"2610 Main St, Buda, TX 78610",https://www.toasttab.com/local/order/halos-coffee-bar,buda,no_store_page
Teal House Coffee & Bakery,"200 Main St, Buda, TX 78610",https://www.tealhouse.co/,buda,no_store_page
Progress Coffee + Beer,"750 FM2001, Buda, TX 78610",http://progresscoffee.com/,buda,no_store_page
Meridian,"200 Main St, Buda, TX 78610",http://www.meridianbuda.com/,buda,no_store_page
Community Coffee Company Distribution,"98 Dupree Dr, Buda, TX 78610",https://www.communitycoffee.com/forbusiness/austin-coffee-service,buda,no_store_page
Nate's Coffee & Cocktails,"306 S Main St Ste. 101, Buda, TX 78610",http://nates-buda.com/,buda,no_shop
Kyle's Daily Grind,"607a W Center St, Kyle, TX 78640",https://www.kylesdailygrind.com/,buda,no_store_page
Iron Wolf Coffee Roasters,"754 Ramsey Rd, Jacksonville, NC 28546",https://www.ironwolfcoffeeroasters.com/,jacksonville,wrong_region
Magnífico Coffee Roasters & Coffee Shop,"3063 N Milwaukee Ave, Chicago, IL 60618",https://www.magnificocoffee.com/,jacksonville,wrong_region
Iron Wolf Coffee Roasters,"754 Ramsey Rd, Jacksonville, NC 28546",https://www.ironwolfcoffeeroasters.com/,jacksonville,wrong_region
JDBrews,"506 Charleston Way, St Marys, GA 31558",https://www.jdbrews.com/,jacksonville,wrong_region
Mechanism Coffee Roasters,"11526 Lake Mead Ave ste 103, Jacksonville, FL 32256",http://www.mechanismcoffee.com/,jacksonville,no_store_page
Soul Coffee,"9393 Mill Springs Dr, Jacksonville, FL 32257",https://www.instagram.com/soulcoffeefl/,jacksonville,no_shop
Grounds of Grace,"1633 University Blvd N, Jacksonville, FL 32211",https://www.groundsofgracejax.com/,jacksonville,no_shop
Atlantic Post - Premium Coffee Roasters,"828 Beach Blvd, Jacksonville Beach, FL 32250",https://atlantic-post.myshopify.com/,jacksonville,no_coffee_keywords
Tetherball Coffee,"12200 San Jose Blvd #18, Jacksonville, FL 32223",http://tetherballcoffee.com/,jacksonville,no_store_page
Roasted RINO,"7949 Atlantic Blvd, Jacksonville, FL 32211",https://roastedrino.com/,jacksonville,no_shop
Nuanz Coffee Roasters,"96571 Blackrock Rd, Yulee, FL 32097",http://www.nuanzcoffee.com/,jacksonville,no_store_page
Steady Coffee,"4070 Herschel St Suite 2, Jacksonville, FL 32210",http://steadycoffeeco.com/,jacksonville,no_store_page
Costal Coffee,"491 W Forsyth St suite 1, Jacksonville, FL 32202",https://www.mycostalcoffee.com/contact,jacksonville,no_coffee_keywords
Happy Brew,"3200 Hendricks Ave, Jacksonville, FL 32207",https://www.happybrew.org/,jacksonville,no_shop
360F Coffee Roasters,"10722 Wiles Rd, Coral Springs, FL 33076",https://360fcoffee.com/,jacksonville,no_store_page
Round Bird Coffee Shop,"Round Bird Coffee Shop, 1094 3rd St N, Jacksonville Beach, FL 32250",http://www.roundbirdcoffee.com/,jacksonville,no_store_page
Alkimia Coffee House & Roaster LLC,"3148 148th Place Rd, Ocala, FL 34473",https://www.facebook.com/Alkimia-Coffee-House-Roaster-111939647010886/,jacksonville,no_shop
Kava & Company - San Marco,"1224 Kings Ave, Jacksonville, FL 32207",http://kavaandcompany.com/,jacksonville,no_coffee_keywords
Hogg Batch Coffee Roastery,"2327 Central Ave, St. Petersburg, FL 33713",http://www.hoggbatch.com/,jacksonville,no_store_page
Sweet Peaches Coffee,"3895 Baymeadows Rd, Jacksonville, FL 32217",https://sweetpeachescoffee.com/,jacksonville,no_store_page
COCONUT KEY COFFEE AND SUNDRIES,"4607 Ocean St, Jacksonville, FL 32233",https://coconutkeycoffee.com/,jacksonville,no_shop
Coffee Innovations,"2120 Dennis St, Jacksonville, FL 32204",http://coffee-innovations.com/,jacksonville,no_store_page
Coffee Roasters Alliance LLC,"1220 Atlanta Ave, Orlando, FL 32806",http://roastedlocally.com/,jacksonville,no_store_page
Southern Grounds & Co.,"3562 St Johns Ave, Jacksonville, FL 32205",https://www.southerngrounds.com/locations-1/avondale,jacksonville,no_store_page
Urban Grind Coffee Company,"45 W Bay St, Jacksonville, FL 32202",https://www.urbangrind.coffee/?y_source=1_MzI0ODc5MTktNzE1LWxvY2F0aW9uLndlYnNpdGU%3D,jacksonville,no_store_page
Calusa Coffee Roasters,"161 E Commercial Blvd, Oakland Park, FL 33334",http://calusacr.com/,jacksonville,no_store_page
Cumbres Coffee Roasters Delray,"1880 Dr. Andres Way, Delray Beach, FL 33445",https://cumbrescoffee.com/,jacksonville,no_store_page
TikiJava Jax,"5711 Bowden Rd unit 5, Jacksonville, FL 32216",http://www.tikijavajax.com/,jacksonville,scrape_failed
Gaa Cafe,"9865-10 Baymeadows Rd, Jacksonville, FL 32256",https://www.gaacafe.com/,jacksonville,no_store_page
The Greenhouse Bar,"200 Riverside Ave Unit 2, Jacksonville, FL 32202",http://www.thegreenhousebar.com/,jacksonville,no_store_page
7 Brew Coffee,"7788 Normandy Blvd, Jacksonville, FL 32221",https://7brew.com/location/florida-jacksonville-000041,jacksonville,no_store_page
Spruce,"3644 Post St, Jacksonville, FL 32205",https://sprucejax.com/,jacksonville,no_store_page
ChokoLatte Cafe & Bakery,"1704 Southside Blvd Suite 8, Jacksonville, FL 32216",https://chokolatte.com/,jacksonville,no_store_page
"Daily Dose Craft Bar, Inc","11643 Beach Blvd B, Jacksonville, FL 32246",http://dailydosejax.com/,jacksonville,no_store_page
The Coffee Grinder,"9834 Old Baymeadows Rd, Jacksonville, FL 32256",http://www.thecoffeegrinderjax.com/,jacksonville,no_shop
Ellianos Coffee,"235 Harper Ln, St Johns, FL 32259",https://ellianos.com/,jacksonville,no_store_page
Ra Coffee Company - NAS JAX,"2080 Child St, Jacksonville, FL 32212",https://racoffeecompany.com/,jacksonville,no_store_page
1985 Coffee Shop & Events,"1985 Mayport Rd, Atlantic Beach, FL 32233",https://1985-coffee.square.site/,jacksonville,no_store_page
Sago Coffee,"318 7th Ave N, Jacksonville Beach, FL 32250",https://www.sagocoffeejax.com/,jacksonville,no_store_page
BREW Five Points,"1024 Park St, Jacksonville, FL 32204",http://brewfivepoints.co/,jacksonville,no_store_page
The Wave At Jax Beach,"1108 3rd St S, Jacksonville Beach, FL 32250",https://thewaveatjaxbeach.com/#,jacksonville,no_coffee_keywords
1748 Bakehouse,"1748 N Main St, Jacksonville, FL 32206",http://www.1748bakehouse.com/,jacksonville,no_coffee_keywords
Nordstrom Ebar Artisan Coffee,"4835 Town Crossing Dr, Jacksonville, FL 32246",https://www.nordstrom.com/store-details/nordstrom-st-john-town-center?utm_source=google&utm_medium=organic&utm_campaign=food&utm_content=26789&utm_channel=low_nd_seo_local&sp_source=google&sp_campaign=food,jacksonville,no_coffee_keywords
Red Owl Coffee Company,"5720 University Blvd W, Jacksonville, FL 32216",https://www.redowlcoffee.com/locations/jacksonville/,jacksonville,no_store_page
Ink Factory Coffee Shop,"602 Shetter Ave, Jacksonville Beach, FL 32250",https://www.inkfactorybrewing.com/coffee,jacksonville,no_store_page
Noah's Agape Cafe,"102 FL-13 Suite 2, Fruit Cove, FL 32259",https://www.noahsagapecafe.org/,jacksonville,no_shop
Sunrise Brew Coffee,"3531 N Ponce De Leon Blvd, St. Augustine, FL 32084",https://sunrisebrewcoffee.com/,st. augustine,no_store_page
Myth & Legend,"88 Charlotte St, St. Augustine, FL 32084",https://mythandlegend.coffee/pages/st-augustine-fl,st. augustine,no_store_page
St. Augustine Coffee House,"6 St George St suite 107, St. Augustine, FL 32084",https://www.staugcoffee.com/,st. augustine,no_shop
Maracuya by Llama Restaurant,"260 W King St, St. Augustine, FL 32084",https://www.maracuyabyllama.com/,st. augustine,no_shop
Sweetwater Coffee Bar and Gallery,"8 Granada St, St. Augustine, FL 32084",https://sweetwatercoffeebarandgallery.com/,st. augustine,no_store_page
Cornerstone Cafe,"117 M L King Ave, St. Augustine, FL 32084",http://cornerstonecafestaugustine.com/,st. augustine,no_store_page
The Local Refillery,"226 W King St, St. Augustine, FL 32084",http://thelocalrefillery.com/,st. augustine,no_store_page
Coffee House Realty Cafe,"47 San Marco Ave, St. Augustine, FL 32084",https://coffeehouserealtycafe.com/,st. augustine,no_store_page
City Perks Coffee Co.,"15 St George St, St. Augustine, FL 32084",http://www.cityperkscoffee.com/,st. augustine,scrape_failed
Pour Mike's Coffee House,"1515 County Rd 210 Suite 101, St Johns, FL 32259",http://pour-mikes-coffee-house-109370.square.site/,st. augustine,no_store_page
Kutie Café,"125 Center Pl Way Ste 102, St. Augustine, FL 32095",https://tinyurl.com/yc8ej8c3,st. augustine,no_coffee_keywords
Cultivate Tea and Spice Co.,"6350 FL-16A, St. Augustine, FL 32092",http://cultivateteaandspice.com/,st. augustine,no_store_page
Crucial Coffee,"26 Charlotte St, St. Augustine, FL 32084",https://crucial-coffee.square.site/,st. augustine,no_store_page
Palatka Coffee Co.,"3711 Crill Ave, Palatka, FL 32177",http://palatkacoffeeco.com/,st. augustine,no_store_page
Ragga Surf Cafe,"134 Riberia St, St. Augustine, FL 32084",http://www.raggasurfcafe.com/,st. augustine,no_store_page
Fresh Market Island,"1830 A1A S, St. Augustine, FL 32080",https://freshmarketislandsta.com/,st. augustine,no_coffee_keywords
La Taza Coffee & More,"3915 A1A S #103, St. Augustine, FL 32080",http://latazacoffeeshop.com/,st. augustine,no_shop
Yes Coffee,"213 S 2nd St #2, Flagler Beach, FL 32136",https://yescoffeeco.square.site/,st. augustine,no_store_page
Hastings Coffee Co,"308A N Main St, Hastings, FL 32145",http://hastingscoffeeco.com/,st. augustine,no_store_page
ADDRESS COFFEE,"3676 N Ponce De Leon Blvd Unit 0, St. Augustine, FL 32084",http://www.findaddress.coffee/,st. augustine,no_store_page
Spinster Abbott's - Coffee Shop and Tap Room,"61 San Marco Ave, St. Augustine, FL 32084",https://www.spinsterabbotts.com/,st. augustine,no_shop
Three Ships Coffee Roasters,"607 19th St, Virginia Beach, VA 23451",http://www.threeshipscoffee.com/,fernandina beach,wrong_region
Little Waves Coffee Roasters,"2013 Chapel Hill Rd Suite A, Durham, NC 27707",https://littlewaves.coffee/collections,fernandina beach,wrong_region
JDBrews,"506 Charleston Way, St Marys, GA 31558",https://www.jdbrews.com/,fernandina beach,wrong_region
Coastal Coffee Supply,"95140 Colnago Ct, Fernandina Beach, FL 32034",https://coastalcoffeegourmet.com/,fernandina beach,no_shop
Amelia Island Coffee,"207 Centre St, Fernandina Beach, FL 32034",http://ameliaislandcoffee.com/,fernandina beach,no_shop
Mocama Coffee,"629 S 8th St Suite B, Fernandina Beach, FL 32034",https://mocama.com/location/mocama-coffee/,fernandina beach,no_store_page
Holy Grounds Coffee House,"960185 Gateway Blvd STE 105, Fernandina Beach, FL 32034",https://holycoffeehouse.com/,fernandina beach,no_shop
Selina’s FriendSip Cafe,"850895 US-17, Yulee, FL 32097",https://www.selinasfriendsips.com/,fernandina beach,no_shop
Southern Blend Yulee,"463179 FL-200, Yulee, FL 32097",https://southern-blend-yulee.square.site/,fernandina beach,no_store_page
Colonial Coffee Roasters Inc,"3250 NW 60th St, Miami, FL 33142",http://www.colonialcoffee.com/,fernandina beach,no_store_page
Magnolia’s Cafe,"1480 Sadler Rd, Fernandina Beach, FL 32034",https://magnoliascafe.co/,fernandina beach,no_shop
Marché Côtier,"5 S 2nd St, Fernandina Beach, FL 32034",https://www.marchecotierfb.com/,fernandina beach,no_shop
Hola Cuban Cafe,"31 S 5th St, Fernandina Beach, FL 32034",http://www.holacubancafe.com/,fernandina beach,no_shop
Watanut,"118 Centre St, Fernandina Beach, FL 32034",https://watanut.com/,fernandina beach,no_coffee_keywords
Leddy's Porch,"22 S 3rd St, Fernandina Beach, FL 32034",http://floridahouse.com/,fernandina beach,no_coffee_keywords
Bantam & Biddy,"4802 1st Coast Hwy #470, Fernandina Beach, FL 32034",https://bantamandbiddy4802firstcoasthighway.hrpos.heartland.us/menu,fernandina beach,no_shop
1928 Cuban Bistro - Fernandina Beach,"122 S 8th St, Fernandina Beach, FL 32034",http://www.1928bistro.com/,fernandina beach,no_shop
Gahwa Café,"Harbor village plaza, 13475 Atlantic Blvd STE 34, Jacksonville, FL 32225",http://gahwacafe.org/,fernandina beach,no_shop
Marché Burette,"85 Amelia Village Cir, Fernandina Beach, FL 32034",https://www.omnihotels.com/hotels/amelia-island/dining/marche-burette-deli?utm_source=gmblisting&utm_medium=organic,fernandina beach,no_coffee_keywords
Burlingame,"20 S 5th St, Fernandina Beach, FL 32034",http://burlingamerestaurant.com/,fernandina beach,no_coffee_keywords
First Drop Coffee House,"4750 Amelia Island Pkwy, Fernandina Beach, FL 32034",https://www.taptastego.com/JAXAM/outlet/order/e1b75bcb-2774-4a74-923b-898b58a74cb8,fernandina beach,no_coffee_keywords
Cafe Karibo,"27 N 3rd St, Fernandina Beach, FL 32034",https://www.cafekaribo.com/,fernandina beach,no_store_page
The Ninth Hour Coffee Roasters,"364 W Macclenny Ave, Macclenny, FL 32063",http://ninthhourcoffee.com/,fernandina beach,no_store_page
The Spice & Tea Exchange of Fernandina Beach,"316 Centre St, Fernandina Beach, FL 32034",http://spiceandtea.com/fernandinabeach,fernandina beach,no_store_page
The Sound Cafe,"528 S 8th St unit 3, Fernandina Beach, FL 32034",https://thesoundcafefl.com/,fernandina beach,no_shop
Third Wave Cafe & Wine Bar,"204 Flagler Ave, New Smyrna Beach, FL 32169",http://www.thirdwavensb.com/,fernandina beach,no_shop
Third Place Coffee Lounge,"325 NE Spanish River Blvd, Boca Raton, FL 33431",http://www.thirdplacecoffeelounge.com/,fernandina beach,no_store_page
Story & Song Bookstore Bistro / Center for Arts & Culture,"1430 Park Ave, Fernandina Beach, FL 32034",http://storyandsongarts.org/,fernandina beach,no_store_page
Anna Maria Island Coffee Shack,"5500 Marina Dr, Holmes Beach, FL 34217",https://annamariaislandcoffeeshack.square.site/,fernandina beach,no_store_page
Dignity Roasters,"98 NE 9th St, Ocala, FL 34470",https://dignityroasters.com/,fernandina beach,no_store_page
The Coffee Culture,"3045 N Federal Hwy Unit 60G, Fort Lauderdale, FL 33306",https://www.thecoffeeculture.com/,fernandina beach,no_store_page
Carew's Coffeehouse,"10 S E Coast St, Lake Worth Beach, FL 33460",https://carewscoffeehouse.com/,fernandina beach,no_store_page
Marlin & Barrel Distillery,"232 S 8th St, Fernandina Beach, FL 32034",https://www.marlinandbarreldistillery.com/,fernandina beach,no_coffee_keywords
First Love Brew Pub,"22 S 8th St, Fernandina Beach, FL 32034",http://firstlovebrewing.com/,fernandina beach,no_store_page
South Beach Coffee Co,"600 Lake Ave, Lake Worth Beach, FL 33460",http://southbeachcoffeeco.com/,fernandina beach,no_store_page
The Happy Tomato Courtyard Café & BBQ,"7 S 3rd St, Fernandina Beach, FL 32034",http://www.thehappytomatocafe.com/,fernandina beach,no_shop
Standing Wave Coffee,"2024 Sarah St, Pittsburgh, PA 15203",https://www.standingwavecoffee.com/,orange park,wrong_region
Black Rifle Coffee Company,"1619 County Rd 220, Orange Park, FL 32003",https://www.blackriflecoffee.com/retail/orange-park-retail,orange park,no_store_page
The Urban Bean Coffeehouse Cafe,"2023 Park Ave, Orange Park, FL 32073",https://www.theurbanbeancoffeehouse.com/,orange park,no_store_page
Rummies & Yummies: Bakery & Coffee Bar (AKA The Lab Bakery & Coffee Bar),"Wells Crossing, 1580 Wells Rd STE 7, Orange Park, FL 32073",http://www.rummiesandyummies.com/,orange park,no_store_page
Swamp Donkey Roastery,"349 W Dearborn St., Englewood, FL 34223",https://swampdonkeyroastery.com/,orange park,no_store_page
"RUSSELL COFFEY, WEICHERT REALTORS THE COFFEY GROUP","1855 Wells Rd STE 8, Orange Park, FL 32073",https://www.homesnap.com/RUSSELL-COFFEY/gmb,orange park,no_coffee_keywords
Royal Moose Coffee Company,"2441 Blanding Blvd, Middleburg, FL 32068",http://www.royalmoosecoffeeco.net/,orange park,no_shop
Natural Kitchen,"1910 Wells Rd, Orange Park, FL 32073",https://naturalkitchenusa.com/,orange park,no_coffee_keywords
Fontana Coffee & Tea,"1220 Atlanta Ave, Orlando, FL 32806",http://fontanacoffeeandtea.com/,orange park,no_store_page
Whisk Café Sweet & Savory,"190 S Lawrence Blvd, Keystone Heights, FL 32656",https://order.rezku.com/whiskcafe-sweetnsavory,orange park,no_shop
Latin Creations,"3505 St Johns Bluff Rd S, Jacksonville, FL 32224",https://www.latin-creations.com/,orange park,no_coffee_keywords
Metro Diner,"2034 Kingsley Ave, Orange Park, FL 32073",https://metrodiner.com/locations/florida/orange-park/?utm_source=gmb-listing-map&utm_medium=organic&utm_campaign=google-my-business,orange park,no_coffee_keywords
Cracker Barrel Old Country Store,"4272 Eldridge Loop, Orange Park, FL 32073",https://www.crackerbarrel.com/Locations/States/fl/orange-park/157/?utm_source=google&utm_medium=maps&utm_campaign=crackerbarrelurl,orange park,no_coffee_keywords
Grumpy's Restaurant,"Grumpy's Restaurant, 834 Kingsley Ave, Orange Park, FL 32073",https://www.grumpysrestaurantco.com/,orange park,no_store_page
The Coffee Snob Roaster,"1101 W N Blvd Ste #1, Leesburg, FL 34748",http://thecoffeesnobfl.com/,orange park,no_store_page
Artisan Furniture & Finds,"1329 Park Ave, Orange Park, FL 32073",https://artisanorangepark.com/,orange park,no_coffee_keywords
Orange Park Farmers' & Arts Market,"2042 Park Ave, Orange Park, FL 32073",http://orangeparkmarket.com/,orange park,no_coffee_keywords
Aroma Ridge Coffee Roasters,"1831 W Oak Pkwy # C, Marietta, GA 30062",http://aromaridge.com/,palatka,wrong_region
Standing Wave Coffee,"2024 Sarah St, Pittsburgh, PA 15203",https://www.standingwavecoffee.com/,palatka,wrong_region
The Magnolia,"705 St Johns Ave, Palatka, FL 32177",https://www.themagnoliapalatka.com/,palatka,no_store_page
The Jacked Up Bean,"222 St Joe Plaza Dr, Palm Coast, FL 32164",http://thejackedupbean.coffee/,palatka,no_shop
Publix Super Market at Town and Country Shopping Center,"171 Town and Country Dr, Palatka, FL 32177",https://www.publix.com/?setstorenumber=727&utm_medium=maps&utm_source=extendednetwork&utm_content=psm_website_url,palatka,no_coffee_keywords
Huddle House,"3909 Crill Ave, Palatka, FL 32177",https://huddlehouse.com/locations/fl/palatka/3909-crill-ave,palatka,no_coffee_keywords
Hometown Grounds Coffee Co.,"138 E Call St, Starke, FL 32091",https://www.hometowngrounds.com/,palatka,no_store_page
Two Sisters Coffee Co.,"25250 W Newberry Rd, Newberry, FL 32669",https://twosisters-coffeeco.com/?fbclid=PAZXh0bgNhZW0CMTEAAaaW1ofHYQUQUdwm6Y7a8hyYIZIjkoUl4XiCmuSoa188hqUDOw1WBp99u9Y_aem_AfZfF-zJ2b1QbqsUFPTvajUlwCtpVKVaj52couJfxoPStfZKCuyfFscJexwoGSAlVYIV9QLDA_7wMIVGXnKc4L7K,palatka,scrape_failed
Resident Coffee,"4401 NW 25th Pl. STE J, Gainesville, FL 32606",https://orderahead.resident.coffee/,palatka,no_shop
Doxa Coffee Co.,"15551 NW US Hwy 441 #7, Alachua, FL 32615",http://doxacoffee.co/,palatka,no_store_page
"Moschetti Artisan Roaster (Wholesale, Retail, Cafe and Online Shop)","11 6th St, Vallejo, CA 94590",http://www.moschetti.com/,green cove springs,wrong_region
3rd Cup,"16 S Barrett Square #5c, Alys Beach, FL 32461",http://3rdcupcoffee.com/,green cove springs,no_shop
Blazing Bean Roasters,"22151 US Hwy 19 N, Clearwater, FL 33759",http://www.blazingbean.com/,green cove springs,no_store_page
Florida Coffee Peddler,"324 Cameron Dr, Ponte Vedra Beach, FL 32081",https://www.floridacoffeepeddler.com/?utm_source=google&utm_medium=wix_google_business_profile&utm_campaign=3052920919634233113,green cove springs,no_store_page
Bold Cup Coffee Roasters,"875 S Babcock St, Melbourne, FL 32901",http://www.boldcupcoffee.com/s/order,green cove springs,no_store_page
Strangely Warmed Coffee Roasters,"with entrance on, 161 S Commerce Ave, S Mango St Suite B, Sebring, FL 33870",https://strangelywarmed.com/,green cove springs,no_store_page
Cedarburg Coffee Roastery,"W62 N603 Washington Ave, Cedarburg, WI 53012",http://www.cedarburgcoffee.com/,middleburg,wrong_region
Grafton Arts Mill Coffee Roastery,"1300 14th Ave, Grafton, WI 53024",http://www.cedarburgcoffee.com/,middleburg,wrong_region
Black Creek Cafe,"2696 Blanding Blvd, Middleburg, FL 32068",http://black-creek-cafe-middleburg.edan.io/,middleburg,no_shop
Craft & Common,"47 E Robinson St UNIT 100, Orlando, FL 32801",http://www.craftandcommon.com/,middleburg,no_store_page
Starbucks Coffee Company,"1795 Blanding Blvd, Middleburg, FL 32068",https://www.starbucks.ca/store-locator/store/1031147/,middleburg,no_store_page
JDBrews,"506 Charleston Way, St Marys, GA 31558",https://www.jdbrews.com/,yulee,wrong_region
Awaken Coffee Co.,"3866 Osborne Rd, St Marys, GA 31558",https://awakencoffeeco.online/,yulee,wrong_region
"Caruso's Coffee, Inc.","6100 W Snowville Rd, Brecksville, OH 44141",http://www.carusoscoffee.com/,yulee,wrong_region
SoulShine Roasting Company,"2994 Carlisle Rd, Dover, PA 17315",https://soulshineroasting.com/,yulee,wrong_region
Awaken Coffee Co.,"3866 Osborne Rd, St Marys, GA 31558",https://awakencoffeeco.online/,yulee,wrong_region
SJ Brewing Co,"463646 FL-200 Suite 13, Yulee, FL 32097",https://sjbrewingco.com/,yulee,no_store_page
Southern Donut Company Yulee,"463852 FL-200 suite b, Yulee, FL 32097",https://southerndonutcompany.com/,yulee,no_shop
Panera Bread,"463861 FL-200, Yulee, FL 32097",https://www.panerabread.com/en-us/cafe/locations/fl/yulee/463861-state-road-200?utm_medium=local&utm_source=google&utm_campaign=dpm-dist&utm_term=601673&utm_content=main,yulee,no_store_page
Sweet As Cyn Coffee House & Donuts,"542432 US-1, Callahan, FL 32011",https://sweetascyn.square.site/,yulee,no_shop
3rd Wave Coffee Roasters,"215 W King St #3, St. Augustine, FL 32084",https://3rdwavecoffee.com/,louisville,wrong_region
Artisan Coffee,"662 Canton Rd, Akron, OH 44312",http://www.artisancoffee.us/,louisville,wrong_region
Hinterhof Coffee Rösteri,"1008 E Oak St B, Louisville, KY 40204",http://www.hinterhofcoffee.com/,louisville,no_shop
Brew & Sip Express,"1405 W Broadway Suite 105, Louisville, KY 40202",https://www.brewandsipcoffeebar.com/,louisville,no_store_page
Phalcha Coffee,"1001 Mary St, Louisville, KY 40204",https://www.instagram.com/phalcha_coffee/?utm_term=loutoday&utm_campaign=daily-newsletter&utm_medium=newsletter&utm_source=loutoday&utm_content=loutoday,louisville,no_shop
Bean Roastery and Cafe,"1138 Goss Ave, Louisville, KY 40217",http://beangtown.com/,louisville,no_store_page
Barista Parlor 500W,"500 W Jefferson St, Louisville, KY 40202",http://www.baristaparlor.com/,louisville,no_coffee_keywords
Blak Koffee,"1219 W Jefferson St, Louisville, KY 40203",https://www.blakkoffee.com/,louisville,no_shop
Billion Cup Coffee Louisville,"1812 Brownsboro Rd, Louisville, KY 40206",https://www.billioncup.com/,louisville,no_coffee_keywords
Abol Coffee & Bistro (a.k.a. Abol Cafe),"102 1/2 Cannons Ln, Louisville, KY 40206",https://www.abollouisville.com/,louisville,no_coffee_keywords
Bamboo Coffee & Donuts,"2400 Lime Kiln Ln a1, Louisville, KY 40222",https://www.bamboosweets.com/,louisville,no_store_page
The Local Press Coffee,"435 N Bardstown Rd Suite 4, Mt Washington, KY 40047",https://www.facebook.com/TheLocalPressCoffee?mibextid=LQQJ4d,louisville,no_shop
Ntaba Coffee Haus on Brownsboro,"2407 Brownsboro Rd, Louisville, KY 40206",http://www.ntabacoffee.haus/,louisville,no_shop
Prima Coffee Equipment,"4603 Poplar Level Rd #2, Louisville, KY 40213",https://prima-coffee.com/,louisville,no_store_page
Cedar Grove Coffee House,"142 Buffalo Run Rd, Shepherdsville, KY 40165",http://www.cedargrovecoffeehouse.com/,louisville,no_store_page
The Hotel Marty,"1737 Frankfort Ave, Louisville, KY 40206",http://www.thehotelmarty.com/,louisville,no_shop
Arnold's Coffee,"1822 Dressage Cir, Louisville, KY 40245",http://www.arnoldscoffee.com/,louisville,no_store_page
Grounds for Hope Cafe,"11605 Hazelwood Rd, Anchorage, KY 40223",http://groundsforhope.cafe/,louisville,no_shop
7 Brew Coffee,"7609 Bardstown Rd, Louisville, KY 40291",https://7brew.com/location/kentucky-louisville-000322,louisville,no_store_page
The Breeze Wine & Coffee,"1247 S Shelby St, Louisville, KY 40203",http://www.thebreezewine.com/,louisville,no_coffee_keywords
"Please & Thank You ""MARK""","800 E Market St, Louisville, KY 40206",http://www.wearepleaseandthankyou.com/,louisville,no_store_page
KIWA Teahouse Coffee shop,"2235 Frankfort Ave Suite #104, Louisville, KY 40206",https://www.kiwausa.com/,louisville,no_coffee_keywords
Whirling Tiger Coffee,"1335 Story Ave, Louisville, KY 40206",https://www.whirlingtigercoffee.com/,louisville,no_shop
Full Stop Station,"1132 E St Catherine St, Louisville, KY 40204",http://www.fullstopstation.com/,louisville,no_store_page
Crescent Hill Coffee,"2714 Frankfort Ave, Louisville, KY 40206",http://eggsoverfrankfortcrescenthillcoffee.com/,louisville,no_store_page
Garage Coffee Roastery & Cafe,"107 Lincoln Way, Bardstown, KY 40004",http://www.garagecoffeeroastery.com/,louisville,no_shop
Monet's,"2204 Dundee Rd, Louisville, KY 40205",https://www.monetsmarketlou.com/,louisville,no_shop
Colonel Roosters - Scones n' Bean Haus,"220 Mt Mercy Dr, Pewee Valley, KY 40056",https://colonelroosterssconesnbeanhaus.com/,louisville,no_shop
Blue Dog Bakery & Cafe,"2868 Frankfort Ave, Louisville, KY 40206",http://www.bluedogbakeryandcafe.com/,louisville,no_store_page
Coffee Crossing,"228 Spring St Ste 105, Jeffersonville, IN 47130",http://coffeecrossing.com/,jeffersonville,wrong_region
Rural Beans Roastery,"13107 E Walnut St, Jeffersonville, OH 43128",https://www.ruralbeansroastery.com/pages/contact,jeffersonville,wrong_region
Pearl Street Game & Coffee House,"405 Pearl St, Jeffersonville, IN 47130",http://www.gameandcoffee.com/,jeffersonville,wrong_region
Coffee Crossing,"410 Patrol Rd, Jeffersonville, IN 47130",http://www.coffeecrossing.com/,jeffersonville,wrong_region
Coffee Crossing,"410 Patrol Rd, Jeffersonville, IN 47130",http://www.coffeecrossing.com/,jeffersonville,wrong_region
Coffee Crossing,"228 Spring St Ste 105, Jeffersonville, IN 47130",http://coffeecrossing.com/,jeffersonville,wrong_region
Pearl Street Game & Coffee House,"405 Pearl St, Jeffersonville, IN 47130",http://www.gameandcoffee.com/,jeffersonville,wrong_region
3rd Wave Coffee Roasters,"215 W King St #3, St. Augustine, FL 32084",https://3rdwavecoffee.com/,jeffersonville,wrong_region
Kinship Roasters,"16955 Forest Rd Ste G, Forest, VA 24551",http://kinship.coffee/,jeffersonville,wrong_region
Coffee Crossing,"228 Spring St Ste 105, Jeffersonville, IN 47130",http://coffeecrossing.com/,jeffersonville,wrong_region
Rural Beans Roastery,"13107 E Walnut St, Jeffersonville, OH 43128",https://www.ruralbeansroastery.com/pages/contact,jeffersonville,wrong_region
Coffee Crossing,"410 Patrol Rd, Jeffersonville, IN 47130",http://www.coffeecrossing.com/,jeffersonville,wrong_region
Pearl Street Game & Coffee House,"405 Pearl St, Jeffersonville, IN 47130",http://www.gameandcoffee.com/,jeffersonville,wrong_region
"Moschetti Artisan Roaster (Wholesale, Retail, Cafe and Online Shop)","11 6th St, Vallejo, CA 94590",http://www.moschetti.com/,jeffersonville,wrong_region
Charlestown Coffee & Cream,"830 Main St, Charlestown, IN 47111",http://charlestowncoffee.square.site/,jeffersonville,wrong_region
Non-Fiction Coffee Co.,"402 Cahaba Valley Cir, Pelham, AL 35124",http://nonfictioncoffee.org/,jeffersonville,wrong_region
Clarksville Peddlers Mall,"1416 Blackiston Mill Rd, Clarksville, IN 47129",http://www.buypeddlersmall.com/,jeffersonville,wrong_region
Kolkin Coffee,"2736 Charlestown Rd #5, New Albany, IN 47150",https://kolkin.coffee/,jeffersonville,wrong_region
Meijer,"2750 Allison Ln, Jeffersonville, IN 47130",https://www.meijer.com/shopping/store-locator/167.html?cmpid=LM:Web::::05112021::GoogleGrocery,jeffersonville,wrong_region
Coffee Crossing,"140 E Main St, New Albany, IN 47150",http://coffeecrossing.com/,jeffersonville,wrong_region
Thirdwave Coffee,"Steenbok Rd, Langeberg Ridge, Cape Town, 7550, South Africa",http://www.thirdwavecoffee.co.za/,jeffersonville,no_store_page
Kentucky Coffeetree Cafe,"235 W Broadway St, Frankfort, KY 40601",https://order.kentuckycoffeetree.com/,jeffersonville,no_store_page
Safai Coffee Bar,"1001 Logan St, Louisville, KY 40204",http://safaicoffeebar.shopsettings.com/,jeffersonville,no_coffee_keywords
Roast Coffee Bar,"136 2nd St Suite 100, Henderson, KY 42420",http://www.roastcoffeebarky.com/,jeffersonville,no_shop
Talk Coffee Roasters,"1423 E Oak St, New Albany, IN 47150",http://www.talkcoffeeroasters.com/,new albany,wrong_region
Cultivated Table and Sip House,"133 E Market St, New Albany, IN 47150",http://cultivatedtable.com/,new albany,wrong_region
Kolkin Coffee,"2736 Charlestown Rd #5, New Albany, IN 47150",https://kolkin.coffee/,new albany,wrong_region
"High Point Roasters, Inc.","603 MS-15, New Albany, MS 38652",http://highpointroasters.com/,new albany,wrong_region
Weekend Coffee Roasters (Warehouse),"1137 SW 11th Ave, Albany, OR 97321",http://www.weekend-roasters.com/,new albany,wrong_region
Viva Coffee Roasters,"1979 Madison Rd, Cincinnati, OH 45208",https://www.vivacoffeeroasters.com/contact,new albany,wrong_region
Seven Hills Coffee Roasters,"11094 Deerfield Rd, Cincinnati, OH 45242",http://www.sevenhillscoffee.com/,new albany,wrong_region
The Red Roaster Coffee & Eatery,"100 W Main St, Madison, IN 47250",https://www.redroastercoffee.com/?y_source=1_MTA0NjExODY0My03MTUtbG9jYXRpb24ud2Vic2l0ZQ%3D%3D,new albany,wrong_region
Coffee Crossing,"6671 US-150, Floyds Knobs, IN 47119",https://www.coffeecrossing.com/,new albany,wrong_region
Starlight Coffee Co.,"3131 Grant Line Rd, New Albany, IN 47150",https://www.starlightcoffeeco.com/,new albany,wrong_region
Iron Coffee Co,"811 Madison Ave, Albany, NY 12208",http://ironcoffeecompany.com/,new albany,wrong_region
Touchy Coffee,"625 River St, Troy, NY 12180",http://www.touchycoffee.com/,new albany,wrong_region
Coffee Crossing,"4212 Charlestown Rd # 5, New Albany, IN 47150",http://www.coffeecrossing.com/,new albany,wrong_region
Starlight Coffee Co. & Roastery,"7613 Old Indiana 60, Sellersburg, IN 47172",http://starlightcoffeeco.com/,new albany,wrong_region
3rd Wave Coffee Roasters,"215 W King St #3, St. Augustine, FL 32084",https://3rdwavecoffee.com/,new albany,wrong_region
Talk Coffee Roasters,"1423 E Oak St, New Albany, IN 47150",http://www.talkcoffeeroasters.com/,new albany,wrong_region
New Wave Coffee Roasters,"2405 Lyndon Ave #121, Chattanooga, TN 37415",http://www.newwave-chatt.com/,new albany,wrong_region
"High Point Roasters, Inc.","603 MS-15, New Albany, MS 38652",http://highpointroasters.com/,new albany,wrong_region
Bloom Coffee,"845 E 15th St, New Albany, IN 47150",https://brewedbybloom.com/,new albany,wrong_region
Viva Coffee Roasters,"1979 Madison Rd, Cincinnati, OH 45208",https://www.vivacoffeeroasters.com/contact,new albany,wrong_region
East African Coffee House,"4359 Morse Rd, Columbus, OH 43230",http://www.eastafricancoffeehouse.com/,new albany,wrong_region
Cultivated Table and Sip House,"133 E Market St, New Albany, IN 47150",http://cultivatedtable.com/,new albany,wrong_region
The Red Roaster Coffee & Eatery,"100 W Main St, Madison, IN 47250",https://www.redroastercoffee.com/?y_source=1_MTA0NjExODY0My03MTUtbG9jYXRpb24ud2Vic2l0ZQ%3D%3D,new albany,wrong_region
Seven Hills Coffee Roasters,"11094 Deerfield Rd, Cincinnati, OH 45242",http://www.sevenhillscoffee.com/,new albany,wrong_region
Coffee Crossing,"4212 Charlestown Rd # 5, New Albany, IN 47150",http://www.coffeecrossing.com/,new albany,wrong_region
Highwire Coffee Roasters,"at Flowerland, 1330 Solano Ave, Albany, CA 94706",http://www.highwirecoffee.com/,new albany,wrong_region
Kolkin Coffee,"2736 Charlestown Rd #5, New Albany, IN 47150",https://kolkin.coffee/,new albany,wrong_region
Maple Leaf Coffee Roasters (Roaster Location),"352 Irving Park Rd, Roselle, IL 60172",https://mapleleafroasters.com/,new albany,wrong_region
Coffee Crossing,"140 E Main St, New Albany, IN 47150",http://coffeecrossing.com/,new albany,wrong_region
Touchy Coffee,"625 River St, Troy, NY 12180",http://www.touchycoffee.com/,new albany,wrong_region
Needmore Coffee Roasters,"104 N Pete Ellis Dr Suite E, Bloomington, IN 47408",http://www.needmoreroasters.com/,new albany,wrong_region
Refuge Coffee Roastery,"314 S Greeno Rd, Fairhope, AL 36532",https://www.refugecoffeeroasters.com/,new albany,wrong_region
"High Point Roasters, Inc.","603 MS-15, New Albany, MS 38652",http://highpointroasters.com/,new albany,wrong_region
Viva Coffee Roasters,"1979 Madison Rd, Cincinnati, OH 45208",https://www.vivacoffeeroasters.com/contact,new albany,wrong_region
Cultivated Table and Sip House,"133 E Market St, New Albany, IN 47150",http://cultivatedtable.com/,new albany,wrong_region
Talk Coffee Roasters,"1423 E Oak St, New Albany, IN 47150",http://www.talkcoffeeroasters.com/,new albany,wrong_region
Seven Hills Coffee Roasters,"11094 Deerfield Rd, Cincinnati, OH 45242",http://www.sevenhillscoffee.com/,new albany,wrong_region
Bloom Coffee,"845 E 15th St, New Albany, IN 47150",https://brewedbybloom.com/,new albany,wrong_region
Kolkin Coffee,"2736 Charlestown Rd #5, New Albany, IN 47150",https://kolkin.coffee/,new albany,wrong_region
Texas Artisan Roasters,"1937 I 35 N Frontage Rd ste 108, New Braunfels, TX 78130",https://texasartisanroasters.com/,new albany,wrong_region
Artisan Coffee,"662 Canton Rd, Akron, OH 44312",http://www.artisancoffee.us/,new albany,wrong_region
Starlight Coffee Co.,"3131 Grant Line Rd, New Albany, IN 47150",https://www.starlightcoffeeco.com/,new albany,wrong_region
Iron Coffee Co,"811 Madison Ave, Albany, NY 12208",http://ironcoffeecompany.com/,new albany,wrong_region
"Moschetti Artisan Roaster (Wholesale, Retail, Cafe and Online Shop)","11 6th St, Vallejo, CA 94590",http://www.moschetti.com/,new albany,wrong_region
Needmore Coffee Roasters,"104 N Pete Ellis Dr Suite E, Bloomington, IN 47408",http://www.needmoreroasters.com/,new albany,wrong_region
Coffee Crossing,"4212 Charlestown Rd # 5, New Albany, IN 47150",http://www.coffeecrossing.com/,new albany,wrong_region
Highwire Coffee Roasters,"at Flowerland, 1330 Solano Ave, Albany, CA 94706",http://www.highwirecoffee.com/,new albany,wrong_region
Rooted Grounds Coffee Company,"757 Reading Rd, Mason, OH 45040",http://www.rgcoffee.com/,new albany,wrong_region
Stride Coffee Roasters,"2 Campion Rd #6, New Hartford, NY 13413",http://stridecoffeeroasters.com/,new albany,wrong_region
Elliott Coffee,"825 6th Ave, Dayton, KY 41074",https://elliottcafe.com/,new albany,no_store_page
THREEFOLD ROASTERS,No address provided,http://threefoldroasters.com/,new albany,no_store_page
Creative Coffees Fundraising,"2000 Fortune Dr, Winchester, KY 40391",https://www.ccrfundraiser.com/,new albany,no_store_page
Brewtanicals Coffee House and Plant Lounge,"459 Eastern Bypass, Richmond, KY 40475",http://brewtanicalsky.com/,new albany,no_store_page
Margin Coffee Roasters (Santiam Hwy),No address provided,http://www.margincoffee.com/,new albany,no_store_page
Alias Coffee,No address provided,http://aliascoffee.com/,new albany,no_coffee_keywords
Mylke Ltd.,"269 Adams Ave, Island, KY 42350",https://www.mylke.com/,new albany,no_store_page
Hazard Coffee Company,"486 Main St, Hazard, KY 41701",http://www.hazardcoffeecompany.com/,new albany,no_store_page
HeBrews 12 Coffee,"110 S Main St, Morgantown, KY 42261",http://hebrews12coffee.com/,new albany,no_store_page
Battlefield Coffee Co.,"30 W Langdon Rd, Science Hill, KY 42553",http://www.battlefieldcoffeeco.com/,new albany,no_store_page
The Cauldron Cafe,"807 Madison Ave, Covington, KY 41011",http://www.thecauldron.cafe/,new albany,no_shop
Third Wave Coffee Co Indonesia,"Jl. Prof. DR. H. Andi Hakim Nasoetion No.1, Tegallega, Kecamatan Bogor Tengah, Kota Bogor, Jawa Barat 16129, Indonesia",http://desty.page/twcoffee,new albany,no_coffee_keywords
Buzzinga Coffee,"429 Main St, Carrollton, KY 41008",https://www.buzzingacoffee.com/,new albany,no_shop
Revival Coffee Company - Spencer County KY,"103 Realty Rd, Fisherville, KY 40023",https://revivalcoffeesc.com/,new albany,no_store_page
Off The Ground Coffee House,"105 S Main St #3, Lawrenceburg, KY 40342",https://cyrusramsey.com/places/off-the-ground-coffee-house/,new albany,no_store_page
Next Step Cafe,"6999 Shelbyville Rd, Simpsonville, KY 40067",https://m.facebook.com/brickandmortarbandc/,new albany,no_shop
Weathered Oak Farms,"6950 Shelbyville Rd, Simpsonville, KY 40067",http://www.weatheredoakfarms.com/,new albany,no_store_page
Asulon Collective Coffee House,"210 S 3rd St Suite C, Clarksville, TN 37040",https://asuloncollective.com/clarksville-tn-coffee-house,clarksville,wrong_region
Mugsy's Coffee Co,"3291 Fort Campbell Blvd Bldg B, Clarksville, TN 37042",http://mugsysfreshroast.com/,clarksville,wrong_region
Mugsy's Coffee Co M2,"620 Dunlop Ln #123, Clarksville, TN 37040",http://mugsysfreshroast.com/,clarksville,wrong_region
Black Rifle Coffee Company,"2570 Wilma Rudolph Blvd, Clarksville, TN 37040",https://www.blackriflecoffee.com/pages/clarksville-retail,clarksville,wrong_region
Wesbrooks Coffee,"630 Tiny Town Rd Suite 101, Clarksville, TN 37042",https://www.wesbrookscoffee.com/,clarksville,wrong_region
Atlas Coffee and Co,"1590 Walnut Grove Rd, Clarksville, TN 37042",http://www.atlascoffeeandco.com/,clarksville,wrong_region
Artisan Bistro,"1715-D Wilma Rudolph Blvd, Clarksville, TN 37040",https://artisanbistrotn.com/,clarksville,wrong_region
Clarksville Coffee & Real Estate,"103 S Main St, Clarksville, MI 48815",https://www.clarksvillemichigan.com/,clarksville,wrong_region
Two Birds Coffee Co.,"136 S 10th St B, Clarksville, TN 37040",http://twobirdscoffeeco.com/,clarksville,wrong_region
Asulon Collective Coffee House,"210 S 3rd St Suite C, Clarksville, TN 37040",https://asuloncollective.com/clarksville-tn-coffee-house,clarksville,wrong_region
3rd Wave Coffee Roasters,"215 W King St #3, St. Augustine, FL 32084",https://3rdwavecoffee.com/,clarksville,wrong_region
Wesbrooks Coffee,"630 Tiny Town Rd Suite 101, Clarksville, TN 37042",https://www.wesbrookscoffee.com/,clarksville,wrong_region
Cup of Kava,"138 University Ave, Clarksville, TN 37040",https://1cupofkava.com/,clarksville,wrong_region
Golden Wave Cafe,"110 Tiny Town Rd # A, Clarksville, TN 37042",https://www.surfsidesipscoffee.com/,clarksville,wrong_region
Black Rifle Coffee Company,"2570 Wilma Rudolph Blvd, Clarksville, TN 37040",https://www.blackriflecoffee.com/pages/clarksville-retail,clarksville,wrong_region
Beck's Farmhouse Coffee,"3575 Sango Rd, Clarksville, TN 37043",https://becksfarmhousecoffee.com/,clarksville,wrong_region
Flora + Ivy Coffee & Goods,"341 Union St suite b, Clarksville, TN 37040",https://www.floraandivy.com/,clarksville,wrong_region
Mugsy's Coffee Co,"3291 Fort Campbell Blvd Bldg B, Clarksville, TN 37042",http://mugsysfreshroast.com/,clarksville,wrong_region
Khairos Coffee Co.,"329 Warfield Blvd Suite H, Clarksville, TN 37043",https://khairoscoffee.com/,clarksville,wrong_region
Plumb Line Coffee,"124 University Ave, Clarksville, TN 37040",http://plumblinecoffee.com/,clarksville,wrong_region
Atlas Coffee and Co,"1590 Walnut Grove Rd, Clarksville, TN 37042",http://www.atlascoffeeandco.com/,clarksville,wrong_region
Artisan Bistro,"1715-D Wilma Rudolph Blvd, Clarksville, TN 37040",https://artisanbistrotn.com/,clarksville,wrong_region
Mugsy's Coffee Co M2,"620 Dunlop Ln #123, Clarksville, TN 37040",http://mugsysfreshroast.com/,clarksville,wrong_region
The Coffee House South,"115 Excell Rd Ste E, Clarksville, TN 37043",https://the-coffee-house-south.square.site/?owg-fulfillment=pickup&fulfillment=PICKUP&location=11f09766156696d2a4113cecef6dbab4&location_id=LVNTJR6S6T0ZT&rwg_token=ACgRB3fs0yEMqX9jrolfzNGhFqP_QoGAk00IyZEjz4bKklkGyJcZ6FfA2b01PRLV1Vh0Jst-UZYemtK1wSwCYKwyJVOxc3biDA%3D%3D,clarksville,wrong_region
LASATERS Coffee & Tea,"894 TN-76 #101, Clarksville, TN 37043",http://www.lasaterscoffee.com/,clarksville,wrong_region
Blondie and Brownie Coffee,"1549 Ashland City Rd, Clarksville, TN 37040",http://www.blondieandbrowniecoffee.com/,clarksville,wrong_region
LASATERS Coffee & Tea,"2250 Wilma Rudolph Blvd N, Clarksville, TN 37040",http://www.lasaterscoffee.com/,clarksville,wrong_region
Crema Coffee Roasters,"15 Hermitage Ave, Nashville, TN 37210",http://www.cremacoffeeroasters.com/,clarksville,wrong_region
New Wave Coffee Roasters,"2405 Lyndon Ave #121, Chattanooga, TN 37415",http://www.newwave-chatt.com/,clarksville,wrong_region
The Mad Herbalist,"1601 Madison St, Clarksville, TN 37043",http://themadherbalist.com/,clarksville,wrong_region
The Thirsty Goat,"4044 US-41 ALT South, Clarksville, TN 37043",https://www.thirstygoatsango.com/,clarksville,wrong_region
Mug Shot Coffee Co,"111 Strawberry Alley, Clarksville, TN 37040",https://www.mugshotcoffeetn.com/,clarksville,wrong_region
Two Birds Coffee Co.,"136 S 10th St B, Clarksville, TN 37040",http://twobirdscoffeeco.com/,clarksville,wrong_region
Osa Coffee Roasters,"1579 Edgehill Ave, Nashville, TN 37212",https://www.osanashville.com/,clarksville,wrong_region
Goldchild Coffee Roasters,"240 Broadway, San Diego, CA 92101",http://goldchildcoffee.com/,clarksville,wrong_region
FairWave Specialty Coffee Collective HQ,"1801 Oak St, Kansas City, MO 64108",https://fairwave.com/,clarksville,wrong_region
The Vintage Bean Cafe,"1259 Jackson Felts Rd, Joelton, TN 37080",https://vintagebeancafe.com/,clarksville,wrong_region
Matryoshka Coffee,"370 Herron Dr #4, Nashville, TN 37210",http://www.matryoshkacoffee.com/,clarksville,wrong_region
The Fellowship Coffee House,"2944 US-31W #105, White House, TN 37188",https://order.toasttab.com/online/the-fellowship-coffee-house-2944-highway-31-w-5,clarksville,wrong_region
Clarksville Coffee & Real Estate,"103 S Main St, Clarksville, MI 48815",https://www.clarksvillemichigan.com/,clarksville,wrong_region
Beck's Farmhouse Coffee,"8099 Whites Creek Pike, Joelton, TN 37080",http://becksfarmhousecoffee.com/,clarksville,wrong_region
Asulon Collective Coffee House,"210 S 3rd St Suite C, Clarksville, TN 37040",https://asuloncollective.com/clarksville-tn-coffee-house,clarksville,wrong_region
Artisan Bistro,"1715-D Wilma Rudolph Blvd, Clarksville, TN 37040",https://artisanbistrotn.com/,clarksville,wrong_region
Black Rifle Coffee Company,"2570 Wilma Rudolph Blvd, Clarksville, TN 37040",https://www.blackriflecoffee.com/pages/clarksville-retail,clarksville,wrong_region
Atlas Coffee and Co,"1590 Walnut Grove Rd, Clarksville, TN 37042",http://www.atlascoffeeandco.com/,clarksville,wrong_region
Mugsy's Coffee Co,"3291 Fort Campbell Blvd Bldg B, Clarksville, TN 37042",http://mugsysfreshroast.com/,clarksville,wrong_region
Wesbrooks Coffee,"630 Tiny Town Rd Suite 101, Clarksville, TN 37042",https://www.wesbrookscoffee.com/,clarksville,wrong_region
Mugsy's Coffee Co M2,"620 Dunlop Ln #123, Clarksville, TN 37040",http://mugsysfreshroast.com/,clarksville,wrong_region
Lasaters Coffee & Tea,"589 S Riverside Dr, Clarksville, TN 37040",http://www.lasaterscoffee.com/,clarksville,wrong_region
Lasaters Coffee & Tea,"651 Dunlop Ln, Clarksville, TN 37040",http://www.lasaterscoffee.com/,clarksville,wrong_region
Clarksville Coffee & Real Estate,"103 S Main St, Clarksville, MI 48815",https://www.clarksvillemichigan.com/,clarksville,wrong_region
Two Birds Coffee Co.,"136 S 10th St B, Clarksville, TN 37040",http://twobirdscoffeeco.com/,clarksville,wrong_region
Clarksville Downtown Market,"1 Public Square, Clarksville, TN 37040",https://www.cityofclarksville.com/302/Clarksville-Downtown-Market,clarksville,wrong_region
Lasaters Coffee & Tea,"650 Joel Dr, Fort Campbell, KY 42223",https://lasaterscoffee.com/,clarksville,no_store_page
Wiltshire Pantry Bakery and Café - Highlands,"901 Barret Ave, Louisville, KY 40204",http://wiltshirepantry.com/,clarksville,no_store_page
Seven Hills Coffee Roasters,"11094 Deerfield Rd, Cincinnati, OH 45242",http://www.sevenhillscoffee.com/,shively,wrong_region
Reverie Coffee Roasters,"2202 E Douglas Ave, Wichita, KS 67214",http://www.reverieroasters.com/,shively,wrong_region
Iron Bean Coffee Company Roastery & Showroom,"25561 Fort Meigs Rd STE E, Perrysburg, OH 43551",http://www.ironbeancoffee.com/,shively,wrong_region
Tug Hill Artisan Roasters,"7514 S State St, Lowville, NY 13367",http://tughillartisanroasters.com/?utm_source=google&utm_medium=wix_google_business_profile&utm_campaign=8525489665835256488,shively,wrong_region
3rd Wave Coffee Roasters,"215 W King St #3, St. Augustine, FL 32084",https://3rdwavecoffee.com/,shively,wrong_region
Stay Brewed,"4273 Rolling Ridge Dr, St Anthony, IN 47575",http://www.staybrewed.com/,shively,wrong_region
Magnolia Coffee Company,"1418 Industrial Dr, Matthews, NC 28105",https://magnoliacoffeeco.com/,st. matthews,wrong_region
Pearl Street Game & Coffee House,"405 Pearl St, Jeffersonville, IN 47130",http://www.gameandcoffee.com/,st. matthews,wrong_region
3rd Wave Coffee Roasters,"215 W King St #3, St. Augustine, FL 32084",https://3rdwavecoffee.com/,st. matthews,wrong_region
Standing Wave Coffee,"2024 Sarah St, Pittsburgh, PA 15203",https://www.standingwavecoffee.com/,st. matthews,wrong_region
Third Way Coffee House,"3059 W Broad St, Columbus, OH 43204",https://www.thirdwaycoffee.com/,st. matthews,wrong_region
New Wave Coffee Roasters,"2405 Lyndon Ave #121, Chattanooga, TN 37415",http://www.newwave-chatt.com/,st. matthews,wrong_region
Wrecking Ball Coffee Roasters,"2271 Union St, San Francisco, CA 94123",http://www.wreckingballcoffee.com/,st. matthews,wrong_region
Mall St. Matthews,"5000 Shelbyville Rd, Louisville, KY 40207",https://www.mallstmatthews.com/en.html,st. matthews,no_coffee_keywords
Louisville Tea Company,"9305 New La Grange Rd, Lyndon, KY 40242",https://www.louisvilleteacompany.com/,st. matthews,no_coffee_keywords
Shady Lane Cafe,"4806 Brownsboro Center, Louisville, KY 40207",http://shadylaneky.com/,st. matthews,no_shop
Barry Bagels St. Matthews,"4123 Oechsli Ave, St Matthews, KY 40207",http://barrybagels.com/,st. matthews,no_coffee_keywords
North Lime Coffee & Donuts,"1301 Herr Ln # 110, Louisville, KY 40222",http://northlimeorders.net/,st. matthews,no_store_page
Half-Peach Bakery & Cafe,"170 Sears Ave, St Matthews, KY 40207",http://www.halfpeachbakery.com/,st. matthews,no_store_page
Starbucks Coffee Company,"4400 Shelbyville Rd, Louisville, KY 40207",https://www.starbucks.com/store-locator/store/13439/,st. matthews,no_store_page
3rd Wave Coffee Roasters,"215 W King St #3, St. Augustine, FL 32084",https://3rdwavecoffee.com/,bardstown,wrong_region
Goldchild Coffee Roasters,"240 Broadway, San Diego, CA 92101",http://goldchildcoffee.com/,bardstown,wrong_region
TiA Coffee LLC,"300 Village Square Blvd, Honeoye Falls, NY 14472",https://www.tiacoffee.us/,bardstown,wrong_region
FairWave Specialty Coffee Collective HQ,"1801 Oak St, Kansas City, MO 64108",https://fairwave.com/,bardstown,wrong_region
Viva Coffee Roasters,"1979 Madison Rd, Cincinnati, OH 45208",https://www.vivacoffeeroasters.com/contact,bardstown,wrong_region
Third Way Coffee House,"3059 W Broad St, Columbus, OH 43204",https://www.thirdwaycoffee.com/,bardstown,wrong_region
The Roastery: Movement Coffee Roasters + Bakery,"1815 Pucker St Unit 4, Stowe, VT 05672",http://movementcoffee.com/,bardstown,wrong_region
La Terza Artisan Coffee Roasterie,"9176 Winton Rd, Cincinnati, OH 45231",https://www.laterzacoffee.com/,bardstown,wrong_region
Deez Beanz Bardstown,"999 Bloomfield Rd, Bardstown, KY 40004",https://deez-beanz.com/,bardstown,no_shop
"Fresh Coffee, Pastries & More","114 N 3rd St, Bardstown, KY 40004",http://freshcoffeebardstown.com/,bardstown,no_shop
Lem's Cafe,"105 E Flaget St, Bardstown, KY 40004",https://lemscafe.com/,bardstown,no_shop
Shortcrust Coffee and Pastry Bar,"114 Fairfield Hill Rd, Bloomfield, KY 40008",https://www.shortcrustpastrybar.com/,bardstown,no_shop
My Old Kentucky Dinner Train,"602 N 3rd St, Bardstown, KY 40004",https://www.kydinnertrain.com/,bardstown,no_coffee_keywords
Lussi Brown Coffee Bar,"114 Church St, Lexington, KY 40507",https://www.lussibrown.com/,bardstown,no_store_page
The Best Day Play Cafe,"1000 Granite Dr #1, Bardstown, KY 40004",https://thebestdayplaycafe.com/,bardstown,no_store_page
SchoolGrounds Coffee,"237 N Spalding Ave, Lebanon, KY 40033",https://kentuckyclassicarts.com/coffee/,bardstown,no_store_page
Hadorn's Bakery,"118 W Flaget St, Bardstown, KY 40004",https://www.hadornsbakery.com/,bardstown,no_coffee_keywords
Vibe Coffee,"34 Public Square, Elizabethtown, KY 42701",http://www.vibecoffeeshop.com/,bardstown,no_store_page
Bean Cove,"1509 N Dixie Hwy Ste. 115, Elizabethtown, KY 42701",http://www.beancove.com/,bardstown,no_store_page
Engine House,"307 W Main St, Frankfort, KY 40601",https://www.enginehouse1868.com/,bardstown,no_shop
Old School Coffee,"380 S Mill St Ste. 110, Lexington, KY 40508",http://www.oldschoolcoffeelex.com/,bardstown,no_store_page
The Southern Cup,"810 N Main St, Shelbyville, TN 37160",https://www.thesoutherncup.com/,shelbyville,wrong_region
"Caruso's Coffee, Inc.","6100 W Snowville Rd, Brecksville, OH 44141",http://www.carusoscoffee.com/,shelbyville,wrong_region
3rd Wave Coffee Roasters,"215 W King St #3, St. Augustine, FL 32084",https://3rdwavecoffee.com/,shelbyville,wrong_region
Standing Wave Coffee,"2024 Sarah St, Pittsburgh, PA 15203",https://www.standingwavecoffee.com/,shelbyville,wrong_region
New Wave Coffee Roasters,"2405 Lyndon Ave #121, Chattanooga, TN 37415",http://www.newwave-chatt.com/,shelbyville,wrong_region
The Southern Cup,"810 N Main St, Shelbyville, TN 37160",https://www.thesoutherncup.com/,shelbyville,wrong_region
Viva Coffee Roasters,"1979 Madison Rd, Cincinnati, OH 45208",https://www.vivacoffeeroasters.com/contact,shelbyville,wrong_region
Viva Coffee Roasters,"1979 Madison Rd, Cincinnati, OH 45208",https://www.vivacoffeeroasters.com/contact,shelbyville,wrong_region
Porter Coffee,"1220 Miller Ave Suite 3, Shelbyville, IN 46176",http://portershelby.com/,shelbyville,wrong_region
The Southern Cup,"810 N Main St, Shelbyville, TN 37160",https://www.thesoutherncup.com/,shelbyville,wrong_region
Artisan Coffee,"662 Canton Rd, Akron, OH 44312",http://www.artisancoffee.us/,shelbyville,wrong_region
Seven Hills Coffee Roasters,"11094 Deerfield Rd, Cincinnati, OH 45242",http://www.sevenhillscoffee.com/,shelbyville,wrong_region
Texas Artisan Roasters,"1937 I 35 N Frontage Rd ste 108, New Braunfels, TX 78130",https://texasartisanroasters.com/,shelbyville,wrong_region
Needmore Coffee Roasters,"104 N Pete Ellis Dr Suite E, Bloomington, IN 47408",http://www.needmoreroasters.com/,shelbyville,wrong_region
La Terza Artisan Coffee Roasterie,"9176 Winton Rd, Cincinnati, OH 45231",https://www.laterzacoffee.com/,shelbyville,wrong_region
"Moschetti Artisan Roaster (Wholesale, Retail, Cafe and Online Shop)","11 6th St, Vallejo, CA 94590",http://www.moschetti.com/,shelbyville,wrong_region
Funny Farm Coffee Company,"29 E High St, Lawrenceburg, IN 47025",http://www.funnyfarmcoffee.com/,shelbyville,wrong_region
Sixth & Main Coffeehouse Inc,"547 Main St, Shelbyville, KY 40065",http://www.6amcoffee.com/,shelbyville,no_store_page
The Paddock Coffee + Eats + Gatherings,"700 Main St apt a, Shelbyville, KY 40065",https://thepaddockcoffee.com/,shelbyville,no_store_page
McKinley’s Cafe,"615 Main St, Shelbyville, KY 40065",https://mckinleyscafe.com/,shelbyville,no_store_page
Cattleman's Roadhouse,"221 Breighton Cir, Shelbyville, KY 40065",https://www.cattlemansroadhouse.com/,shelbyville,no_store_page
Cracker Barrel Old Country Store,"1565 Mt Eden Rd, Shelbyville, KY 40065",https://www.crackerbarrel.com/Locations/States/ky/shelbyville/415/?utm_source=google&utm_medium=maps&utm_campaign=crackerbarrelurl,shelbyville,no_coffee_keywords
Jersey Mike's Subs,"1607 Midland Trail, Shelbyville, KY 40065",https://www.jerseymikes.com/10029/shelbyville-ky?utm_source=google&utm_medium=organic&utm_campaign=listings,shelbyville,no_coffee_keywords
The Block Gourmet Deli,"14041 Shelbyville Rd, Louisville, KY 40245",https://theblockgourmet.com/,shelbyville,no_coffee_keywords
Kroger Marketplace,"311 Boone Station Rd, Shelbyville, KY 40065",https://www.kroger.com/stores/grocery/ky/shelbyville/hi-point-sc/024/00777?cid=loc_02400777_gmb,shelbyville,scrape_failed
The Farmer’s Daughter Coffee Co,"100 Conley Ln, Greensburg, KY 42743",https://thefarmersdaughtercoffeeco.square.site/,shelbyville,no_store_page
The Burg Coffee House,"701 W Broadway St, Lawrenceburg, KY 40342",https://burgcoffeeco.com/,shelbyville,no_store_page
Artisan Cafe & Grill,"975 Walnut Meadow Rd, Berea, KY 40403",http://www.kentuckyartisancenter.ky.gov/dine/,shelbyville,no_shop
Crust & Crumb,"6301 Meeting St #101, Prospect, KY 40059",https://www.crustandcrumbky.com/,shelbyville,no_store_page
3rd Wave Coffee Roasters,"215 W King St #3, St. Augustine, FL 32084",https://3rdwavecoffee.com/,rochester,wrong_region
Mercury Coffee Co.,"681 South Ave, Rochester, NY 14620",https://mercuryroc.com/,rochester,no_shop
Winter Swan Coffee,"43 Russell St, Rochester, NY 14607",http://www.winterswancoffee.com/,rochester,no_store_page
Ugly Duck Coffee,"89 Charlotte St, Rochester, NY 14607",http://uglyduckcoffee.com/,rochester,no_store_page
Canaltown Coffee Roasters,"1805 East Ave C, Rochester, NY 14610",http://www.canaltowncoffee.com/,rochester,no_shop
Eden Coffee and Co,"Eden coffee, 200 East Ave, Rochester, NY 14604",https://www.instagram.com/edencoffeeandco/,rochester,no_shop
AM:FM Coffee Cocktails Vinyl,"45 Euclid St, Rochester, NY 14604",http://www.amfm.cafe/,rochester,no_shop
Best Coffee At The Market,"57 Rochester Public Market, Rochester, NY 14609",https://m.facebook.com/thebestcoffeeatthemarket/,rochester,no_shop
Legendary Beans Coffee,"222 Alexander St, Rochester, NY 14607",https://legendarybeans.com/,rochester,scrape_failed
Imprint Coffee Roasting - Coffee House,"7 Mill St, Sodus, NY 14551",http://www.imprintcoffeeroasting.com/,rochester,no_store_page
Boulder Coffee Co Cafe and Lounge,"100 Alexander St, Rochester, NY 14620",http://www.bouldercoffeeroaster.com/,rochester,no_store_page
EuroCafe Imports,"1150 University Ave, Rochester, NY 14607",http://eurocafeimports.com/,rochester,no_shop
RoCoCo Cafe,"240 E Main St, Rochester, NY 14604",https://rococorochester.com/,rochester,no_store_page
Cafe Sasso,"739 Park Ave, Rochester, NY 14607",https://facebook.com/cafesassorochester/,rochester,no_shop
Sips Coffee & Cafe,"149 Pattonwood Dr, Rochester, NY 14617",https://www.sipsrochester.com/,rochester,no_store_page
Little Bits Coffee Roasters,"696 Titus Ave, Irondequoit, NY 14617",https://lbcroasters.com/,rochester,no_shop
The Chai Guy,"280 N Union St, Rochester, NY 14609",http://www.thechaiguy.com/,rochester,no_store_page
Prominent Coffee Co.,"9135 Sheridan Dr Suite 4, Clarence, NY 14031",https://prominentcoffeeco.com/,rochester,no_store_page
Happy Gut Sanctuary,"229 Mill St, Rochester, NY 14614",http://www.happygutsanctuary.com/,rochester,no_coffee_keywords
Junction361,"24 N Main St, Fairport, NY 14450",http://junction361.com/,rochester,no_store_page
Steven James Coffee Co.,"349 W Commercial St Suite 1320, East Rochester, NY 14445",https://stevenjamescoffeeco.com/,rochester,no_store_page
Earl's Coffee,"375 Cooper Rd, Irondequoit, NY 14617",https://genrichs.com/,rochester,no_store_page
Coffee Connection,"563 Miracle Mile Dr, Rochester, NY 14623",http://ourcoffeeconnection.org/,rochester,no_store_page
Working Class Coffee,"243 Gorham St, Canandaigua, NY 14424",http://theworkingclasscoffee.com/,rochester,no_store_page
Neutral Ground Coffeehouse - Pittsford,"45 Schoen Pl, Pittsford, NY 14534",http://www.neutralgroundcoffee.com/,rochester,no_store_page
Pearson's,"23 Somerton St, Rochester, NY 14607",http://www.ilovepearsons.com/,rochester,no_coffee_keywords
Sirness Coffee Services,"85 Elmgrove Park, Rochester, NY 14624",https://sirnesscoffee.com/,rochester,no_store_page
FairPour Coffee Roasters,"25 Parce Ave Suite 160, Fairport, NY 14450",http://www.fairpour.com/,rochester,no_store_page
Montgomery Court,"1245 Park Ave, Rochester, NY 14610",http://www.montgomerycourt.com/,rochester,no_store_page
New Roots Coffeehouse,"1273 Long Pond Rd, Greece, NY 14626",http://newrootscoffeehouse.com/,rochester,no_shop
Melo Coffee & Kitchen,"696 University Ave, Rochester, NY 14607",https://www.melocoffeeandkitchen.com/,rochester,no_store_page
Union Street Coffee House,"123 S Union St, Spencerport, NY 14559",http://www.unionstreetcoffeehouse.com/,rochester,no_store_page
Empire Coffee & Donuts,"590 Pre Emption Rd, Geneva, NY 14456",http://ecdgeneva.com/,rochester,no_shop
Founders Cafe,"13 S Fitzhugh St, Rochester, NY 14614",https://founderscaferochester.com/,rochester,no_store_page
Hollycake House,"300 Main St suite 25, East Rochester, NY 14445",https://www.hollycakehouse.com/,rochester,no_store_page
Hydra Coffeehouse,"701 Monroe Ave, Rochester, NY 14607",http://hydracoffeehouse.com/,rochester,no_store_page
The Siren and The Sea: Books and Coffee,"426 South Ave, Rochester, NY 14620",https://linktr.ee/thesirenandthesea,rochester,no_store_page
Golden Harvest Bakery & Cafe LLC,"368 Jefferson Rd, Rochester, NY 14623",http://ghbacafe.square.site/,rochester,no_store_page
Collier’s Cafe,"41 S Main St, Pittsford, NY 14534",https://collierscafe.com/,rochester,no_store_page
Pure Imagination Cafe,"2997 Buffalo Rd, Rochester, NY 14624",https://www.pureimaginationcafe.com/,rochester,no_store_page
Tree Town Cafe,"745 Penfield Rd, Rochester, NY 14625",http://treetowncafe.com/,rochester,no_store_page
Happy Earth Tea,"696 South Ave, Rochester, NY 14620",https://happyearthtea.com/,rochester,no_store_page
3rd Wave Coffee Roasters,"215 W King St #3, St. Augustine, FL 32084",https://3rdwavecoffee.com/,irondequoit,wrong_region
"Moschetti Artisan Roaster (Wholesale, Retail, Cafe and Online Shop)","11 6th St, Vallejo, CA 94590",http://www.moschetti.com/,irondequoit,wrong_region
Stir Coffee,"400 Bakers Park, Rochester, NY 14617",http://marketisquare.com/,irondequoit,no_coffee_keywords
Ridge Donut Cafe,"1600 Portland Ave, Rochester, NY 14621",https://ridgedonuts.com/,irondequoit,no_store_page
Atlas Eats,"2185 N Clinton Ave, Rochester, NY 14617",http://www.atlas-eats.com/,irondequoit,no_coffee_keywords
Village Bakery & Cafe,"145 Culver Rd, Rochester, NY 14620",https://villagebakeries.com/#,irondequoit,no_coffee_keywords
I-Square,"400 Bakers Park, Rochester, NY 14617",https://i-square.us/,irondequoit,no_store_page
Olmsted Coffee Company,"567 Exchange St, Buffalo, NY 14210",https://olmstedcoffeecompany.com/,irondequoit,no_store_page
1872 Cafe,"431 W Main St, Rochester, NY 14608",https://1872-cafe.com/,irondequoit,no_store_page
Mamaste Cafe and Play,"1235 Hilton Parma Corners Rd, Hilton, NY 14468",http://www.mamastecafeandplay.com/,irondequoit,no_shop
Donuts Delite,"1700 Culver Rd, Rochester, NY 14609",https://ddelite.com/locations/culver-road,irondequoit,no_coffee_keywords
Taste of Supreme Bakery & Cafe,"696 Winton Rd N, Rochester, NY 14609",https://tasteofsupreme.com/,irondequoit,no_store_page
Herrema's Food Market Inc,"125 Pattonwood Dr, Rochester, NY 14617",https://www.herremas.com/,irondequoit,no_coffee_keywords
ROAM Cafe,"260 Park Ave, Rochester, NY 14607",https://www.roamcafe.com/,irondequoit,no_shop
Locals Only,"311 Alexander St, Rochester, NY 14604",http://localsonly311.com/,irondequoit,no_store_page
Polska Chata LLC,"32 Vinedale Ave, Rochester, NY 14622",http://polskachatallc.com/,irondequoit,no_coffee_keywords
Starbucks Coffee Company,"1495 East Ridge Road, Rochester, NY 14621",https://www.starbucks.com/store-locator/store/1011707/,irondequoit,no_store_page
Clementine,"6 N Main St #125, Fairport, NY 14450",http://clementineroc.com/,irondequoit,no_store_page
Mochinut Irondequoit,"850 East Ridge Road, Rochester, NY 14617",http://mochinut104.com/,irondequoit,no_coffee_keywords
Cobblestone Coffee Roasters,"500 Technology Farm Dr, Geneva, NY 14456",https://cobblestonecoffeeroasters.com/,irondequoit,no_store_page
Fabiano’s Coffee Roasters,"4180 W Alamos Ave Ste 102, Fresno, CA 93722",http://fabianocoffee.com/,greece,wrong_region
"Moschetti Artisan Roaster (Wholesale, Retail, Cafe and Online Shop)","11 6th St, Vallejo, CA 94590",http://www.moschetti.com/,greece,wrong_region
7 Brew Coffee,"2833 W Ridge Rd, Greece, NY 14626",https://7brew.com/,greece,no_shop
Target,"3181 Chili Ave, Rochester, NY 14624",https://www.target.com/sl/chili/2528,greece,no_store_page
Oriens Café,"1100 Long Pond Rd #114, Greece, NY 14626",http://www.orienscafe.net/,greece,scrape_failed
Vertical Cafe,"18 W Buffalo St, Warsaw, NY 14569",http://www.cafevertical.com/,greece,no_store_page
House Of Whacks,"Mercantile On Main, 250 E Main St, Rochester, NY 14604",http://houseofwhacks585.square.site/,greece,no_coffee_keywords
Tug Hill Artisan Roasters,"7514 S State St, Lowville, NY 13367",http://tughillartisanroasters.com/?utm_source=google&utm_medium=wix_google_business_profile&utm_campaign=8525489665835256488,greece,no_store_page
Sociale Café at del Lago Resort & Casino,"1133 NY-414, Waterloo, NY 13165",https://dellagoresort.com/the-sociale-cafe-bar/,greece,no_shop
Pino's Deli,"2590 W Ridge Rd, Greece, NY 14626",http://www.pinosdeli.com/,greece,no_shop
Wildflour,"620 Winton Rd N, Rochester, NY 14609",https://wildflourrochester.com/,greece,no_coffee_keywords
"Seasoning Thai Bistro Elmwood, Rochester NY","2602 Elmwood Ave, Rochester, NY 14618",http://www.seasoningthaibistro.com/,greece,no_coffee_keywords
Royal Cafe,"15 N Main St, Fairport, NY 14450",http://www.royalcafegelato.com/,greece,no_shop
Boscov's,"294 Greece Ridge Center Dr, Rochester, NY 14626",https://locations.boscovs.com/ny/rochester/294-greece-ridge-center-drive.html?utm_source=google&utm_medium=local,greece,no_coffee_keywords
Lazy Cat Lounge and Cafe,"523 Eastview Mall, Victor, NY 14564",http://lazycatloungeandcafe.com/,greece,no_store_page
Root 31,"3349 Monroe Ave, Rochester, NY 14618",http://root31.com/,greece,no_coffee_keywords
The Shops On West Ridge,"3200 W Ridge Rd, Rochester, NY 14626",https://theshopsonwestridge.com/,greece,no_coffee_keywords
Artisan Coffeehouse of Scottsville,"2 Main St, Scottsville, NY 14546",http://www.artisancoffeehouse.com/,greece,no_store_page
Burnap's Farm Market & Garden Cafe,"7277 Maple Ave ext, Sodus, NY 14551",http://www.burnapsfarm.com/,greece,no_store_page
Pilot Coffee Roasters,"117 Ossington Ave, Toronto, ON M6J 2Z2, Canada",https://www.pilotcoffeeroasters.com/,chili,wrong_region
jitters cafe,"4357 Buffalo Rd, North Chili, NY 14514",http://jittersroc.com/,chili,no_coffee_keywords
The Dalai Java,"157 S Main St, Canandaigua, NY 14424",http://www.thedalaijavacdga.com/,chili,no_store_page
Grinds Café and Sweet Shoppe,"122 West Ave, Brockport, NY 14420",https://www.grindscafebrockport.com/,chili,no_store_page
Old School Cafe,"196 N Main St, Naples, NY 14512",https://www.oldschoolcafeny.com/,chili,no_store_page
Millie's,"Lorette Wilmot Library, 4245 East Ave, Rochester, NY 14618",https://nazdining.sodexomyway.com/en-us/locations/millies-cafe,chili,no_store_page
Niblack Foods,"900 Jefferson Rd Building 9 Suite 904, Rochester, NY 14623",http://niblackfoods.com/,chili,no_store_page
CRISP Rochester,"819 S Clinton Ave, Rochester, NY 14620",http://crisprochester.com/,chili,no_coffee_keywords
Ellicottville Coffee Company,"16 Washington St rt 219, Ellicottville, NY 14731",https://ellicottvillecoffee.com/,chili,no_store_page
Touchy Coffee,"625 River St, Troy, NY 12180",http://www.touchycoffee.com/,chili,no_store_page
Raha Coffee House,"370 Amherst St, Buffalo, NY 14207",http://rahacoffeehouse.com/,chili,no_store_page
Stride Coffee Roasters,"2 Campion Rd #6, New Hartford, NY 13413",http://stridecoffeeroasters.com/,hartford,wrong_region
Stride Coffee Roasters,"2 Campion Rd #6, New Hartford, NY 13413",http://stridecoffeeroasters.com/,hartford,wrong_region
Stride Coffee Roasters,"2 Campion Rd #6, New Hartford, NY 13413",http://stridecoffeeroasters.com/,hartford,wrong_region
Monsoon Roastery Specialty Coffee Roasters,"250 Albany St, Springfield, MA 01105",http://www.monsoonroastery.com/,hartford,wrong_region
Semilla Cafe + Studio,"1283 Main St, Hartford, CT 06103",http://www.semilla.cafe/,hartford,no_store_page
Yemerica Coffee,"1000 Farmington Ave Suite 100, West Hartford, CT 06107",https://www.yemericacoffee.com/,hartford,no_store_page
Story and Soil Coffee,"387 Capitol Ave, Hartford, CT 06106",https://www.storyandsoilcoffee.com/,hartford,no_store_page
Craftsman Cliff Roasters,"211 Main St, Norwich, CT 06360",http://craftsmancliffroasters.com/,hartford,no_store_page
the BOP Coffee,"150 Broad St Suite 300, Windsor, CT 06095",https://www.thebopcoffee.com/,hartford,no_coffee_keywords
Sacred Grounds Coffee Roasters,"1 CT-37 Bldg 1, Sherman, CT 06784",http://www.sacredgrounds.coffee/,hartford,no_shop
New England Coffee Guy (Cafe/Mobile Espresso Cart),"141 Shield St, West Hartford, CT 06110",https://www.newenglandcoffeeguy.com/,hartford,no_shop
Coffee Bean Distinct LLC,"37 Alden St, Hartford, CT 06114",https://order.online/business/coffee-bean-distinct-llc-1001527,hartford,no_coffee_keywords
Vernon Coffee Roasters,"520 Hartford Turnpike, Vernon, CT 06066",https://vernoncoffeeroasters.com/,hartford,no_store_page
Sun Coffee Roasters,"45 Northwest Dr, Plainville, CT 06062",http://www.suncoffeeroasters.com/,hartford,no_store_page
The Coffee Trade,"21 W Main St, Avon, CT 06001",https://www.thecoffeetradect.com/,hartford,no_shop
So G Coffee Roasters,"882 Main St, South Glastonbury, CT 06073",https://facebook.com/sogcoffee/,hartford,no_shop
BonJo Coffee Roasters,"345 Elm St, Stamford, CT 06902",https://bonjocoffeeroasters.bigcartel.com/,hartford,no_store_page
DoNo Café,"1212 Main St, Hartford, CT 06103",https://www.donocafe.com/,hartford,no_shop
The Coffee Spot,"750 Hopmeadow St, Simsbury, CT 06070",http://thecoffeespot.net/,hartford,no_store_page
Klekolo World Coffee,"181 Court St, Middletown, CT 06457",https://klekoloworldcoffee.com/,hartford,no_coffee_keywords
The Roasted Bean,"934 Terryville Ave, Bristol, CT 06010",http://www.theroastedbeanct.com/,hartford,no_store_page
RaonJena Coffee & Dessert,"39 New London Turnpike, Glastonbury, CT 06033",http://raonjena.org/,hartford,no_store_page
Cha Papi,"150 Shield St, West Hartford, CT 06110",https://chapapi.com/,hartford,no_coffee_keywords
Dom's Coffee,"20 W Main St, Avon, CT 06001",http://www.domscoffee.com/,hartford,no_shop
DORO Marketplace,"1253 New Britain Ave, West Hartford, CT 06110",http://www.doromkpl.com/,hartford,no_store_page
Harvey's Cafe & Market,"161 Oakwood Ave, West Hartford, CT 06119",https://harveyscafe.com/,hartford,no_shop
The Blue House Bagel Co. & Cafe,"161 Albany Turnpike, Canton, CT 06019",http://www.bluehousebagelco.com/,hartford,no_store_page
Heirloom Market at Comstock Ferre,"263 Main St, Wethersfield, CT 06109",http://www.heirloommkt.com/,hartford,no_store_page
BeanZ and Co.,"11 E Main St, Avon, CT 06001",http://beanzandco.com/,hartford,no_store_page
7 Brew Coffee,"905 N Colony Rd, Wallingford, CT 06492",https://7brew.com/location/connecticut-wallingford-000422,hartford,no_store_page
"ERO Café (Matcha, Coffee, Breakfast, Lunch)","Adjacent to Sally’s Apizza, 44 Olive St, New Haven, CT 06511",https://www.toasttab.com/ero-cafe-44-olive-street,hartford,no_store_page
Kaiyden's,"595 Chapel St, New Haven, CT 06511",http://www.kaiyden.com/,hartford,no_store_page
Spruce Coffee,"952 State St, New Haven, CT 06511",http://www.sprucecoffeenhv.com/,hartford,no_store_page
Nordstrom Ebar Artisan Coffee,"600 W Farms Mall, Farmington, CT 06032",https://www.nordstrom.com/store-details/nordstrom-westfarms?utm_source=google&utm_medium=organic&utm_campaign=food&utm_content=26526&utm_channel=low_nd_seo_local&sp_source=google&sp_campaign=food,hartford,no_coffee_keywords
Tugboat Joe Coffee Roasters,"173 Shore Dr, Branford, CT 06405",https://tugboatjoe.shop/,hartford,no_store_page
Coffee Fix Ct,"945 Silas Deane Hwy, Wethersfield, CT 06109",https://www.coffeefixct.com/,hartford,no_shop
Shop Two Coffee,"45 N Main St, Marlborough, CT 06447",http://shoptwocoffee.com/,hartford,no_store_page
Batchy Brew,"1050 E Main St, Torrington, CT 06790",http://batchybrew.com/,hartford,no_store_page
Stop & Shop,"150 New Park Ave, Hartford, CT 06106",https://stores.stopandshop.com/ct/hartford/150-new-park-avenue?y_source=1_NDE5NTM4NC03MTUtbG9jYXRpb24ud2Vic2l0ZQ%3D%3D,hartford,no_coffee_keywords
The B. Hive,"221 B, Spielman Hwy, Burlington, CT 06013",http://thebhiveburlington.com/?utm_source=google&utm_medium=wix_google_business_profile&utm_campaign=8559392820451531420,hartford,no_store_page
Rare Breed Coffee Headquarters,"2 Pittsburgh Ave, Nashua, NH 03062",http://www.rarebreedcoffee.com/,new britain,wrong_region
Froth Cafe at The Assembly Room,"222 Main St, New Britain, CT 06051",https://www.theassemblyroomct.com/frothcafe/,new britain,no_shop
I Know You Know,"69 Arch St, New Britain, CT 06051",http://ikykct.com/,new britain,no_coffee_keywords
Cafe Busy Bean,"135 Main St, New Britain, CT 06051",http://www.cafebusybean.com/,new britain,no_shop
Provision State Coffee,"848 Farmington Ave Unit 1A, Berlin, CT 06037",http://www.provisionstate.coffee/,new britain,no_store_page
Roly Poly Bakery,"587 Main St, New Britain, CT 06051",http://www.rolypolyinc.com/,new britain,no_coffee_keywords
Ani's Table & Marketplace,"397 Cromwell Ave, Rocky Hill, CT 06067",https://anistableandmarketplace.com/,new britain,no_shop
Glastonbury Coffee Shop,"30 Welles St, Glastonbury, CT 06033",https://glastonburycoffeeshop.weebly.com/,new britain,no_store_page
10 Main Cafe & Deli,"10 Main St, Bristol, CT 06010",http://10maincafe.com/,new britain,no_store_page
Cafe Sofia,"984 Farmington Ave, West Hartford, CT 06107",https://www.cafesofiaweha.com/,new britain,no_shop
Taste of The 215,"50 Main St, New Britain, CT 06051",https://www.tasteofthe215.com/,new britain,no_coffee_keywords
Hartford Baking Co.,"767 Farmington Ave, Farmington, CT 06032",http://www.hartfordbaking.com/,new britain,no_store_page
World Market,"1431 New Britain Ave, West Hartford, CT 06110",https://stores.worldmarket.com/ct/west-hartford/1431-new-britain-avenue.html,new britain,no_coffee_keywords
Starbucks Coffee Company,"14 Fenn Rd, Newington, CT 06111",https://www.starbucks.com/store-locator/store/1017766,new britain,no_store_page
East Side Restaurant,"131 Dwight St, New Britain, CT 06051",https://www.eastsiderestaurant.com/,new britain,no_coffee_keywords
Stride Coffee Roasters,"2 Campion Rd #6, New Hartford, NY 13413",http://stridecoffeeroasters.com/,west hartford,wrong_region
3rd Wave Coffee Roasters,"215 W King St #3, St. Augustine, FL 32084",https://3rdwavecoffee.com/,west hartford,wrong_region
Stride Coffee Roasters,"2 Campion Rd #6, New Hartford, NY 13413",http://stridecoffeeroasters.com/,west hartford,wrong_region
WFM Coffee Bar,"340 N Main St, West Hartford, CT 06117",http://www.wholefoodsmarket.com/stores/bishopscorner?utm_source=google&utm_medium=organic&utm_campaign=listings,west hartford,no_store_page
Small State Provisions,"637 New Park Ave, West Hartford, CT 06110",https://www.smallstateprovisions.com/,west hartford,no_store_page
Great Minds Coffee Roasters,"28 Main St, Oakville, CT 06779",http://www.greatmindscoffee.com/,west hartford,no_store_page
Tea Break,"994 Farmington Ave, West Hartford, CT 06107",http://teabreak.cafe/,west hartford,no_store_page
Insomnia Cookies,"70 LaSalle Rd 1st Floor, West Hartford, CT 06107",https://insomniacookies.com/,west hartford,no_store_page
Westfarms,"1500 New Britain Ave, West Hartford, CT 06110",https://www.simon.com/mall/westfarms,west hartford,no_coffee_keywords
Stride Coffee Roasters,"2 Campion Rd #6, New Hartford, NY 13413",http://stridecoffeeroasters.com/,east hartford,wrong_region
Monsoon Roastery Specialty Coffee Roasters,"250 Albany St, Springfield, MA 01105",http://www.monsoonroastery.com/,east hartford,wrong_region
Downeast Coffee Roasters,"259 East Ave, Pawtucket, RI 02860",https://www.downeastcoffee.com/,east hartford,wrong_region
Just Be Coffee Roasters,"400 Fisher St unit e, Munster, IN 46321",http://justbe.coffee/,east hartford,wrong_region
New Harvest Coffee Roasters,"10 Sims Ave, Providence, RI 02909",http://www.newharvestcoffee.com/,east hartford,wrong_region
Stride Coffee Roasters,"2 Campion Rd #6, New Hartford, NY 13413",http://stridecoffeeroasters.com/,east hartford,wrong_region
3rd Wave Coffee Roasters,"215 W King St #3, St. Augustine, FL 32084",https://3rdwavecoffee.com/,east hartford,wrong_region
Downeast Coffee Roasters,"259 East Ave, Pawtucket, RI 02860",https://www.downeastcoffee.com/,east hartford,wrong_region
Little Waves Coffee Roasters,"2013 Chapel Hill Rd Suite A, Durham, NC 27707",https://littlewaves.coffee/collections,east hartford,wrong_region
Stride Coffee Roasters,"2 Campion Rd #6, New Hartford, NY 13413",http://stridecoffeeroasters.com/,east hartford,wrong_region
Downeast Coffee Roasters,"259 East Ave, Pawtucket, RI 02860",https://www.downeastcoffee.com/,east hartford,wrong_region
Monsoon Roastery Specialty Coffee Roasters,"250 Albany St, Springfield, MA 01105",http://www.monsoonroastery.com/,east hartford,wrong_region
New Harvest Coffee Roasters,"10 Sims Ave, Providence, RI 02909",http://www.newharvestcoffee.com/,east hartford,wrong_region
Fire by Forge Restaurant,"539 Broad St, Hartford, CT 06106",https://firebyforge.com/?y_source=1_OTM4NjE4MzgtNzE1LWxvY2F0aW9uLndlYnNpdGU%3D,east hartford,no_store_page
Borealis Coffee Company,"500 Wood St Unit 113, Bristol, RI 02809",https://www.borealiscoffee.com/,bristol,wrong_region
Odysea Coffee,"265 Lake St, Bristol, NH 03222",http://www.odyseacoffee.com/,bristol,wrong_region
Borealis Coffee Roastery,"241 Grotto Ave Building A, Unit 5, Pawtucket, RI 02860",http://www.borealiscoffee.com/,bristol,wrong_region
Borealis Coffee Company,"250 Bullocks Point Ave, Riverside, RI 02915",https://www.borealiscoffee.com/,bristol,wrong_region
3rd Wave Coffee Roasters,"215 W King St #3, St. Augustine, FL 32084",https://3rdwavecoffee.com/,bristol,wrong_region
Odysea Coffee,"265 Lake St, Bristol, NH 03222",http://www.odyseacoffee.com/,bristol,wrong_region
Borealis Coffee Company,"500 Wood St Unit 113, Bristol, RI 02809",https://www.borealiscoffee.com/,bristol,wrong_region
Trailblazer Coffee,"2016 W State St, Bristol, TN 37620",https://www.trailblazercoffee.com/,bristol,wrong_region
New Wave Coffee Roasters,"2405 Lyndon Ave #121, Chattanooga, TN 37415",http://www.newwave-chatt.com/,bristol,wrong_region
Calm Waters Coffee,"242 Mill St, Bristol, PA 19007",http://www.calmwaterscoffee.com/,bristol,wrong_region
Borealis Coffee Company,"500 Wood St Unit 113, Bristol, RI 02809",https://www.borealiscoffee.com/,bristol,wrong_region
Café Real Terryville Ave,"785 Terryville Ave, Bristol, CT 06010",https://www.tastecafereal.com/,bristol,no_store_page
Yellow King Bristol,"67 Race St, Bristol, CT 06010",https://www.yellowkingbrews.com/,bristol,no_store_page
Aroma Joe's Coffee,"1235 Farmington Ave, Bristol, CT 06010",https://aromajoes.com/,bristol,no_store_page
Expresso Café,"97 Maple St, Bristol, CT 06010",https://www.expressocafebristol.com/,bristol,no_store_page
Parkside Cafe,"224 N Main St, Bristol, CT 06010",https://parksidecafebristol.com/,bristol,no_shop
Quin Brew Coffee Company,"1175 Main St, Watertown, CT 06795",http://www.quinbrewcoffee.com/,bristol,no_shop
Southington Coffee House,"51 N Main St, Southington, CT 06489",https://southingtoncoffeehouse.com/,bristol,no_shop
"Cravings, An American Eatery","1158 Farmington Ave, Bristol, CT 06010",http://www.feedmycravings.com/,bristol,no_coffee_keywords
Family Roots Produce Market,"370 Riverside Ave, Bristol, CT 06010",https://www.familyrootsproducemarket.com/,bristol,no_shop
Little Oak Cafe,"220 Albany Turnpike Building 10, Canton, CT 06019",http://littleoakcafe.com/,bristol,no_store_page
ShopRite of Bristol,"1200 Farmington Ave, Bristol, CT 06010",https://www.shoprite.com/?utm_source=GMB&utm_medium=Local_Search&utm_campaign=dbaPlatform&utm_term=308,bristol,no_coffee_keywords
Brinx Café & Wine Bar,"53 Main St, Torrington, CT 06790",http://www.brinxct.com/,bristol,no_store_page
Panera Bread,"1214 Farmington Ave, Bristol, CT 06010",https://www.panerabread.com/en-us/cafe/locations/ct/bristol/1214-farmington-avenue?utm_medium=local&utm_source=google&utm_campaign=dpm-dist&utm_term=203863&utm_content=main,bristol,no_store_page
Jimmy's On the River,"249 Terryville Rd, Bristol, CT 06010",https://jimmysontheriverct.wixsite.com/home,bristol,no_coffee_keywords
The Bristol Bazaar,"67 Race St, Bristol, CT 06010",http://www.thebristolbazaar.com/,bristol,no_shop
Bruno's Cafe Unionville,"55 Mill St, Unionville, CT 06085",http://brunoscafect.com/,bristol,no_store_page
Hometown Coffee Roasters,"80 Old Granite St, Manchester, NH 03101",http://www.hometownroasters.com/,manchester,wrong_region
Critical Mass Coffee,"649 E Industrial Park Dr Unit 17, Manchester, NH 03109",http://www.criticalmasscoffee.com/,manchester,wrong_region
Manchester Coffee Co.,"576 E Third St Suite 110, Lexington, KY 40508",http://www.manchestercoffeeco.com/,manchester,wrong_region
Terra Nova Coffee Roasters,"48 Emerald St, Keene, NH 03431",https://terranovacoffee.net/,manchester,wrong_region
Specialty Beverage Concepts,"145 Edwin Rd, South Windsor, CT 06074",http://www.specialtybeverageconcepts.com/,manchester,no_store_page
Urban Lodge Brewing Co.,"47 Purnell Pl, Manchester, CT 06040",http://urbanlodgebrewing.com/,manchester,no_store_page
The Firestone | Art studio + Cafe,"1115 Main St, Manchester, CT 06040",http://thefirestonect.com/,manchester,no_store_page
Between Rounds,"1540 Pleasant Valley Rd, Manchester, CT 06042",http://www.betweenroundsbagels.com/,manchester,no_store_page
Audacity British Style Pub,"829 Main St, Manchester, CT 06040",http://www.audacitybritishstylepubs.com/,manchester,no_coffee_keywords
Elicit Brewing Co - Manchester,"165 Adams St, Manchester, CT 06042",http://www.elicitbrewing.com/,manchester,no_shop
Cafe Aura,"45 E Center St, Manchester, CT 06040",http://www.cafeaura.com/,manchester,no_store_page
Hartford Road Cafe,"378 Hartford Rd, Manchester, CT 06040",https://hartfordroadcafe.com/,manchester,no_store_page
Steve's Bagels,"11 Tolland Turnpike, Manchester, CT 06042",http://www.stevesnewyorkbagels.com/,manchester,no_coffee_keywords
Tutto Caffé,"55 Main St, East Hampton, NY 11937",https://www.tuttoilgiornocaffe.com/,middletown,wrong_region
South County Bread Company,"333 Main St, South Kingstown, RI 02879",https://www.southcountybread.com/,middletown,wrong_region
Pawling Coffee Roaster,"3 E Main St, Pawling, NY 12564",http://pawlingcoffeeroaster.net/,middletown,wrong_region
YUP Coffee Roasters,"296 Nonotuck St, Northampton, MA 01062",https://www.yupcoffee.com/contact,middletown,wrong_region
Futura Coffee Roasters - The Mill District,"73 Cowls Rd, Amherst, MA 01002",https://futuracoffeeroasters.com/,middletown,wrong_region
DAYES Coffee Roasters,"34 North St, Middletown, NY 10940",http://www.dayescoffee.com/,middletown,wrong_region
Barrington Coffee Roasting Company,"165 Quarry Hill Rd, Lee, MA 01238",http://www.barringtoncoffee.com/,middletown,wrong_region
Monsoon Roastery Specialty Coffee Roasters,"250 Albany St, Springfield, MA 01105",http://www.monsoonroastery.com/,middletown,wrong_region
North Fork Roasting Co.,"55795 Main Rd, Southold, NY 11971",http://www.northforkroastingco.com/,middletown,wrong_region
Back Again Board Game Cafe LLC,"484 Main St UNIT 11, Middletown, CT 06457",http://backagaincafe.com/,middletown,no_store_page
Perk on Main,"386 Main St, Middletown, CT 06457",http://perkonmain.com/,middletown,no_store_page
Sweet Harmony Cafe & Bakery,"330 Main St, Middletown, CT 06457",http://sweetharmonyct.com/,middletown,no_store_page
Bergen House,"725 Main St UNIT 27, Middletown, CT 06457",http://bergenhousect.com/,middletown,no_coffee_keywords
BD Provisions,"125 S Main St, Newtown, CT 06470",https://www.bdprovisions.com/newtown-store,middletown,no_coffee_keywords
The Cooking Company,"350 Main St 1st fl, Middletown, CT 06457",http://thecookingco.com/,middletown,no_coffee_keywords
It's Only Natural Market,"575 Main St, Middletown, CT 06457",http://www.itsonlynaturalmarket.com/,middletown,no_store_page
Maruichi Cafe,"1980 W Main St, Stamford, CT 06902",https://www.maruichius.net/,middletown,no_coffee_keywords
PARSLEY,"324 Main St, Middletown, CT 06457",https://www.parsleyct.com/,middletown,no_coffee_keywords
RJ Cafe & Bistro,"768 Boston Post Rd, Madison, CT 06443",http://www.rjcafebistro.com/,middletown,no_store_page
Harrie's Jailhouse,"51 Warwick St, Middletown, CT 06457",https://www.harriesjailhouse.com/,middletown,no_coffee_keywords
Eli Cannons Tap Room,"695 Main St, Middletown, CT 06457",https://www.elicannons.com/,middletown,no_shop
Le Jardin Cafe,"86 N Main St, Wallingford, CT 06492",http://lejardin.cafe/,middletown,no_shop
Carmela's on the Extension,"139 Main Street Extension, Middletown, CT 06457",http://carmelasmiddletown.com/,middletown,no_coffee_keywords
Market 32,"855 Washington St, Middletown, CT 06457",https://www.pricechopper.com/stores/ct/middletown/market-32-232.html,middletown,no_store_page
Zinneken's Belgian waffles | Glastonbury,"331A New London Turnpike, Glastonbury, CT 06033",http://www.zinnekenswaffles.com/,middletown,no_coffee_keywords
Sol House Tavern,"670 Newfield St, Middletown, CT 06457",https://www.solhousetavern.com/,middletown,no_shop
Pausa Caffè,"9 Main St, Norwalk, CT 06851",http://thepausacaffe.com/,middletown,no_store_page
Athenian Diner II,"864 Washington St, Middletown, CT 06457",http://www.atheniandiners.com/,middletown,no_coffee_keywords
"ION Restaurant, It's Only Natural, ION","606 Main St, Middletown, CT 06457",https://ionrestaurant.com/?utm_source=google,middletown,no_coffee_keywords
Quarry Coffee & Craft Kitchen,"101 Main St, Oxford, CT 06478",http://www.quarrycoffeeco.com/,middletown,no_store_page
Two Wrasslin' Cats Coffee House & Cafe,"374 Town St, East Haddam, CT 06423",http://twowrasslincats.com/,middletown,no_coffee_keywords
MOTW Coffee and Pastries,"425 Main St, Middletown, CT 06457",https://motw.coffee/,middletown,no_shop
Feshafeesh • Dessert Bar,"578 Main St, Middletown, CT 06457",https://feshafeesh.com/,middletown,no_coffee_keywords
Thirdwave Coffee,"Steenbok Rd, Langeberg Ridge, Cape Town, 7550, South Africa",http://www.thirdwavecoffee.co.za/,middletown,no_store_page
Red & Black Cafe,"45 Broad St, Middletown, CT 06457",http://weswings.com/,middletown,no_store_page
Arwa Yemeni Coffee,"335 Orange St Suite 1, New Haven, CT 06511",https://arwacoffee.com/,middletown,no_store_page
Brew Bakers,"169 Main St, Middletown, CT 06457",http://www.mybrewbakers.com/,middletown,no_store_page
Chubby Dog Coffee Gaming Bar,"144 Main St, Danielson, CT 06239",http://chubbydogcoffee.com/,middletown,no_store_page
E.E.J.L. WORLD L.L.C.,"50 Highland Ave Suite 3, Middletown, CT 06457",http://www.eejlworldllc.com/,middletown,no_coffee_keywords
Black By Demand Specialty Coffee,"Norwalk, CT 06854",https://www.blackbydemand.biz/general-6,middletown,no_store_page
Wesleyan RJ Julia Bookstore,"413 Main St, Middletown, CT 06457",http://www.wesleyanrjjulia.com/,middletown,no_coffee_keywords
Last Drop Coffee Shop,"435 Main St, Monroe, CT 06468",https://www.lastdropcoffeeshop.com/,middletown,no_shop
Molten Java,"213 Greenwood Ave, Bethel, CT 06801",http://moltenjava.wordpress.com/,middletown,no_store_page
Two Dogs Coffee Shop,"157 Main St Suite B, Danielson, CT 06239",https://order.dripos.com/Two-Dogs-Coffee-Shop,middletown,no_store_page
Tschudin Chocolates & Confections,"100 Riverview Center #110, Middletown, CT 06457",http://www.tschocolates.com/,middletown,no_coffee_keywords
Neil’s Donuts,"211 S Main St, Middletown, CT 06457",http://neilsdonuts.com/,middletown,no_store_page
Ground Up Coffee,"285 Nicoll St, New Haven, CT 06511",https://www.instagram.com/groundupcoffeeeastrock?igsh=MXMyNDNqanJIOGhycg==,middletown,no_shop
Rise and Shine Cafe,"749 Saybrook Rd, Middletown, CT 06457",https://riseandshinecafect.com/,middletown,no_store_page
Greiser’s Coffee & Market,"299 Center Rd, Easton, CT 06612",https://www.greisers.com/,middletown,no_store_page
Roost Kitchen + Coffee,"2075 Black Rock Tpke, Fairfield, CT 06824",https://www.heyroost.com/,middletown,no_store_page
Sweet B Cafe,"945 Cromwell Ave, Rocky Hill, CT 06067",http://sweetbcafe.com/,middletown,no_store_page
Lamplighter Trading Company,"8 Steamboat Wharf, Mystic, CT 06355",http://www.lamplightertradingco.com/,middletown,no_store_page
Fable,"96 Center St, Southington, CT 06489",http://www.ctfable.com/,middletown,no_coffee_keywords
Good Times Coffee House,"1548 Main St, Willimantic, CT 06226",https://goodtimescoffeehouse.com/,middletown,no_shop
Colonial Coffee Co Ltd,"3110 Marentette Ave, Windsor, ON N8X 4G2, Canada",http://www.colonialcoffee.ca/,windsor,wrong_region
The Better Bean,"186 Main St #1R, Monson, MA 01057",http://www.betterbeancafe.com/,windsor,wrong_region
First Choice,"900 River St suite F, Windsor, CT 06095",https://firstchoiceservices.com/locations/hartford/,windsor,no_shop
Roasted beanery,"95 S Rd, Somers, CT 06071",https://roastedbeanery.com/,windsor,no_store_page
Cafe Barista,"66 N Main St, Suffield, CT 06078",http://baristacafect.com/,windsor,no_store_page
Likkle Patty Shop,"296 Broad St Ste C, Windsor, CT 06095",http://likklepattyshop.com/,windsor,no_coffee_keywords
Yosi Kitchen,"598 Hayden Station Rd, Windsor, CT 06095",http://yosikitchen.com/,windsor,no_coffee_keywords
Williams-Sonoma,"200 Evergreen Way Suite 256, South Windsor, CT 06074",https://www.williams-sonoma.com/stores/us-ct-south-windsor-promenade-at-evergreen-walk/,windsor,no_coffee_keywords
Lox Stock & Bagels,"1393 Blue Hills Ave, Bloomfield, CT 06002",http://www.loxstock.com/,windsor,no_coffee_keywords
Day Hill Deli,"555 Day Hill Rd, Windsor, CT 06095",http://www.dayhilldeli.com/,windsor,no_shop
Mahaney Breakfast & Lunch,"1775 Poquonock Ave, Windsor, CT 06095",https://mahaneysct.com/,windsor,no_store_page
Brookside Bagels,"563 Hopmeadow St, Simsbury, CT 06070",https://brooksidebagelsct.com/,windsor,no_store_page
Isaac's Bagel Cafe,"16-B Mountain Ave, Bloomfield, CT 06002",https://isaacsbagelcafe.squarespace.com/,windsor,no_shop
Cracker Barrel Old Country Store,"145 Prospect Hill Rd, East Windsor, CT 06088",https://www.crackerbarrel.com/Locations/States/ct/east-windsor/436/?utm_source=google&utm_medium=maps&utm_campaign=crackerbarrelurl,windsor,no_coffee_keywords
Hasbeans Ltd.,"130 King St, London, ON N6A 1C5",https://hasbeans.ca/,london,no_store_page
Variety Cafe,"466 Dufferin Ave, London, ON N6B 1Z7",https://variety-cafe.square.site/,london,no_store_page
Fire Roasted Coffee Co.,"900 King Street, Western Fair Farmers' & Artisans' Market, 2nd Floor, London, ON N5W 2X7",http://www.fireroastedcoffee.com/,london,no_coffee_keywords
Browned Cafe (Wharncliffe),"275 Wharncliffe Rd N, London, ON N6H 2C1",https://www.browned.ca/,london,no_store_page
Canada's Finest Coffee Service,"775 Industrial Rd, London, ON N5V 3N5",http://www.canadasfinestcoffee.com/,london,scrape_failed
Dark Horse Espresso Bar,"1037 Wellington Rd, London, ON N6E 1W4",https://darkhorseespresso.com/,london,no_store_page
Heritage Coffee Co. Ltd.,"97 Bessemer Rd, London, ON N6E 1P9",https://heritage-coffee.com/,london,no_shop
Viola Gourmet,"312 Commissioners Rd W #4B, London, ON N6J 1Y3",http://violagourmet.ca/,london,no_coffee_keywords
The Evergreen Coffee Lounge,"111 Thames St S, Ingersoll, ON N5C 2T3",https://www.evergreencoffeelounge.ca/,london,no_shop
Early Bird Coffee,"815 Juliana Dr, Woodstock, ON N4V 1A2",http://earlybirdcoffee.ca/,london,no_store_page
EcoCoffee,"584 Colby Dr #1, Waterloo, ON N2V 1A2",http://www.eco-coffee.ca/,london,no_store_page
Sidetrack: A Wortley Café,"136 Wortley Rd, London, ON N6C 3P5",https://sidetrack.cafe/,london,no_store_page
Saga Board Games & Coffee,"105 King St, London, ON N6A 1C1",http://www.sagagamescafe.com/,london,no_store_page
Reset Social Cafe,"503 Talbot St, London, ON N6A 2S5",http://www.resetsocial.cafe/,london,no_store_page
Twins Café,"1135 Richmond St, London, ON N6A 2K5",https://www.twinscafe.ca/,london,no_store_page
Locomotive Espresso - North,"408 Pall Mall St, London, ON N5Y 2Z2",http://www.locomotiveespresso.com/,london,no_store_page
Coffee Culture Cafe & Eatery,"260 Dundas St, London, ON N6A 1H3",http://www.coffeeculturecafe.com/,london,no_shop
The Green Earth Cafe London,"1325 Riverbend Rd Unit 15, London, ON N6K 0K1",https://www.thegreenearthcafe.com/?utm_source=gbp&utm_medium=organic&utm_campaign=listing,london,scrape_failed
The Bearded Barista,"104 Main St S UNIT A, Rockwood, ON N0B 2K0",http://thebeardedbarista.ca/,london,no_shop
London Coffee House,"371 Hamilton Rd, London, ON N5Z 1R7",https://cmhatv.ca/londoncoffeehouse/,london,no_coffee_keywords
Cortoba Café,"312 Commissioners Rd W #4B, London, ON N6J 1Y3",http://www.cortoba.ca/,london,no_store_page
Black Walnut Bakery Café,"724 Richmond St, London, ON N6A 3H3",http://www.blackwalnutbakerycafe.com/,london,no_store_page
London Bicycle Café,"320 Thames St Unit 101, London, ON N6A 0E1",https://cafe.londonbicyclecafe.com/?utm_source=gmb&utm_medium=organic&utm_campaign=local,london,no_shop
Virgin Islands Coffee Roasters,"9718 Estate Thomas Suite 5A, St Thomas 00802, US Virgin Islands",http://virginislandscoffeeroasters.com/,st. thomas,wrong_region
Virgin Islands Coffee Roasters,"9718 Estate Thomas Suite 5A, St Thomas 00802, US Virgin Islands",http://virginislandscoffeeroasters.com/,st. thomas,wrong_region
St. Thomas Roasters,"5951 Linglestown Rd, Harrisburg, PA 17112, United States",http://www.stthomasroasters.com/,st. thomas,wrong_region
Virgin Islands Coffee Roasters,"9718 Estate Thomas Suite 5A, St Thomas 00802, US Virgin Islands",http://virginislandscoffeeroasters.com/,st. thomas,wrong_region
St. Thomas Roasters,"5951 Linglestown Rd, Harrisburg, PA 17112, United States",http://www.stthomasroasters.com/,st. thomas,wrong_region
Zesty Dessert Café,"831 Talbot St, St Thomas, ON N5P 1E4",https://live.vibemenu.dev/bWMOaEjqPOLkK7QalvvG,st. thomas,no_coffee_keywords
Los Frutos Del Café,"750 Talbot St Suite 105, St Thomas, ON N5P 1E2",http://frutosdelcafe.org/,st. thomas,no_store_page
Streamliners Espresso Bar,"767 Talbot St, St Thomas, ON N5P 1E3",http://www.streamlinersespressobar.com/,st. thomas,no_shop
Jancat Art,"584 Talbot St, St Thomas, ON N5P 1C4",https://www.jancat.art/,st. thomas,no_store_page
Tim Hortons,"280 Elm St, St Thomas, ON N5R 1J5",https://locations.timhortons.ca/en/on/st-thomas/280-elm-st,st. thomas,no_store_page
Why Not Cookies Cafe,"373 Talbot St, St Thomas, ON N5P 1B7",http://www.whynotcookies.ca,st. thomas,no_store_page
The Fritter Shop St. Thomas,"779 Talbot St, St Thomas, ON N5P 1E3",http://www.thefrittershop.com/,st. thomas,no_coffee_keywords
Spicer's Bakery In St Thomas,"965 Talbot St, St Thomas, ON N5P 3J2",https://www.spicersbakery.ca/,st. thomas,no_coffee_keywords
Country Charm Cafe,"310 Wellington St, St Thomas, ON N5R 2N6",http://countrycharmcafe.ca/,st. thomas,no_shop
Cold Creek Coffee Roasters,"230 Haynes Rd, Castleton, ON K0K 1M0",http://www.coldcreekcoffeeroasters.com/,st. thomas,no_store_page
Colonial Coffee Co Ltd,"3110 Marentette Ave, Windsor, ON N8X 4G2",http://www.colonialcoffee.ca/,st. thomas,no_shop
Roy's Coffee Shop,"273 Caradoc St S, Strathroy, ON N7G 2P3",http://royscoffeeshop.com/,strathroy,no_store_page
Backhome Coffee Roaster,"112 Christina St S, Sarnia, ON N7T 2M6",https://www.backhomecoffee.com/,strathroy,no_shop
Blackwater Coffee Co.,"177 Christina St N, Sarnia, ON N7T 5T8",http://www.blackwatercoffee.ca/,strathroy,no_shop
Starbucks Coffee Company,"105 Caradoc St S, Strathroy, ON N7G 2N7",https://www.starbucks.ca/,strathroy,no_store_page
The Cottage Cafe,"71 River Rd, Grand Bend, ON N0M 1T0",http://www.thecottagecafe.ca/,strathroy,no_store_page
The Olde Bakery Cafe,"120 Thames St S, Ingersoll, ON N5C 2T4",https://www.oldebakerycafe.com/,ingersoll,no_store_page
Ingersoll Rails House of Brews,"99 Victoria St, Ingersoll, ON N5C 2S9",http://www.ingersollrails.beer/,ingersoll,no_shop
Rose and Daffodil Bakery,"120 Thames St N, Ingersoll, ON N5C 1K7",http://www.roseanddaffodilbakery.com/,ingersoll,no_coffee_keywords
The Woodstock Coffee Company,"9550 Main St Suite #190, Woodstock, GA 30188, United States",https://www.thewoodstockcoffeecompany.com/,woodstock,wrong_region
Beanstock Coffee Roasters,"165 Holmes Rd, Eastham, MA 02642, United States",http://beanstockcoffee.com/,woodstock,wrong_region
Evergreen Coffee Roasters,"150 Bee St, Woodstock, ON N4S 3Z4",http://evergreencoffee.ca/,woodstock,no_store_page
Beantown Coffee,"9 Reeve St, Woodstock, ON N4S 3G1",http://instagram.com/beantowncoffeeco,woodstock,no_shop
Java Jax Good Roast Coffee & Catering,"93 Grand Ave S, Cambridge, ON N1S 2L7",https://www.javajax.ca/?utm_source=google&utm_medium=organic&utm_campaign=google_business_profile,woodstock,no_shop
Country Style,"Shell Gas Station, 200 Dundas St, Woodstock, ON N4S 1A7",https://www.countrystyle.com/stores/?utm_source=G&utm_medium=LPM&utm_campaign=MTY,woodstock,no_coffee_keywords
SJ FRESH COFFEE,"16 Water St S, Cambridge, ON N1R 3C5",https://sjfreshcoffee.godaddysites.com/,woodstock,no_shop
Disko Coffee,"63 Dickson St #1, Cambridge, ON N1R 7A5",https://disko.ca/,woodstock,no_store_page
Full of Beans Coffee Co,"St Jacobs Farmers Market, 878 Weber St N, Waterloo, ON N2J 4G8",https://www.fullofbeans.co/,woodstock,no_store_page
Tater's Sandwiches,"495 Dundas St, Woodstock, ON N4S 1C3",http://taterssandwiches.ca/,woodstock,no_shop
Vintage Coffee Roasters,"977 King St E, Hamilton, ON L8M 1C3",http://www.vintagecoffeeroasters.ca/,woodstock,no_shop
Lighthouse Coffee Roasters,"35931 Empress Dr #1, Abbotsford, BC V3G 2M8",http://www.lighthousecoffeeroasters.ca/,tillsonburg,wrong_region
Barking Irons Roastery | Chilliwack Coffee Roaster,"50529 Chilliwack Central Rd, Rosedale, BC V0X 1X2",https://www.barkingironsroastery.com/,tillsonburg,wrong_region
Craft 42 Roasters,"1178 High Rd, Kelowna, BC V1Y 7B1",http://www.craft42roasters.ca/,tillsonburg,wrong_region
Barking Irons Roastery | Chilliwack Coffee Roaster,"50529 Chilliwack Central Rd, Rosedale, BC V0X 1X2",https://www.barkingironsroastery.com/,tillsonburg,wrong_region
Lighthouse Coffee Roasters,"35931 Empress Dr #1, Abbotsford, BC V3G 2M8",http://www.lighthousecoffeeroasters.ca/,tillsonburg,wrong_region
Coyle's Country Store,"244282 Airport Rd, Tillsonburg, ON N4G 4H1",http://www.coylescountrystore.com/,tillsonburg,no_store_page
Nectar Bistro & Bar,"117 Broadway St, Tillsonburg, ON N4G 3P5",https://www.nectartillsonburg.ca/,tillsonburg,no_shop
Kingfisher Cafe,"11 Norfolk St N, Simcoe, ON N3Y 3N6",https://www.kingfishercafe.ca/,tillsonburg,no_store_page
Korner Perk,"101 Broadway St, Tillsonburg, ON N4G 3P5",https://kornerperk.ca/,tillsonburg,no_shop
Skyway Cafe Tillsonburg,"244411 Airport Rd, Tillsonburg, ON N4G 4H1",https://www.skywaycafe.ca/,tillsonburg,no_store_page
TC Brewing Co.,"2008 Dorchester Rd, Dorchester, ON N0L 1G2",http://www.tcbrew.ca/,tillsonburg,no_store_page
Cafe 1517,"16 Roy Blvd, Brantford, ON N3R 7K2",https://reformedbookservices.com/pages/cafe-1517,tillsonburg,no_store_page
Golden Grounds Coffee House,"154 Dalhousie St, Brantford, ON N3T 2J4",https://www.yourstudentsunion.ca/golden-grounds,tillsonburg,no_coffee_keywords
Joy Bakery Café,"126 Robinson St, Simcoe, ON N3Y 1W9",http://www.joyofnorfolk.ca/,tillsonburg,no_coffee_keywords
Solarien Cafe,"960 King St E, Cambridge, ON N3H 3K7",http://solarien.ca/,tillsonburg,no_shop
Friday cafe,"75 Dalhousie St, Brantford, ON N3T 2J1",https://fridaycafebrantford.wixsite.com/friday-cafe,tillsonburg,no_shop
The Social,"7 Main St E, Selkirk, ON N0A 1P0",http://selkirksocial.ca/,tillsonburg,no_store_page
Tamp Coffee Co.,"480 Brant St, Burlington, ON L7R 2G4",http://tampcoffee.com/,tillsonburg,no_shop
Alaska Artisan Coffee,"4576 Glenn Hwy, Palmer, AK 99645, United States",http://www.alaskaartisancoffee.com/,aylmer,wrong_region
Abby Mae's Cafe & Bakery,"516 John St N, Aylmer, ON N5H 0A6",http://abbymaescafeandbakery.com/,aylmer,no_store_page
Huckleberry Cakes & Coffee,"49 Talbot St E, Aylmer, ON N5H 1H3",http://huckleberrycakes.ca/,aylmer,no_store_page
Abby Mae's Gluten Free Bakery,"300 Talbot St W, Aylmer, ON N5H 1K2",http://abbymaes.square.site/,aylmer,no_store_page
Café Mulligan,"149 Principale St, Gatineau, Quebec J9H 3M7",https://www.cafemulligan.com/,aylmer,no_coffee_keywords
Café British,"79 Principale St, Gatineau, Quebec J9H 4N5",http://thebritish.ca/,aylmer,no_store_page
Ukrainian Homemade Food,"128 Talbot St E, Aylmer, ON N5H 1H5",https://ukrainianhomefood.ca/,aylmer,no_coffee_keywords
Walker Dairy Bar,"49681 Talbot St E, Aylmer, ON N5H 2W1",http://walkerfarms.ca/,aylmer,no_store_page
Pinecroft,"8122 Rogers Rd, Aylmer, ON N5H 2R4",https://pinecroft.ca/,aylmer,no_coffee_keywords
Beanzz,"207 Christina St N, Sarnia, ON N7T 5T9",https://www.beanzzsarnia.com/,sarnia,no_store_page
Coffee Lodge,"400 Exmouth St, Sarnia, ON N7T 5N9",http://www.coffeelodge.ca/,sarnia,no_store_page
Greens,"196 Christina St N, Sarnia, ON N7T 5V3",http://greenssarnia.com/,sarnia,no_shop
The Roastory Specialty Coffee and Roastery Inc.,"12 Ella Ln Unit 106, Bedford, NS B4B 2J6",https://www.theroastorycoffee.com/,halifax,no_shop
Roastery 46,"170 Joseph Zatzman Dr Unit 12, Dartmouth, NS B3B 1M3",http://roastery46.ca/,halifax,scrape_failed
Scotian Grind Coffee,"26 Windfield Crescent, Middle Sackville, NS B4E 3A1",http://www.scotiangrindcoffee.ca/,halifax,no_shop
Espresso 46,"2867 Isleville St, Halifax, NS B3K 3X4",https://www.facebook.com/Espresso46/,halifax,no_coffee_keywords
Caffè Lucca,"1625 Grafton St, Halifax, NS B3J 0B1",https://www.caffelucca.ca/,halifax,no_shop
Café Lara & Roastery,"3121 Kempt Rd, Halifax, NS B3K 5N6",http://www.cafelara.ca/,halifax,scrape_failed
Tartan Coffee Company,"Dingle Rd, Halifax, NS B3P 1A1",https://www.tartancoffee.ca/,halifax,scrape_failed
Weird Harbour Espresso Bar,"1656 Barrington St, Halifax, NS B3J 0C2",https://www.weirdharbour.com/,halifax,no_coffee_keywords
The Barn Coffee & Social House,"458 Main St, Mahone Bay, NS B0J 2E0",http://www.thebarncoffee.com/,halifax,no_shop
The Fourth Pull by Stoke Food Supply,"5687 West St, Halifax, NS B3K 4C1",http://stokefood.ca/,halifax,no_coffee_keywords
Ramblers,"5576 Nora Bernard St, Halifax, NS B3K 5K9",http://www.instagram.com/ramblers.hfx,halifax,no_shop
Beanville Coffee Roastery,"771 Bedford Hwy, Bedford, NS B4A 1A1",https://www.beanvillecoffee.com/,halifax,no_store_page
Terra Cafe,"1496 Lower Water St, Halifax, NS B3J 3R5",http://terracafe.ca/,halifax,no_shop
Uncommon Grounds,"1030 South Park St Suite # 321, Halifax, NS B3H 2W3",https://www.theuncommongroup.com/,halifax,no_coffee_keywords
Sully and Porter Cafe,"2959 Oxford St, Halifax, NS B3L 2W3",http://sullyandporter.com/,halifax,no_store_page
Creative Cup Cafe,"2792 Gottingen St, Halifax, NS B3K 3C8",http://www.creativecupcafe.ca/,halifax,no_store_page
Balancing Rock Coffeehouse,"1919 Upper Water St, Halifax, NS B3J 3J5",https://www.marriott.com/en-us/hotels/yhzmc-halifax-marriott-harbourfront-hotel/dining/?scid=feed67b0-9a2f-4de1-8df6-114544116108,halifax,no_shop
Apartment 3 Espresso Bar,"1565 South Park St Unit 2, Halifax, NS B3J 0H8",http://www.apt3coffee.com/,halifax,no_store_page
Nhà Specialty Coffee & Kitchen,"205 Bedford Hwy Ground Floor, Halifax, NS B3M 0R5",https://nhacoffee.com/,halifax,no_shop
Xena's Bread and Butter Ltd.,"1996 Brunswick St, Halifax, NS B3J 2G7",https://xenasbreadandbutter.com/,halifax,no_store_page
Steve-O-Reno's Cappuccino,"1536 Brunswick St, Halifax, NS B3J 2G2",https://www.steveorenos.com/,halifax,no_store_page
Glitter Bean Cafe Co-op,"5896 Spring Garden Rd, Halifax, NS B3H 0A6",https://www.glitterbeancafe.com/,halifax,no_store_page
Open Book Coffee,"3660 Strawberry Hill St, Halifax, NS B3K 5A9",https://openbookcoffee.ca/,halifax,no_store_page
The 5K Cafe,"124 Chain Lake Dr, Halifax, NS B3N 3B4",https://www.the5kcafe.ca/,halifax,no_shop
Lucy's Hydrostone Café,"5517 Young St, Halifax, NS B3K 1Z7",https://lucyshydrostone.ca/?utm_source=boom12&utm_medium=gbl&utm_campaign=orgsoc,halifax,no_shop
Dilly Dally Coffee Cafe,"6100 Quinpool Rd, Halifax, NS B3L 1A1",http://www.dillydallyeats.com/contact.html,halifax,no_store_page
Bird's Nest Cafe + Catering,"1547 Barrington St, Halifax, NS B3J 1Z4",https://www.birdsnesthalifax.com/,halifax,no_store_page
The Mellow Mug (Halifax),"7071 Bayers Rd Suite 1011, Halifax, NS B3L 2C2",http://mellowmug.ca/,halifax,no_shop
Seven Bays Cafe,"2017 Gottingen St, Halifax, NS B3K 3B1",https://sevenbaysbouldering.com/gottingen/cafe/menu/,halifax,no_coffee_keywords
Cafe Byron,"2456 Agricola St, Halifax, NS B3K 4C2",https://www.cafebyron.ca/,halifax,no_store_page
Trident Booksellers & Cafe,"1256 Hollis St, Halifax, NS B3J 1T6",https://tridenthalifax.ca/,halifax,no_shop
Pane e Circo,"1515 Queen St, Halifax, NS B3J 1G1",http://www.panecirco.ca/,halifax,no_coffee_keywords
Selby’s Bunker Coffee & Gifts,"1090 Cole Harbour Rd, Dartmouth, NS B2V 1E7",http://selby.store/,halifax,no_store_page
Tart & Soul Cafe,"6389 Coburg Rd, Halifax, NS B3H 2A5",http://tartandsoulcafe.ca/,halifax,no_store_page
Bliss Caffeine Bar,"1451 South Park St, Halifax, NS B3J 2L1",https://blisscaffeinebar.com/,halifax,no_store_page
North End Baking Co. & Café,"5505 Clyde St., Halifax, NS B3J 0M2",https://northendbaking.com/,halifax,no_shop
Café du Port,"1597 Barrington St, Halifax, NS B3J 1Z7",https://www.caféduport.com/,halifax,no_store_page
Cabin Coffee,"1554 Hollis St, Halifax, NS B3J 1V3",http://cabincoffeehalifax.ca/,halifax,no_store_page
Bramble Cafe,"2851 Agricola St, Halifax, NS B3K 4E6",http://www.bramblehfx.ca/,halifax,no_store_page
Two If By Sea Cafe,"66 Ochterloney St, Dartmouth, NS B2Y 1C2",http://twoifbysea.cafe/,halifax,no_shop
Rosefinch Mercantile & Tea Room,"1615 Port Medway Rd, Port Medway, NS B0J 2T0",http://www.rosefinch.co/,halifax,no_store_page
Starbucks Coffee Company,"5640 Spring Garden Rd, Halifax, NS B3J 3M7",https://www.starbucks.ca/,halifax,no_store_page
Spill The Tea in Mahone Bay,"503 Main St, Mahone Bay, NS B0J 2E0",http://teabrewery.com/,halifax,no_store_page
Bee's Knees General Store & Bakery,"498 Main St, Lawrencetown, NS B0S 1M0",http://www.beeskneesgeneral.ca/,halifax,no_store_page
Rose & Rooster Cafe,"6502 NS-207, Head of Chezzetcook, NS B3E 1K7",http://roseandrooster.com/,halifax,no_coffee_keywords
Tim Hortons,"217 Chain Lake Dr, Halifax, NS B3S 1C1",http://locations.timhortons.ca/en/ns/halifax/217-chain-lake-dr,halifax,no_store_page
Supreme Bean,"36 Esdaile Ave, Dartmouth, NS B2Y 3N6",https://www.supremebean.ca/,dartmouth,scrape_failed
Café Goodluck,"145 Portland St, Dartmouth, NS B2Y 1H9",https://cafegoodluck.ca/,dartmouth,no_shop
Morley's Coffee / Taz Records / Friction Books,"45 Portland St, Dartmouth, NS B2Y 1H1",http://www.frictionbooks.com/,dartmouth,no_store_page
Cafe Marco Polo,"15 Kings Wharf Pl, Dartmouth, NS B2Y 0B4",https://cafemarcopolodartmouth.com/,dartmouth,no_store_page
Woodroast Coffee Shop,"2 Smith St, Dartmouth TQ6 9QR, United Kingdom",http://www.italianfoodheroes.com/information.php?t=Woodroast&s=Our-Businesses&id=53,dartmouth,scrape_failed
Standing Wave Coffee,"2024 Sarah St, Pittsburgh, PA 15203, United States",https://www.standingwavecoffee.com/,bedford,wrong_region
Lëvantic Bakery and Café,"226 Broad St Unit 101, Bedford, NS B4B 1J6",https://levantic.square.site/,bedford,no_coffee_keywords
GERRISH & GRAY CAFE,"134 Gerrish St, Windsor, NS B0N 2T0",https://www.gerrishandgray.ca/,bedford,no_shop
Izzy's Bagel Co.,"1180 Bedford Hwy, Bedford, NS B4A 1N8",http://izzysbagel.com/,bedford,no_coffee_keywords
Axe to Grind Foods,"OFFICE ONLY, 24 Andrea Lori Dr, Middle Sackville, NS B4E 3B6",http://www.axetogrindfoods.com/,bedford,no_store_page
HARVEST | Clean Eats (Bedford),"936 Bedford Hwy, Bedford, NS B4A 3P1",http://orderharvest.ca/,bedford,no_store_page
Il Mercato,"1595 Bedford Hwy, Bedford, NS B4A 3Y4",http://www.il-mercato.ca/,bedford,no_coffee_keywords
North Mountain Fine Coffees,"210 Commercial St, Berwick, NS B0P 0B0",https://www.northmountaincoffee.com/,bedford,no_store_page
Xpresso Café,"1658 Bedford Hwy Unit 130, Bedford, NS B4A 2X9",https://xpresso.ca/,bedford,no_coffee_keywords
Standing Wave Coffee,"2024 Sarah St, Pittsburgh, PA 15203, United States",https://www.standingwavecoffee.com/,sackville,wrong_region
The Pink Piano Cafe & Lounge,"585 Sackville Dr Unit 1, Lower Sackville, NS B4C 2S4",https://www.thepinkpianocafe.com/,sackville,no_store_page
Futures Café,"61 Glendale Ave, Lower Sackville, NS B4C 3J4",https://buildfutures.ca/futures-cafe,sackville,no_store_page
The Café - Powered by Youth Worx,"409 Glendale Dr, Lower Sackville, NS B4C 2Y9",https://www.halifax.ca/about-halifax/employment/youth-worx-job-experience-program/youth-worx-cafe,sackville,no_shop
Kopi cafe,"2069 Hammonds Plains Rd, Hammonds Plains, NS B4B 1P3",http://www.kopicafe.ca/,sackville,scrape_failed
MediTerra Kitchen,"111 Cobequid Rd Unit:7, Lower Sackville, NS B4C 2N1",http://www.mediterrakitchen.ca/,sackville,no_coffee_keywords
Halisi Café,"1710 Sackville Dr unit 102, Middle Sackville, NS B4E 3A9",http://halisicafe.com/,sackville,no_coffee_keywords
Casa di Stefano,"111 Cobequid Rd, Lower Sackville, NS B4C 2N1",https://casadistefano.ca/,sackville,no_shop
Sankofa Cafe,"1081 Cole Harbour Rd Unit 5, Dartmouth, NS B2V 1E8",https://sankofacafes.com/,cole harbour,no_shop
"Coffee, Tea & Sea","18 Government Wharf Rd, Eastern Passage, NS B3G 1A3",http://httpscoffeesteaandsea.wordpress.com/,eastern passage,no_shop
Preserving Traditions,"121 Cow Bay Rd, Eastern Passage, NS B3G 1T3",http://preservingtraditions.ca/,eastern passage,no_coffee_keywords
Pavia Gallery - Espresso Bar & Café,"995 Herring Cove Rd, Herring Cove, NS B3V 1H5",http://www.paviagallery.com/,eastern passage,no_shop
Main & Mersey Dining Room & Coffee Bar,"267 Main St, Liverpool, NS B0T 1K0",https://www.mainandmerseyhomestore.ca/,eastern passage,no_store_page
Eastern Tea Bar & Friends (ETBF),"2093 Gottingen St, Halifax, NS B3K 3B2",http://www.easternteabar.com/shop,eastern passage,no_coffee_keywords
South Shore Coffee Company,"4200 NS-308 #4B, Tusket, NS B0W 3M0",http://www.southshorecoffeecompany.com/,eastern passage,no_coffee_keywords
Sissiboo Coffee Roaster,"1886 Clementsvale Rd, Bear River, NS B0S 1B0",http://sissiboocoffee.com/,fall river,no_store_page
Picadilly Coffee Roasters,"33 Rosemont Ave, Sussex, NB E4E 2R6",https://www.picadillycoffee.ca/,waverley,wrong_region
The Hungry Traveler Cafe,"15 King St, Lunenburg, NS B0J 2C0",https://www.thehungrytravelercafe.com/,waverley,no_shop
