Name,Address,Original Website,Website,source_city
Atlanta Coffee Roasters,"2205 Lavista Rd, Atlanta, GA 30329",http://www.atlantacoffeeroasters.com/,https://atlantacoffeeroasters.com/single-origin-c45708300,Atlanta
Belux Coffee Roasters,"5430 McGinnis Ferry Rd #101B, Alpharetta, GA 30005",http://www.beluxcoffee.com/,https://www.beluxcoffee.com/shop,Atlanta
Coffee That Matters by Phoenix Roasters,"2640 Old Peachtree Rd NW C, Duluth, GA 30097",https://phoenixroasters.coffee/pages/where-to-find-us,https://phoenixroasters.coffee/collections/coffee,Atlanta
Postern Coffee,"2421 Van Fleet Cir Suite 124, Doraville, GA 30360",http://posterncoffee.com/,http://posterncoffee.com/collections/coffee,Atlanta
Peach Coffee Roasters,"10875 Jones Bridge Rd #5, Johns Creek, GA 30022",https://www.peachcoffeeroasters.com/,https://www.peachcoffeeroasters.com/collections/coffee,Atlanta
Portrait Coffee,"1065 Ralph David Abernathy Blvd SW # A, Atlanta, GA 30310",http://portrait.coffee/,http://portrait.coffee/collections/coffee-bags,Atlanta
Elite Roasters of Atlanta,"1592 Atlanta Rd SE ste 130A, Marietta, GA 30060",https://eliteroastersofatlanta.com/,https://eliteroastersofatlanta.com/collections/coffee,Atlanta
"Boarding Pass Coffee - Roastery (Milton, GA)","13695 GA-9 Suite 102, Alpharetta, GA 30004",http://www.boardingpasscoffee.com/,http://www.boardingpasscoffee.com/collections/full-selection,Atlanta
East Pole Coffee Co.,"255 Ottley Dr NE #105, Atlanta, GA 30324",http://eastpole.coffee/,http://eastpole.coffee/collections/coffee,Atlanta
Flow Coffee Roasters,"3172 E Ponce de Leon Ave, Scottdale, GA 30079",https://www.flowcoffeeatl.com/,https://www.flowcoffeeatl.com/shop,Atlanta
Con Leche Coffee,"181 Flat Shoals Ave SE Unit 1, Atlanta, GA 30316",https://www.conleche.com/,https://radioroasters.com/?utm_source=conleche-website,Atlanta
Prevail Union | ATL,"1050 Howell Mill Rd NW, Atlanta, GA 30318",http://www.prevailcoffee.com/,http://www.prevailcoffee.com/collections/all-coffees,Atlanta
Bellwood Coffee - East Atlanta Village,"1336 Glenwood Ave SE, Atlanta, GA 30316",http://bellwoodcoffee.com/,http://bellwoodcoffee.com/collections/coffee,Atlanta
Valor Coffee,"44 Milton Ave, Alpharetta, GA 30009",http://valor.coffee/,http://valor.coffee/shop/coffee,Atlanta
Aroma Ridge Coffee Roasters,"1831 W Oak Pkwy # C, Marietta, GA 30062",http://aromaridge.com/,http://aromaridge.com/collections/roasted-coffees,Atlanta
San Francisco Coffee Roasting Company,"1192 N Highland Ave NE, Atlanta, GA 30306",https://www.sanfranciscocoffeeroastingco.com/,https://www.sanfranciscocoffeeroastingco.com/collections/coffee-and-subscriptions,Atlanta
Chrome Yellow,"501 Edgewood Ave SE, Atlanta, GA 30312",https://chrome-yellow.com/,https://chrome-yellow.com/collections/coffee,Atlanta
Foxtail Coffee Co.- Buckhead,"3699 Lenox Rd NE Suite 1, Atlanta, GA 30305",https://www.foxtailcoffee.com/locations/foxtail-coffee-buckhead,https://shop.foxtailcoffee.com/collections/coffee,Atlanta
Firelight Coffee Roasters,"3800 Wendell Dr SW #105, Atlanta, GA 30336",https://firelightcoffee.com/,https://firelightcoffee.com/collections/coffee,Atlanta
Rev Coffee,"1680 Spring Rd SE B, Smyrna, GA 30080",http://www.revcoffee.com/,http://www.revcoffee.com/collections/coffee,Atlanta
Two Jays Coffee Roasters,"1341 Capital Cir # C, Marietta, GA 30067",http://www.twojayscoffee.com/,https://www.twojayscoffee.com/roasted-coffee,Atlanta
Rex Coffee Roasters,"1435 Bluegrass Lakes Pkwy Suite 160, Alpharetta, GA 30004",https://rexcoffee.com/,https://rexcoffee.com/shop/,Atlanta
Café Clément,"1438 Canton Rd, Marietta, GA 30066",http://www.cafeclement.com/,http://www.cafeclement.com/shopcoffee,Atlanta
Apotheos Roastery,"2871 Cherokee St NW, Kennesaw, GA 30144",https://www.apotheosroastery.com/,https://www.apotheosroastery.com/store,Atlanta
Radio Roasters Coffee,"2969 E Ponce de Leon Ave Suite 320, Decatur, GA 30030",http://radioroasters.com/,http://radioroasters.com/collections/all-coffees,Atlanta
Refuge Coffee Co. Clarkston,"4170 E Ponce de Leon Ave NE, Clarkston, GA 30021",http://www.refugecoffeeco.com/,https://shop.refugecoffeeco.com,Atlanta
Kin Coffee Co.,"5352 Peachtree Rd, Chamblee, GA 30341",https://www.kincoffeeco.com/,https://www.kincoffeeco.com/store,Atlanta
Warm Waves Coffee House,"52-A S Main St, Alpharetta, GA 30009",https://warmwavescoffee.com/,https://warmwavescoffee.com/collections/coffee,Atlanta
FiNCA TO FiLTER O4W,"652 Angier Ave NE Suite A, Atlanta, GA 30308",https://www.finca.coffee/,https://www.finca.coffee/shop,Atlanta
Summit Coffee Roswell,"585 Atlanta St, Roswell, GA 30075",https://www.summitcoffee.com/roswell,https://www.summitcoffee.com/shopcoffee,Atlanta
Artifex Coffee,"1815 Hembree Rd Unit 208, Alpharetta, GA 30009",https://artifexcoffees.com/,https://artifexcoffees.com/collections/all,Atlanta
Lucky Goat Coffee - Dunwoody Park,"Dunwoody Park Suite 300, Dunwoody, GA 30338",https://luckygoatcoffee.com/pages/dunwoody-park,https://luckygoatcoffee.com/collections/single-origin-coffee,Atlanta
RAANI COFFEE ROASTERS,"720 Moreland Ave SE Ste B, Atlanta, GA 30316",http://www.raanicoffee.com/,http://www.raanicoffee.com/collections/all,Atlanta
Volcanica Coffee,"4110 Tench Rd Suite H, Suwanee, GA 30024",https://volcanicacoffee.com/,https://volcanicacoffee.com/collections/all-coffees,Atlanta
Dancing Goats Coffee Decatur,"419 W Ponce de Leon Ave, Decatur, GA 30030",https://www.dancinggoats.com/pages/dancing-goats-coffee-bar,https://www.dancinggoats.com/collections/coffee,Decatur
ChocoLaté Coffee,"2094 N Decatur Rd, Decatur, GA 30033",http://www.mychocolatecoffee.com/,https://www.shopmychocolatecoffee.com/,Decatur
PERC,"2380 Hosea L Williams Dr NE, Atlanta, GA 30317",http://perccoffee.com/,http://perccoffee.com/collections/coffee,Decatur
The River Coffee Company,"101 N Main St, Decatur, IL 62523",http://rivercoffee.co/,https://www.rivercoffee.co/shop/coffee-beans/,Decatur
Depot by Kaldi's Coffee,"1 Eagle Row, Atlanta, GA 30322",http://kaldiscoffee.com/pages/the-depot,http://kaldiscoffee.com/collections/coffee,Decatur
Marquis Coffee Roasters,"1234 W Cerro Gordo St, Decatur, IL 62522",https://marquisbeverage.com/,https://marquisbeverage.com/collections/all,Decatur
Try-Me Coffee Roasters,"1014 France St, New Orleans, LA 70117",http://trymecoffeeroasters.com/,http://trymecoffeeroasters.com/collections/all,Decatur
River Roasters Coffee Company,"102 W Main St, Pomeroy, OH 45769",http://riverroasters.co/,http://riverroasters.co/shop,Decatur
Voltage Coffee Project,"110 N Trinity St, Decatur, TX 76234",https://voltagecoffeeproject.com/,https://voltagecoffeeproject.com/collections/single-origin-coffees,Decatur
Domestique Coffee Roaster - (NOT A COFFEE SHOP) Production Facility,"3017 6th Ave S, Birmingham, AL 35233",https://domestiquecoffee.com/,https://domestiquecoffee.com/collections/single-origin-coffee,Decatur
Anytime Coffee,"471 Sessions St NW, Marietta, GA 30060",http://anytimecoffee.com/,http://anytimecoffee.com/cat-starbucks-serenade-whole-bean.cfm,Marietta
COF& Specialty Coffee Shop,"1600 Kennesaw Due West Rd NW #307, Kennesaw, GA 30152",https://colcofy.com/,https://colcofy.com/collections/shop,Marietta
Scooter's Coffee,"2943 Canton Rd #1600, Marietta, GA 30066",https://scooterscoffee.com/,https://www.scooterscoffee.com/shop/at-home-coffee,Marietta
Joe's Coffee House,"1831 W Oak Pkwy # C, Marietta, GA 30062",http://joescoffeehouse.com/,http://joescoffeehouse.com/collections/regular-coffee,Marietta
Cips Coffee Roasters,"2780 W Village Dr Suite B, Suwanee, GA 30024",http://www.cipscoffeeroasters.com/,https://cipscoffeeroasters.com/buy-coffee/,Alpharetta
Thrive Farmers International,"215 Hembree Park Dr # 100, Roswell, GA 30076",https://thrivefarmers.com/,https://thrivefarmers.com/thrivestore/coffee,Alpharetta
Brash Coffee,"6290 Halcyon Way, Alpharetta, GA 30005",https://brashcoffee.com/,https://brashcoffee.com/collections/coffee,Alpharetta
Kava Coffee Company,"1435 Bluegrass Lakes Pkwy Suite 120, Alpharetta, GA 30004",https://kavacoffee.com/,https://kavacoffee.com/shop/,Alpharetta
The Human Bean,"2000 Holcomb Bridge Rd, Roswell, GA 30076",https://thehumanbean.com/blogs/stores/ga-roswell-holcomb-bridge-road,https://thehumanbean.com/collections,Alpharetta
Degenerate Coffee Co.,"304 N Richardson Ave, Roswell, NM 88201",https://www.degeneratecoffee.com/,https://www.degeneratecoffee.com/shop,Roswell
King Krane Coffee Co.,"300 Colonial Center Pkwy, Roswell, GA 30076",http://kingkranecoffee.co/,http://kingkranecoffee.co/collections/coffee,Roswell
Blue Donkey Coffee,"3280 Peachtree Rd NE #140b, Atlanta, GA 30305",https://www.bluedonkeycoffee.com/buckhead,https://www.bluedonkeycoffee.com/shop,Buckhead
Magnífico Coffee Roasters & Coffee Shop,"3063 N Milwaukee Ave, Chicago, IL 60618",https://www.magnificocoffee.com/,https://www.magnificocoffee.com/collections/coffee,Chicago
Coffee Lab & Roasters,"2823 N Lincoln Ave, Chicago, IL 60657",http://coffeelablakeview.com/,https://www.bcbccoffeeroasters.com/shop,Chicago
Dark Matter Coffee - The Mothership,"738 N Western Ave, Chicago, IL 60612",http://www.darkmattercoffee.com/,http://www.darkmattercoffee.com/collections/coffee,Chicago
Hexe Coffee Co.,"2000 W Diversey Pkwy, Chicago, IL 60614",http://hexecoffee.com/,http://hexecoffee.com/store,Chicago
Sparrow Coffee Roastery,"2040 W Fulton St, Chicago, IL 60612",http://www.sparrowcoffee.com/,https://25f74f-2.myshopify.com/collections/frontpage,Chicago
Roast 808,"3350 Salt Creek Ln #115, Arlington Heights, IL 60005",https://www.roast808.com/,https://www.roast808.com/collections/frontpage,Chicago
Printer's Row Coffee Co.,"2482 N Lincoln Ave, Chicago, IL 60614",http://www.printersrowcoffeeco.com/,http://www.printersrowcoffeeco.com/shop,Chicago
Sputnik Coffee Company,"2618 W 48th St, Chicago, IL 60632",https://www.sputnikcoffeecompany.com/,https://www.sputnikcoffeecompany.com/collections/coffee,Chicago
Tugboat Coffee,"151 S Rohlwing Rd, Addison, IL 60101",http://www.tugboatcoffee.com/,https://www.tugboatcoffee.com/1shop,Chicago
Gost Coffee Roasters,"1333 S Schoolhouse Rd, New Lenox, IL 60451",http://gostcoffee.com/,https://www.gostcoffee.com/shop,Chicago
Reprise Coffee Roasters,"710 Main St, Evanston, IL 60202",http://www.repriseroasters.com/,http://www.repriseroasters.com/shop-online/coffee,Chicago
Stivers Coffee,"2215 S Union Ave, Chicago, IL 60616",https://www.stiverscoffee.biz/,https://www.stiverscoffee.biz/collections/all,Chicago
The Roasterie - Metropolis Coffee Company,"3057 N Rockwell St Building 1, Chicago, IL 60618",https://www.metropoliscoffee.com/,https://shop.metropoliscoffee.com/,Chicago
Heady Cup Coffee Roasters,"4127 W Orleans St, McHenry, IL 60050",https://headycup.com/,https://headycup.com/collections/all-coffee,Chicago
CBC Roasters,"541 W Golf Rd, Arlington Heights, IL 60005",https://www.cbcroasters.com/,https://www.cbcroasters.com/our-coffees/,Chicago
I Have a Bean,"655 Childs St, Wheaton, IL 60187",http://www.ihaveabean.com/?utm_source=google&utm_medium=organic&utm_campaign=gbp,http://www.ihaveabean.com/collections/retail,Chicago
Just Be Coffee Roasters,"400 Fisher St unit e, Munster, IN 46321",http://justbe.coffee/,https://justbe.coffee/shop/,Chicago
Veteran Roasters Cafe,"161 N Clark St suite 140 / Lobby, Chicago, IL 60601",https://www.veteranroasters.com/,https://www.veteranroasters.com/collections/all-coffee,Chicago
Ceramic Coffee Roasters,"N Bernard St, Chicago, IL 60625",https://ceramiccoffee.co/,https://ceramiccoffee.co/collections/beans,Chicago
Ixxa Coffee Roasters,"1720 Calumet Ave, Hammond, IN 46394",https://www.ixxacoffee.com/,https://www.ixxacoffee.com/collections/all,Chicago
Happy Monday Coffee Roasters,"1307 W Hollywood Ave, Chicago, IL 60660",http://www.happymondaycoffee.com/,http://www.happymondaycoffee.com/collections/all,Chicago
Soloway coffee,"2275 N Lincoln Ave, Chicago, IL 60614",http://www.solowaycoffee.com/,http://www.solowaycoffee.com/products/society-specialty-blend,Chicago
SEY Coffee,"18 Grattan St, Brooklyn, NY 11206",https://sey.coffee/,https://sey.coffee/products/2026-albino-ibias-tres-cedros-peru,Chicago
"Modest Coffee, Inc.","245 W Roosevelt Rd Bldg. 2 Ste. 15, West Chicago, IL 60185",http://www.modest.coffee/,https://www.modest.coffee/product-category/singlebags/,Chicago
Big Shoulders Coffee,"213 W Lake St, Chicago, IL 60606",http://www.bigshoulderscoffee.com/,http://www.bigshoulderscoffee.com/collections/coffee,Chicago
Hansa Coffee Roasters,"755 N Milwaukee Ave, Libertyville, IL 60048",http://www.hansacoffee.com/,http://www.hansacoffee.com/collections/single-origins,Chicago
Mojo Coffee,"190 S LaSalle St, Chicago, IL 60603",http://us.mojo.coffee/,http://us.mojo.coffee/collections/shop/coffee,Chicago
Passion House Coffee Roasters - Roastery,"328 N Albany Ave Ste 101, Chicago, IL 60612",http://www.passionhousecoffee.com/,http://www.passionhousecoffee.com/products/roasters-choice-single-origin-monthly,Chicago
Intelligentsia,"53 E Randolph St, Chicago, IL 60601",https://www.intelligentsia.com/pages/millennium-park-coffeebar,https://www.intelligentsia.com/collections/coffee,Chicago
Chicago French Press at Roosevelt Collection,"1021 S Delano Ct, Chicago, IL 60605",https://chicagofrenchpress.com/,https://chicagofrenchpress.com/collections/premium-blends,Chicago
Standing Wave Coffee,"2024 Sarah St, Pittsburgh, PA 15203",https://www.standingwavecoffee.com/,https://www.standingwavecoffee.com/our-coffee,Chicago
3rd Wave Coffee Roasters,"215 W King St #3, St. Augustine, FL 32084",https://3rdwavecoffee.com/,https://3rdwavecoffee.com/collections/all,Chicago
Groundswell Coffee Roasters,"4839 N Damen Ave, Chicago, IL 60625",http://www.groundswellcoffeeroasters.com/,http://www.groundswellcoffeeroasters.com/collections/all-beans,Chicago
Brü Coffeeworks,"3005 W Lawrence Ave, Chicago, IL 60625",http://brucoffeeworks.com/,http://brucoffeeworks.com/coffee,Chicago
Ground Up Coffee & Bites,"363 W Erie St, Chicago, IL 60654",http://www.groundupchicago.com/,http://www.groundupchicago.com/collections/frontpage,Chicago
Colectivo Coffee Lincoln Park,"2530 N Clark St, Chicago, IL 60614",https://colectivo.com/pages/lincoln-park,https://colectivo.com/collections/coffee,Chicago
Caffe Umbria,"346 N Clark St UNIT 4709, Chicago, IL 60654",http://www.caffeumbria.com/,http://www.caffeumbria.com/collections,Chicago
Sloan Coffee Roasting,"482 Uvedale Rd, Riverside, IL 60546",http://sloancoffee.com/,http://sloancoffee.com/products,Chicago
Qamaria Yemeni Coffee Co.,"9970 S Ridgeland Ave, Chicago Ridge, IL 60415",https://www.qamariacoffee.com/,https://www.qamariacoffee.com/shop/coffee,Chicago
Maple Leaf Coffee Roasters (Roaster Location),"352 Irving Park Rd, Roselle, IL 60172",https://mapleleafroasters.com/,https://mapleleafroasters.com/coffee,Chicago
La Colombe Coffee Workshop,"955 W Randolph St, Chicago, IL 60607",https://www.lacolombe.com/pages/cafes/randolph?utm_source=google&utm_medium=organic&utm_campaign=gbp,https://www.lacolombe.com/collections/coffee,Chicago
Backlot Coffee,"3982 N Avondale Ave, Chicago, IL 60641",http://backlotcoffee.com/,http://backlotcoffee.com/collections/coffee,Chicago
Fresh Coast Coffee Co.,"Evanston, IL 60201",http://freshcoast.coffee/,http://freshcoast.coffee/collections/all,Evanston
Newport Coffee House,"622 Davis St, Evanston, IL 60201",http://www.newport-coffee.com/,http://www.newport-coffee.com/shop/coffee-beans,Evanston
Coffee That Matters by Phoenix Roasters,"2640 Old Peachtree Rd NW C, Duluth, GA 30097",https://phoenixroasters.coffee/pages/where-to-find-us,https://phoenixroasters.coffee/collections/coffee,Evanston
Idyll Coffee Roasters,"6330 W North Ave, Wauwatosa, WI 53213",https://www.idyllcoffeeroasters.com/,https://www.idyllcoffeeroasters.com/collections/our-coffees/whole-bean-coffee+coffee+single-origin,Evanston
Belux Coffee Roswell,"1055 Alpharetta St Ste 1800, Roswell, GA 30075",http://www.beluxcoffee.com/,https://www.beluxcoffee.com/shop,Evanston
Philz Coffee,"1030 Davis St, Evanston, IL 60201",https://philzcoffee.com/locations/evanston?utm_source=gmb&utm_medium=yext,https://philzcoffee.com/t/shop/coffee,Evanston
Aroma Ridge Coffee Roasters,"1831 W Oak Pkwy # C, Marietta, GA 30062",http://aromaridge.com/,http://aromaridge.com/collections/roasted-coffees,Evanston
JumpinGoat Coffee Roasters,"7086 S Main St, Helen, GA 30545",https://www.jumpingoatcoffeeroasters.com/,https://www.jumpingoatcoffeeroasters.com/collections/non-flavored-coffee,Evanston
Break Coffee Roasters,"3122 Hill St NW, Duluth, GA 30096",https://breakroasters.com/pages/duluth,https://breakroasters.com/collections/coffee,Evanston
Tala Coffee Roasters - Winnetka Cafe,"93 Green Bay Rd, Winnetka, IL 60093",https://talacoffeeroasters.com/,https://talacoffeeroasters.com/shop/coffee,Evanston
Alchemy Coffee & Bake House,"416 Linden Ave #2845, Wilmette, IL 60091",https://www.alchemycoffeehouse.com/,https://www.alchemycoffeehouse.com/shop,Evanston
"Dragon Fire Coffee Roasters, Inc.","30W250 Butterfield Rd # 311, Warrenville, IL 60555",http://dragonfirecoffeeroasters.com/,http://dragonfirecoffeeroasters.com/collections/all,Evanston
Great Circle Coffee Roasters (Wholesale),"382 NE 56th St, Miami, FL 33137",http://www.greatcirclecoffee.com/,http://www.greatcirclecoffee.com/collections/all,Evanston
Postern Coffee,"2421 Van Fleet Cir Suite 124, Doraville, GA 30360",http://posterncoffee.com/,http://posterncoffee.com/collections/coffee,Evanston
BCBC COFFEE ROASTERS,"2823 N Lincoln Ave, Chicago, IL 60657",http://bcbccoffeeroasters.com/,https://bcbccoffeeroasters.com/shop/,Evanston
Peach Coffee Roasters,"10875 Jones Bridge Rd #5, Johns Creek, GA 30022",https://www.peachcoffeeroasters.com/,https://www.peachcoffeeroasters.com/collections/coffee,Evanston
Clancy Brothers Coffee Roasters,"19931 Wolf Rd, Mokena, IL 60448",http://www.clancybroscoffee.com/,https://www.clancybroscoffee.com/shop,Evanston
Haraz Coffee House,"7007 W Dempster St, Niles, IL 60714",https://harazcoffeehouse.com/,https://haraz-coffee.myshopify.com/collections/all,Evanston
Krema Coffee Roasters,"6700 South St, Tinley Park, IL 60477",https://kremacoffeeroasters.com/,https://kremacoffeeroasters.com/collections/krema-city-blend,Evanston
Valentine Coffee Roasters Third Ward,"189 N Milwaukee St, Milwaukee, WI 53202",https://www.valentinecoffeeco.com/,https://www.valentinecoffeeco.com/collections/coffee,Evanston
Texas Artisan Roasters,"1937 I 35 N Frontage Rd ste 108, New Braunfels, TX 78130",https://texasartisanroasters.com/,https://texasartisanroasters.com/collections/all,Evanston
Sirius Coffee Roasters,"610 W Main St, Lexington, IL 61753",https://store.siriusroasters.com/,https://coffeehound.cafe/wholesale/,Evanston
La Terza Artisan Coffee Roasterie,"9176 Winton Rd, Cincinnati, OH 45231",https://www.laterzacoffee.com/,https://www.laterzacoffee.com/collections/single-origin-coffee,Evanston
Kribi Coffee Air Roastery,"149 Forest Ave, Oak Park, IL 60301",http://www.kribicoffee.com/,http://www.kribicoffee.com/collections/all-coffee,Oak Park
Sabbath Coffee Roasters,"24 E 14 Mile Rd, Clawson, MI 48017",https://sabbathcoffeeroasters.com/,https://sabbathcoffeeroasters.com/collections/coffee,Oak Park
Kazkara Coffee Roasters,"21818 John R Rd, Hazel Park, MI 48030",https://kazkara.com/,https://kazkara.com/collections/coffee,Oak Park
Bellwood Coffee - East Atlanta Village,"1336 Glenwood Ave SE, Atlanta, GA 30316",http://bellwoodcoffee.com/,http://bellwoodcoffee.com/collections/coffee,Oak Park
Atlanta Coffee Roasters,"2205 Lavista Rd, Atlanta, GA 30329",http://www.atlantacoffeeroasters.com/,https://atlantacoffeeroasters.com/single-origin-c45708300,Oak Park
Philosophy Coffee,"7650 Industrial Dr, Forest Park, IL 60130",https://www.philosophycoffee.com/,https://www.philosophycoffee.com/shop,Oak Park
Opo Coffee,"314 E Howard Ave, Decatur, GA 30030",http://opocoffee.com/,https://shop.opocoffee.com/collections/all,Oak Park
Naked Coffee Roasting & Café,"3527 Broadway, Sacramento, CA 95817",http://www.nakedcoffee.net/,http://www.nakedcoffee.net/collections/coffees,Oak Park
Flywheel Coffee Roasters,"672 Stanyan St, San Francisco, CA 94117",https://flywheelcoffee.com/,https://flywheelcoffee.com/collections/coffee,Oak Park
Joe's Coffee House,"1831 W Oak Pkwy # C, Marietta, GA 30062",http://joescoffeehouse.com/,http://joescoffeehouse.com/collections/regular-coffee,Oak Park
San Francisco Coffee Roasting Company,"1192 N Highland Ave NE, Atlanta, GA 30306",https://www.sanfranciscocoffeeroastingco.com/,https://www.sanfranciscocoffeeroastingco.com/collections/coffee-and-subscriptions,Oak Park
Silver Oak Coffee Ltd,"1a Saxon Business Park, Littleport, ELY CB6 1XX, United Kingdom",http://www.silveroakcoffee.co.uk/,http://www.silveroakcoffee.co.uk/collections/shop-all-coffee,Oak Park
Black Oak Coffee Roasters,"324 Center St, Healdsburg, CA 95448",https://blackoakhealdsburg.com/,https://blackoakhealdsburg.com/collections/all-coffee,Oak Park
Steel Oak Coffee,"187 S Yonge St, Ormond Beach, FL 32174",http://www.steeloakcoffee.com/,http://www.steeloakcoffee.com/collections/coffee,Oak Park
Ragamuffin Coffee Roasters,"111 N Reino Rd, Newbury Park, CA 91320",http://www.ragamuffinroasters.com/,http://www.ragamuffinroasters.com/collections/whole-bean-coffee,Oak Park
Academy Coffee,"1019 Virginia Ave NE, Atlanta, GA 30306",http://academycoffeeatl.com/,http://academycoffeeatl.com/new-products,Oak Park
Chrome Yellow,"501 Edgewood Ave SE, Atlanta, GA 30312",https://chrome-yellow.com/,https://chrome-yellow.com/collections/coffee,Oak Park
Burning Oaks Coffee Company,"101 Clay Pike, Irwin, PA 15642",https://burningoaks.coffee/,https://burningoaks.coffee/collections,Oak Park
Rex Coffee Roasters,"1435 Bluegrass Lakes Pkwy Suite 160, Alpharetta, GA 30004",https://rexcoffee.com/,https://rexcoffee.com/shop/,Oak Park
Enderly Coffee Co. Cafe & Coffee Roaster,"2620 Tuckaseegee Rd, Charlotte, NC 28208",http://enderlycoffee.com/,https://www.enderlycoffee.com/category/coffee,Oak Park
Brewpoint Coffee - Founder's Cafe,"124 W Park Ave, Elmhurst, IL 60126",http://www.brewpointcoffee.com/,http://www.brewpointcoffee.com/collections/retail-coffee,Oak Park
Valor Coffee,"5531 Chamblee Dunwoody Rd, Dunwoody, GA 30338",http://valor.coffee/,http://valor.coffee/shop/coffee,Oak Park
Warm Waves Coffee House,"52-A S Main St, Alpharetta, GA 30009",https://warmwavescoffee.com/,https://warmwavescoffee.com/collections/coffee,Oak Park
Dessert Oasis Coffee Roasters Royal Oak,"115 S Main St, Royal Oak, MI 48067",http://docr.coffee/,http://docr.coffee/collections/current-coffees/coffee+whole-bean+single-origin,Oak Park
Third Coast Coffee,"10515 Old Manchaca Rd, Austin, TX 78748",http://www.thirdcoastcoffee.com/,http://www.thirdcoastcoffee.com/collections/all,Oak Park
Firelight Coffee Roasters,"3800 Wendell Dr SW #105, Atlanta, GA 30336",https://firelightcoffee.com/,https://firelightcoffee.com/collections/coffee,Oak Park
The Office Coffee Shop,"402 S Lafayette Ave, Royal Oak, MI 48067",http://theofficecoffeeshop.com/,https://theofficecoffeeshop.com/shop,Oak Park
Vereda Central Coffee Roasters,"310 Kerr St, Oakville, ON L6K 3B5, Canada",http://www.veredacentral.ca/,http://www.veredacentral.ca/collections/all-coffee,Oak Park
Kinship Roasters,"16955 Forest Rd Ste G, Forest, VA 24551",http://kinship.coffee/,http://kinship.coffee/collections/coffee,Oak Park
Ritual Coffee Roasters,"1026 Valencia St, San Francisco, CA 94110",http://ritualcoffee.com/,https://ritualcoffee.com/collection/coffee/,Oak Park
Oakley Artisan Roasters,"2901 Robertson Ave, Cincinnati, OH 45209",http://oakleyartisanroasters.com/,http://oakleyartisanroasters.com/shop,Oak Park
"Boarding Pass Coffee - Roastery (Milton, GA)","13695 GA-9 Suite 102, Alpharetta, GA 30004",http://www.boardingpasscoffee.com/,http://www.boardingpasscoffee.com/collections/full-selection,Oak Park
Live Oak Coffee Roasters,"713-4 Ashman St, Midland, MI 48640",http://liveoak.coffee/,https://liveoak.coffee/shop/,Oak Park
Mighty Oak Roasters,"28-01 24th Ave, Queens, NY 11102",http://mightyoakroasters.com/,http://shop.mightyoakroasters.com,Oak Park
Golden Valley Coffee Roasters,"208 Carter Dr Suite 13B, West Chester, PA 19382",http://www.goldenvalleyfarms.com/,http://www.goldenvalleyfarms.com/collections/organic-coffee,Oak Park
Martini Coffee Roasters,"10S279 Schoger Dr, Naperville, IL 60564",https://www.martinicoffee.com/,https://www.martinicoffee.com/collections/roasted-coffee,Naperville
Spiritus Coffee Co.,"Open By Appointment Only, 1106 N Main St, Lombard, IL 60148",http://spirituscoffee.com/,http://spirituscoffee.com/collections/all-coffee,Naperville
Gun Barrel Coffee,"411 Stevens St, Geneva, IL 60134",http://www.gunbarrelcoffee.com/,http://www.gunbarrelcoffee.com/collections/coffee,Naperville
North Central College - The Coffee Lab,"Larrance Academic Building, 309 School St, Naperville, IL 60540",https://northcentralcoffeelab.com/,https://northcentralcoffeelab.com/collections/coffee,Naperville
Two Brothers Coffee Roasters,"30W315 Calumet Ave W, Warrenville, IL 60555",http://www.twobrotherscoffeeroasters.com/,http://www.twobrotherscoffeeroasters.com/collections/coffees,Naperville
Coroco Coffee Roaster Collective,"224 S California St, Sycamore, IL 60178",https://corococoffee.com/,https://corococoffee.com/collections/all-products,Naperville
Endiro Coffee Roastery,"213 S River St, Aurora, IL 60506",http://www.endirocoffee.com/,http://www.endirocoffee.com/shop,Naperville
High Noon Coffee Roasters,"191 Charlotte St #101, Asheville, NC 28801",https://highnooncoffee.com/,https://highnooncoffee.com/shop,Naperville
Pirates of Coffee,"6740 Davand Dr Unit-7, Mississauga, ON L5T 2K9, Canada",https://piratesofcoffee.com/,https://piratesofcoffee.com/collections/coffee,Naperville
Qahwah House Coffee - Lombard,"406 E Roosevelt Rd, Lombard, IL 60148",http://www.qahwahhouse.com/,http://www.qahwahhouse.com/products,Naperville
The River Coffee Company,"101 N Main St, Decatur, IL 62523",http://rivercoffee.co/,https://www.rivercoffee.co/shop/coffee-beans/,Naperville
AlHamawi Roastery & Coffee (Bridgeview),"8417 S Harlem Ave, Bridgeview, IL 60455",https://alhamawiusa.com/pages/order-drinks-pickup,https://alhamawiusa.com/collections/coffee,Naperville
Peet's Coffee,"686 E Ogden Ave, Naperville, IL 60563","https://www.peets.com/pages/store-locator?stockist-query=Naperville,%20IL,%20USA&selected=Naperville%20-%20Ogden",https://www.peets.com/collections/coffee-beans,Naperville
Five & Hoek Coffee,"112 B N Main St, Wheaton, IL 60187",http://www.fiveandhoek.com/,http://www.fiveandhoek.com/products/kenya-nyeri-hill,Naperville
Scooter's Coffee,"1923 Glacier Park Ave, Naperville, IL 60540",https://scooterscoffee.com/,https://www.scooterscoffee.com/shop/at-home-coffee,Naperville
Artisan Coffee,"662 Canton Rd, Akron, OH 44312",http://www.artisancoffee.us/,http://shop.artisancoffee.us,Naperville
Arcedium Coffeehouse,"60 Indiana St, St. Charles, IL 60174",http://www.arcedium.com/,http://www.arcedium.com/shop,Naperville
The Libertyville Coffee Company,"527 3rd St, Libertyville, IL 60048",http://libertyvillecoffee.com/,http://libertyvillecoffee.com/collections/all,Naperville
River Roasters Coffee Company,"102 W Main St, Pomeroy, OH 45769",http://riverroasters.co/,http://riverroasters.co/shop,Naperville
Snowdrift Coffee Roasters (By Appointment Only),"11128 Hamborg Rd, Roscoe, IL 61073",http://www.snowdriftcoffee.com/,http://www.snowdriftcoffee.com/store,Naperville
Ghost Coffee Roaster,"750 W Stadium Ave, West Lafayette, IN 47906",http://ghostcoffeeroaster.com/,http://ghostcoffeeroaster.com/shop,Naperville
Glissade Coffee Company,"2520 Galena St Unit 3, Aurora, CO 80010",https://www.glissadecoffee.com/,https://www.glissadecoffee.com/collections/all-coffees,Aurora
Radio Roasters Coffee,"2969 E Ponce de Leon Ave Suite 320, Decatur, GA 30030",http://radioroasters.com/,http://radioroasters.com/collections/all-coffees,Aurora
Conscious Cup Coffee Roasters - Palatine,"137 W Wood St, Palatine, IL 60067",https://consciouscup.com/pages/stores/palatine,https://consciouscup.com/collections/coffee,Schaumburg
FreshGround Roasting,"51 S Grove Ave, Elgin, IL 60120",https://freshgroundroast.com/,https://freshgroundroast.com/pages/all-beans,Schaumburg
Mosaic Coffee Roasters,"727 W Commercial St Suite B, Springfield, MO 65803",https://www.mosaicroasters.com/,https://www.mosaicroasters.com/collections/roasted-coffee,Schaumburg
Gregorys Coffee,"5 Woodfield Mall, Schaumburg, IL 60173",https://gregoryscoffee.com/,https://gregoryscoffee.com/collections/coffee,Schaumburg
"Gracefully Coffee Roasters, Inc.","2601 Rolling Rd. #104, Windsor Mill, MD 21244",http://www.gracefullycoffee.com/,http://www.gracefullycoffee.com/collections/coffees,Schaumburg
Filigree Coffee,"16016 New Independence Pkwy Ste 110, Winter Garden, FL 34787",http://www.filigreecoffee.com/,http://www.filigreecoffee.com/shop/categories/coffee,Schaumburg
Rockford Roasting Company,"416 S Main St, Rockford, IL 61101",http://rockfordroasting.co/,http://rockfordroasting.co/collections/all-products,Schaumburg
Little Waves Coffee Roasters,"2013 Chapel Hill Rd Suite A, Durham, NC 27707",https://littlewaves.coffee/collections,https://littlewaves.coffee/collections/current-coffees,Schaumburg
Artisan Roast Coffee Roasters,"4, Peffermill Parc, 25 King's Haugh, Edinburgh EH16 5UY, United Kingdom",http://www.artisanroast.co.uk/,http://www.artisanroast.co.uk/collections/coffee,Schaumburg
RoastAroma,"19 Millington Crescent, Ajax, ON L1T 1R2, Canada",https://roastaroma.com/,https://roastaroma.com/store,Schaumburg
Alaska Artisan Coffee,"4576 Glenn Hwy, Palmer, AK 99645",http://www.alaskaartisancoffee.com/,http://www.alaskaartisancoffee.com/products/arctic-wolf-roast,Schaumburg
Alta Coffee Roasters,"805 Massachusetts Ave, Arlington, MA 02476",https://altaroasters.com/,https://altaroasters.com/collections/bagged-coffee-beans,Arlington Heights
New Heights Coffee Roasters,"825 Studewood St, Houston, TX 77007",https://www.newheightscoffeeroasters.com/,https://www.newheightscoffee.com/category/all-products,Arlington Heights
The Wild Roaster,"601 Lake Cook Rd, Deerfield, IL 60015",https://www.thewildroaster.com/,https://www.thewildroaster.com/shop,Arlington Heights
Ethnos Coffee Roasters,"8817 Chaffee Rd, Arlington, TN 38002",http://www.ethnos.coffee/,http://www.ethnos.coffee/collections/all,Arlington Heights
Khepri Kitchen + Coffee,"106 S Emerson St, Mt Prospect, IL 60056",https://www.khepricafe.com/,https://www.khepricollective.com/,Arlington Heights
Del's Coffee Roasters,"100 Felton St Suite 105, Waltham, MA 02453",http://www.delscoffee.com/,http://www.delscoffee.com/collections/coffee,Arlington Heights
Morning Aroma Coffee Roasters,"14650 Southlawn Ln, Rockville, MD 20850",https://morningaroma.coffee/,https://morningaroma.coffee/shop,Arlington Heights
Commonwealth Joe Coffee Roasters,"520 12th St S Suite 150, Arlington, VA 22202",http://commonwealthjoe.com/,http://commonwealthjoe.com/pages/shop-coffee-beans,Arlington Heights
Finger Lakes Coffee Roasters at Destiny USA,"9090 Destiny USA Dr, Syracuse, NY 13290",https://fingerlakescoffee.com/,https://finger-lakes-coffee.myshopify.com/collections/all,syracuse
Milk House Roastery,"4654 NW Townline Rd, Marcellus, NY 13108",https://milkhouseroastery.com/,https://milkhouseroastery.com/collections/frontpage,syracuse
Salt City Coffee,"509 W Onondaga St, Syracuse, NY 13204",https://saltcitycoffee.com/?y_source=1_MTYxMDkyMDctNzE1LWxvY2F0aW9uLndlYnNpdGU%3D,https://saltcitycoffee.com/products/kenya-machakos,syracuse
Cafe Kubal,"401 S Salina St, Syracuse, NY 13202",https://www.cafekubal.com/,https://www.cafekubal.com/collections/shop-freshly-roasted-beans,syracuse
Haraz Coffee House,"125 Marshall St, Syracuse, NY 13210",https://harazcoffeehouse.com/,https://haraz-coffee.myshopify.com/collections/all,syracuse
3rd Wave Coffee Roasters,"215 W King St #3, St. Augustine, FL 32084",https://3rdwavecoffee.com/,https://3rdwavecoffee.com/collections/all,syracuse
Crow City Roasters Coffee,"145 State St, Auburn, NY 13021",http://www.crowcityroasters.com/,http://www.crowcityroasters.com/store,syracuse
Roast & Toast - Cafe & Cocktail Bar (Simple Roast Downtown),"99 Genesee St, Auburn, NY 13021",https://simpleroastcoffee.com/,https://simpleroastcoffee.com/collections/simple-roast-coffee,syracuse
Buffalo Coffee Roastery,"5844 Buffalo St, Sanborn, NY 14132",http://buffalocoffeeroastery.com/,https://www.buffalocoffeeroastery.com/order-coffee/,syracuse
Copper Horse Coffee Roasters,"2027 Slaterville Rd #1, Ithaca, NY 14850",http://www.copperhorsecoffee.com/,http://www.copperhorsecoffee.com/coffee-subscription,syracuse
Union Place Coffee Roasters,"900 Jefferson Rd Building 9, Suite 903, Rochester, NY 14623",https://unionplacecoffeeroasters.com/,https://unionplacecoffeeroasters.com/shop-coffee/,syracuse
Great Lakes Coffee Roasters,"123 Stutzman Rd, Bowmansville, NY 14026",http://www.greatlakescoffeeroasters.com/,https://www.greatlakescoffeeroasters.com/shop,syracuse
Stride Coffee Roasters,"2 Campion Rd #6, New Hartford, NY 13413",http://stridecoffeeroasters.com/,http://stridecoffeeroasters.com/collections/all,syracuse
Stack Street Coffee Roasters,"55 W Railroad Ave building 5, Garnerville, NY 10923",http://stackstcoffee.com/,http://stackstcoffee.com/collections/bulk-coffee-beans,liverpool
Canopy Coffee Roasters,"3173 NY-14A, Penn Yan, NY 14527",http://canopycoffeeroasters.com/,https://canopycoffeeroasters.com/shop-2/,liverpool
Path Coffee Roasters,"106 Purdy Ave, Port Chester, NY 10573",https://pathcoffees.com/,https://pathcoffees.com/shop-coffee/,liverpool
Gillies Coffee Company,"150 19th St, Brooklyn, NY 11232",http://www.gilliescoffee.com/,http://www.gilliescoffee.com/collections/all-coffee,liverpool
Fresh Roasted Coffee LLC,"1136 Walnut St, Sunbury, PA 17801",https://freshroastedcoffee.com/,https://freshroastedcoffee.com/collections/all,liverpool
Eldorado Coffee Roasters,"56-75 49th St, Flushing, NY 11378",http://eldoradocoffee.com/,http://eldoradocoffee.com/collections/coffee,liverpool
Beanstock Coffee Roasters,"165 Holmes Rd, Eastham, MA 02642",http://beanstockcoffee.com/,http://beanstockcoffee.com/collections/coffee,liverpool
Barrington Coffee Roasting Company,"165 Quarry Hill Rd, Lee, MA 01238",http://www.barringtoncoffee.com/,https://barringtoncoffee.com/product-category/all-coffees/,liverpool
Public House by WeRoast Coffee,"210 Front St, Lincoln, RI 02865",https://publichouseri.com/,https://weroast.coffee/,liverpool
Downeast Coffee Roasters,"259 East Ave, Pawtucket, RI 02860",https://www.downeastcoffee.com/,https://www.downeastcoffee.com/collections/shop-reserve,liverpool
Rare Breed Coffee Headquarters,"2 Pittsburgh Ave, Nashua, NH 03062",http://www.rarebreedcoffee.com/,http://www.rarebreedcoffee.com/collections/coffee,east syracuse
TiA Coffee LLC,"300 Village Square Blvd, Honeoye Falls, NY 14472",https://www.tiacoffee.us/,https://tiacoffee.us/shop/,solvay
The Wakeman Coffee Co.,"66 E Main St, Sidney, NY 13838",https://www.wakemancoffee.com/,https://www.wakemancoffee.com/collections/wakeman-coffee-beans,solvay
Foundry Roasters at Stovehouse,"3414 Governors Dr SW, Huntsville, AL 35805",https://www.foundryroasters.com/,https://www.foundryroasters.com/category/coffee,solvay
Driftaway Coffee,"85 Debevoise Ave, Brooklyn, NY 11222",https://driftaway.coffee/,https://driftaway.coffee/shop-coffee,solvay
Irving Farm Roastery,"6044 NY-22, Millerton, NY 12546",https://irvingfarm.com/pages/the-roastery,https://irvingfarm.com/collections/coffee,solvay
Old Pine Coffee Roasters,"3775 Mall Ave #1, Fayetteville, AR 72703",https://www.oldpinecoffeeroasters.com/,https://www.oldpinecoffeeroasters.com/collections/coffee,fayetteville
Pintail Coffee,"1776 New Hwy, Farmingdale, NY 11735",https://www.pintailcoffee.com/,https://www.pintailcoffee.com/shop/,fayetteville
Ethnos Coffee Roasters,"8817 Chaffee Rd, Arlington, TN 38002",http://www.ethnos.coffee/,http://www.ethnos.coffee/collections/all,fayetteville
North River Roasters,"188 Washington St, Poughkeepsie, NY 12601",http://northriverroasters.com/,http://northriverroasters.com/collections/all,north syracuse
XOZIO Coffee & Provisions,"1819 Broad St #101, Chattanooga, TN 37408",http://xoziocoffeeandprovisions.com/,http://xoziocoffeeandprovisions.com/collections/all,chattanooga
Mad Priest Coffee Roasters,"1200 McCallie Ave, Chattanooga, TN 37404",http://www.madpriestcoffee.com/,http://www.madpriestcoffee.com/collections/coffee,chattanooga
New Wave Coffee Roasters,"2405 Lyndon Ave #121, Chattanooga, TN 37415",http://www.newwave-chatt.com/,http://www.newwave-chatt.com/collections/shop,chattanooga
Velo Coffee Roasters,"509 E Main St #3, Chattanooga, TN 37408",http://www.velocoffee.com/,http://www.velocoffee.com/collections/coffee,chattanooga
Grindhead Coffee Chattanooga,"7955 E Brainerd Rd s105 105, Chattanooga, TN 37421",http://www.grindheadcoffee.com/chattanooga,https://store.grindheadcoffee.com/,chattanooga
Culture Coffee Co.,"610 Georgia Ave, Chattanooga, TN 37402",https://culturecoffeecochatt.com/,https://culturecoffeecochatt.com/collections/coffee-beans,chattanooga
Rembrandt's Coffee House,"204 High St, Chattanooga, TN 37403",https://bluffviewartdistrictchattanooga.com/rembrandtscoffeehouse/,https://bluffviewartdistrictchattanooga.com/rembrandts-roasting-company,chattanooga
Brillo Beans Roasting Co.,"8270 Pruett Rd, Hixson, TN 37343",https://brillobeansroasting.com/,https://www.brillobeansroasting.com/category/all-products,chattanooga
Genuine Blue Mountain Coffee,"7669 Clinton Hwy, Powell, TN 37849",https://www.genuinebluemountaincoffee.com/,https://www.genuinebluemountaincoffee.com/products/jamaica-blue-mountain-peaberry-coffee-beans,chattanooga
Cadence Coffee Company,"11 E 7th St, Chattanooga, TN 37402",http://cadencecoffeeco.com/,https://www.mayflycoffee.com,chattanooga
Peach Coffee Roasters,"10875 Jones Bridge Rd #5, Johns Creek, GA 30022",https://www.peachcoffeeroasters.com/,https://www.peachcoffeeroasters.com/collections/coffee,chattanooga
Frothy Monkey,"1400 Market St, Chattanooga, TN 37402",http://www.frothymonkey.com/,https://frothymonkey.com/coffeeroasters/,chattanooga
Mean Mug Coffeehouse Northshore,"205 Manufacturers Rd Suite 109, Chattanooga, TN 37405",http://meanmugcoffee.com/,https://www.meanmugcoffeeroasters.com/buyourcoffee,chattanooga
Fleetwood Coffee Company,"2511 Riverside Dr, Chattanooga, TN 37406",http://fleetwoodcoffee.com/,https://viennacoffeecompany.com,chattanooga
Scooter's Coffee,"7318 Shallowford Rd, Chattanooga, TN 37421",https://scooterscoffee.com/,https://www.scooterscoffee.com/shop/at-home-coffee,chattanooga
3rd Wave Coffee Roasters,"215 W King St #3, St. Augustine, FL 32084",https://3rdwavecoffee.com/,https://3rdwavecoffee.com/collections/all,chattanooga
Aroma Ridge Coffee Roasters,"1831 W Oak Pkwy # C, Marietta, GA 30062",http://aromaridge.com/,http://aromaridge.com/collections/roasted-coffees,east ridge
Adieu Roasters,"1408 Appalachian Hwy, Blue Ridge, GA 30513",https://www.adieuroasters.com/,https://www.adieuroasters.com/category/drip,east ridge
Thrive Farmers International,"215 Hembree Park Dr # 100, Roswell, GA 30076",https://thrivefarmers.com/,https://thrivefarmers.com/thrivestore/coffee,east ridge
Phoenix Roasters — The Roastery,"5225 Bellewood Ct, Buford, GA 30518",https://phoenixroasters.coffee/,https://phoenixroasters.coffee/collections/coffee,east ridge
Artifex Coffee,"1815 Hembree Rd Unit 208, Alpharetta, GA 30009",https://artifexcoffees.com/,https://artifexcoffees.com/collections/all,east ridge
BonLife Coffee Roasters,"1807 Keith St NW, Cleveland, TN 37311",http://www.bonlifecoffee.com/,https://beanbox.com/coffee/roaster/bonlife-coffee/76?utm_source=badge,east ridge
Garmony House,"109 W Cuyler St, Dalton, GA 30720",https://garmonyhouse.coffee/,https://garmonyhousecoffee.wordpress.com/coffee-roasts/,east ridge
Bold Mountain Coffee Roasters,"1178 Evans Ln, Dandridge, TN 37725",https://www.boldmountaincoffee.com/,https://boldmountaincoffee.com/small-batch-east-tennessee-fresh-roasted-mountain-coffee-smoky-mountains/shop-coffee/,red bank
Good News Roasters Coffee,"9710 Dayton Pike, Soddy-Daisy, TN 37379",https://www.goodnewsroasters.com/,https://goodnewsroasters.com/shop/,soddy-daisy
Atlanta Coffee Roasters,"2205 Lavista Rd, Atlanta, GA 30329",http://www.atlantacoffeeroasters.com/,https://atlantacoffeeroasters.com/single-origin-c45708300,signal mountain
Vantage Coffee Roasters,"129 B Neal St, Martin, TN 38237",http://vantagecoffeeroasters.com/,http://vantagecoffeeroasters.com/collections/coffee,walden
Wired Coffee Bar,"9515 Lee Hwy E, Ooltewah, TN 37363",http://www.thewiredcoffeebar.com/,http://www.thewiredcoffeebar.com/collections/all,collegedale
Ethnos Coffee Roasters,"8817 Chaffee Rd, Arlington, TN 38002",http://www.ethnos.coffee/,http://www.ethnos.coffee/collections/all,collegedale
Candid Coffee Roasters,"6752 75 Street NW, Edmonton, AB T6E 6T9",http://candidcoffeeroasters.ca/,http://candidcoffeeroasters.ca/collections/coffee,edmonton
Rogue Wave Coffee,"11322 119 St NW, Edmonton, AB T5G 2X4",https://roguewavecoffee.ca/,https://roguewavecoffee.ca/collections/coffee,edmonton
Iconoclast Coffee Roasters,"12021 102 Ave NW #103, Edmonton, AB T5K 0R8",http://www.iconoclastcoffee.com/,http://www.iconoclastcoffee.com/collections/coffee-1,edmonton
Alternate Route Coffee Co. - Coffee Roasters,"3655 44 Ave E, Edmonton International Airport, AB T9E 0V4",https://alternateroutecoffeeco.ca/,https://alternateroutecoffeeco.ca/category/coffee/,edmonton
The Colombian - Forest Heights,"8204 106 Ave NW, Edmonton, AB T6A 1J1",https://thecolombian.ca/,https://thecolombian.ca/collections/coffee,edmonton
Anecdote Coffee Roasters,"9807 62 Ave NW, Edmonton, AB T6E 0E4",https://www.anecdotecoffee.ca/,https://www.anecdotecoffee.ca/collections/all-coffee,edmonton
Transcend Coffee and Roastery,"9570 76 Ave NW, Edmonton, AB T6C 0K2",http://www.transcendcoffee.ca/,http://www.transcendcoffee.ca/collections/coffee-beans,edmonton
Aspen Coffee Roasters - Roastery,"9951 76 Ave NW, Edmonton, AB T6E 1K8",https://www.aspencoffeeroasters.com/,https://www.aspencoffeeroasters.com/new-products,edmonton
Labo Coffee,"10546 Whyte Ave NW, Edmonton, AB T6E 2A4",http://www.labocoffee.ca/,http://www.labocoffee.ca/pages/shop,edmonton
ACE Coffee Roasters - West Ritchie,"10055 80 Ave NW, Edmonton, AB T6E 1T4",https://acecoffeeroasters.com/pages/west-ritchie-roastery,https://acecoffeeroasters.com/collections/espresso,edmonton
Roasti Coffee Co,"52 Brentwood Blvd #19, Sherwood Park, AB T8A 2H6",https://roasti.ca/,https://roasti.ca/collections/coffee-beans,edmonton
Roots of Colombia Coffee,"5203 149 Ave NW #12, Edmonton, AB T5A 1B5",https://www.rootsofcolombiacoffee.com/,https://www.rootsofcolombiacoffee.com/product-page/medium-roast-beans,edmonton
Mezos Roastery,"14187 162 Ave NW, Edmonton, AB T6V 0M7",http://www.mezos.ca/,https://mezos.ca/product/mexican-light-roast/,edmonton
Fawkes Café & Bakery,"10137 104 Street NW, Edmonton, AB T5J 0Z9",http://www.fawkescoffee.com/,https://friendlybarista.com/collections/shop-fawkes-coffee,edmonton
Crum Coffee Bar,"4640 Calgary Trl NW, Edmonton, AB T6H 6A1",http://www.crumcoffeebar.com/,http://www.crumcoffeebar.com/collections/coffee-beans,edmonton
Deville Coffee,"10850 104 Ave NW #101, Edmonton, AB T5H 0S5",http://www.devillecoffee.ca/,https://shop-deville.myshopify.com/,edmonton
Endeavour Brewing & Coffee Roasters,"215 Carnegie Dr #4A, St. Albert, AB T8N 5A7",https://www.endeavourbrewing.com/,https://endeavourbrewing.com/our-coffee/,st. albert
Chronicle Coffee Roasters,"6703 30 St SE, Calgary, AB T2C 1N6",http://www.chroniclecoffee.ca/,https://qlabcoffee.ca/product-category/chronicle/,st. albert
Dark Kiss Coffee LTD.,"6420 50 St, Leduc, AB T9E 6P1",http://www.darkkisscoffee.ca/,https://d7y8vu-c1.myshopify.com/,st. albert
Gratitude Coffee,"897 Pembina Rd #151, Sherwood Park, AB T8H 3A5",http://www.gratitudecoffee.ca/,http://www.gratitudecoffee.ca/collections/coffee-beans,st. albert
Banff Roasting Company,"141 Eagle Cres, Banff, AB T1L 1C6",http://www.banffroastingcompany.com/,http://www.banffroastingcompany.com/collections/all,st. albert
Kingdom Coffee Roasters,"75 Skyline Crescent NE, Calgary, AB T2K 5X2",https://www.kingdomcoffee.ca/,https://www.kingdomcoffee.ca/shop,leduc
Rolling Hills Coffee Company,"4315 71 St, Camrose, AB T4V 3Y1",http://www.rollinghillscoffee.ca/,http://www.rollinghillscoffee.ca/collections/all-coffee,fort saskatchewan
Fratello Coffee Roasters,"4021 9 St SE, Calgary, AB T2G 3C7",https://www.fratellocoffee.com/?utm_source=Google&utm_medium=GMB,https://www.fratellocoffee.com/collections/coffee,beaumont
Humble Coffee Roasters,"635 8 Ave SW #220, Calgary, AB T2P 3M3",https://www.humblecoffeeroasters.ca/,https://www.humblecoffeeroasters.ca/shop,beaumont
Rocky Mountain Roasters,"34 Stan Wright Dr, Jasper, AB T0E 0A8",https://www.rockymountainroasters.com/,https://www.rockymountainroasters.com/shop.html,beaumont
RELAY Coffee Roasters,"27 King William St, Hamilton, ON L8R 1A1",http://www.relaycoffee.com/,http://www.relaycoffee.com/collections/frontpage,hamilton
Coffeecology,"346 Dundurn St S, Hamilton, ON L8P 4L6",http://www.coffeecology.ca/,http://www.coffeecology.ca/collections/best-sellers,hamilton
Detour Coffee Roasters,"99 Clinton St, Hamilton, ON L8L 3K1",https://detourcoffee.com/,https://detourcoffee.com/collections/direct-trade-coffee,hamilton
Firebat Coffee Roasters,"3245 Harvester Rd Unit 12, Burlington, ON L7N 3T7",https://www.firebatcoffee.com/,https://firebatcoffee.com/products/coffee/,hamilton
Coffeed,"3420 Rebecca St, Oakville, ON L6L 6W2",http://coffeed.ca/,http://coffeed.ca/collections/frontpage,hamilton
Greenbelt Coffee,"420 Parkdale Ave N, Hamilton, ON L8H 5Y2",http://www.greenbeltcoffee.ca/,http://www.greenbeltcoffee.ca/pages/beans,hamilton
Muldoon's Craft Coffee Roasters,"5680 Timberlea Blvd, Mississauga, ON L4W 4M6",https://muldoonscoffee.com/,https://muldoonscoffee.com/collections/our-coffee,hamilton
Lost Aviator Coffee Company,"404 York Rd, Guelph, ON N1E 3H4",http://www.lostaviatorcoffee.com/,http://www.lostaviatorcoffee.com/collections/coffee,hamilton
Poets & Prose Coffee Roasters — Online Orders & Scheduled Pickup,"Not a store-front, Unit 19, 2250 Rockingham Dr, Oakville, ON L6H 6J3",https://poetsprosecoffee.com/,https://poetsprosecoffee.com/collections/coffee-beans,hamilton
Coast to Coast Coffee,"130 Cawthra Ave Unit 103, Toronto, ON M6N 3C2",http://www.coasttocoastcoffee.ca/,http://www.coasttocoastcoffee.ca/coffees.html,hamilton
Vereda Central Coffee Roasters,"1011 Upper Middle Rd E, Oakville, ON L6H 4L3",http://veredacentral.ca/,http://veredacentral.ca/collections/all-coffee,hamilton
Subtext Coffee Roasters,"130 Cawthra Ave Unit 104, Toronto, ON M6N 3C2",https://www.subtext.coffee/,https://www.subtext.coffee/collections/filter-coffee-beans,hamilton
Trebilcock Coffee Roasters,"1035 Toy Ave #19, Pickering, ON L1W 3N9",https://www.trebilcockcoffee.ca/,https://trebilcockcoffee.ca/product-category/our-coffees/,hamilton
Odin Coffee Roasters,"180 John St, Toronto, ON M5T 1X5",https://www.odincoffeeroasters.com/,https://www.odincoffeeroasters.com/collections/retail-coffee,hamilton
Back Road Coffee Roasters,"133 Queen St E, Mississauga, ON L5G 1N1",http://www.backroadcoffee.ca/,http://www.backroadcoffee.ca/collections/coffee-beans,hamilton
Ethica Coffee Roasters,"213 Sterling Rd, Toronto, ON M6R 2B2",https://ethicaroasters.com/,https://ethicaroasters.com/collections/shop-all,hamilton
Black Sheep Coffee Roasters,"64 Niagara St, Welland, ON L3C 1E3",http://blacksheepniagara.com/,http://blacksheepniagara.com/collections/best-selling-coffee,hamilton
Everyday Gourmet Coffee Roasters,"95 Front St E, Toronto, ON M5E 1C2",http://www.everydaycoffee.com/,http://www.everydaycoffee.com/collections/shop,hamilton
Pirates of Coffee,"6740 Davand Dr Unit-7, Mississauga, ON L5T 2K9",https://piratesofcoffee.com/,https://piratesofcoffee.com/collections/coffee,hamilton
Blaze Coffee Roasters,"188 Limestone Crescent, Toronto, ON M3J 2S4",http://blazecoffeeco.com/,http://blazecoffeeco.com/collections/ridiculously-fresh-coffee,hamilton
Baden Coffee Company,"1427 Gingerich Rd, Baden, ON N3A 4J3",http://badencoffee.com/,http://badencoffee.com/products/kopi-luwak,hamilton
Terminal 3 Coffee Roasters - Lake Shore,"3337 Lake Shore Blvd W, Etobicoke, ON M8W 1M9",http://www.t3roasters.com/,http://www.t3roasters.com/collections/beans,hamilton
Travesia Coffee Roasters,"ECOMMERCE ONLY (OFFICE, 25 Neighbourhood Ln., Etobicoke, ON M8Y 0C4",http://travesiaroasters.com/,http://travesiaroasters.com/collections/roasted-coffee-beans,hamilton
Stereo Coffee Roasters,"40 Cawthra Ave, Toronto, ON M6N 5B3",https://stereocoffee.com/,https://stereocoffee.com/collections/all,hamilton
Library Coffee,"281 Dundas St W, Toronto, ON M5T 1G1",http://librarycoffee.ca/,http://librarycoffee.ca/collections/frontpage,hamilton
Altitude Coffee Roasters,"174 Brant Ave, Brantford, ON N3T 3H9",https://altitudecoffee.ca/,https://www.altitudecoffee.ca/shop/,hamilton
Social Coffee & Tea Company,"77 West Beaver Creek Rd #1, Richmond Hill, ON L4B 1K4",http://www.socialcoffee.com/,http://www.socialcoffee.com/collections/single-origin-coffees,hamilton
ECS Coffee Brewology - Ancaster,"1172 Wilson St W, Ancaster, ON L9G 3K9",http://www.ecscoffee.com/,http://www.ecscoffee.com/collections/whole-beans,hamilton
Hale Coffee Company,"300 Campbell Ave Unit #103, Toronto, ON M6P 3V6",https://www.halecoffee.com/,https://www.halecoffee.com/collections/coffee,hamilton
Cavan Coffee,"1467 Gordon St S, Guelph, ON N1G 0B6",https://www.cavan.coffee/,https://www.cavan.coffee/coffee/one,hamilton
Moonbean Coffee Company,"30 St Andrew St, Toronto, ON M5T 1K6",http://www.moonbeancoffee.com/,http://www.moonbeancoffee.com/collections/coffee,hamilton
Milky's,"760 Dundas St W, Toronto, ON M6J 1T8",http://milkys.ca/,http://milkys.ca/collections/coffee-beans,hamilton
One Point Twenty One Roasters,"3100 Harvester Rd Unit 5B, Burlington, ON L7N 3W8",https://onepointtwentyone.com/pages/wholesale,https://onepointtwentyone.com/collections/coffee,hamilton
De Mello Coffee,"2489 Yonge St, Toronto, ON M4P 2H6",https://hellodemello.com/,https://hellodemello.com/collections/all-coffee,hamilton
Javanut,"391 Main St E, Milton, ON L9T 1P7",https://javanut.ca/,https://www.javanut.ca/coffee/whole-bean/,hamilton
Kerr Street Cafe,"298 Kerr St, Oakville, ON L6K 3B3",http://www.kerrstreetcafe.com/,https://kerr-street-cafe.myshopify.com/collections/coffee,burlington
RoastAroma Specialty Cafe,"3495 Danforth Ave, Scarborough, ON M1L 1E2",https://roastaroma.com/,https://roastaroma.com/store,burlington
Sippy Cup Coffee Roasters,"28 Port Maitland Rd, Haldimand, ON N1A 1Y7",http://www.sippycupcoffeeroasters.ca/,http://www.sippycupcoffeeroasters.ca/collections/all,stoney creek
Vibe Coffee,"603 Millway Ave Unit 1, Concord, ON L4K 3V1",https://vibecoffee.com/,https://vibecoffee.com/collections/all,stoney creek
Rufino Coffee,"110 Romina Dr., Vaughan, ON L4K 4Z7",https://www.rufino.ca/,https://www.rufino.ca/collections/all,stoney creek
Barocco Coffee Company,"1020 Meyerside Dr #4, Mississauga, ON L5T 1K7",http://www.baroccocoffee.com/,http://www.baroccocoffee.com/collections/whole-bean-coffee,stoney creek
Invigo Coffee Roasters,"24 Viceroy Rd #10, Concord, ON L4K 2L9",https://invigocoffee.com/,https://invigocoffee.com/collections/all-products,stoney creek
Black Creek Coffee (Online Only - not open to the public),"45 Mill St E, Acton, ON L7J 1H1",https://blackcreekcoffee.com/,https://blackcreekcoffee.com/collections/all-coffee,stoney creek
Dark City Coffee,"3480 McNicoll Ave Unit 12, Scarborough, ON M1V 5A7",http://www.darkcitycoffee.com/,http://www.darkcitycoffee.com/collections/all,stoney creek
Foreword Specialty Coffee Roasters,"370 Hwy 7, Richmond Hill, ON L4B 1A7",https://forewordroasters.ca/,https://forewordroasters.ca/collections/coffee-beans,stoney creek
St Joseph Island Coffee Roasters,"3902 A Line Rd RR #1, Richards Landing, ON P0R 1J0",https://sjicoffeeroasters.ca/,https://www.sjicoffeeroasters.ca/shop-filterable/,stoney creek
My Indie Coffee Roasters,"17817 Leslie St #7, Newmarket, ON L3Y 8C6",http://www.myindiecoffee.com/,http://www.myindiecoffee.com/collections/roasted-beans,stoney creek
Coffee Tree Roastery,"2412 Bloor St W, Toronto, ON M6S 1P9",https://www.coffeetree.ca/,https://www.coffeetree.ca/collections/dark-roast-coffee-beans,stoney creek
The Mister Brewer,"25 Nipissing Crescent, Brampton, ON L6S 5A4",http://www.themisterbrewer.ca/,http://www.themisterbrewer.ca/collections/all-roasts,ancaster
JAVA ROASTERS,"262 Carlaw Ave UNIT 107, Toronto, ON M4M 3L1",http://javaroasters.ca/,http://javaroasters.ca/collections/coffee,ancaster
Rooster Coffee House,"479 Broadview Ave, Toronto, ON M4K 2N4",http://www.roostercoffeehouse.com/,http://www.roostercoffeehouse.com/collections/coffee,ancaster
Contrabean Roasting Company,"Home based business, 71 Claremont Ave, Kitchener, ON N2M 2P5",http://contrabean.ca/,http://contrabean.ca/collections/coffee-offerings,ancaster
Smile Tiger Coffee Roasters,"100 Ahrens St W, Kitchener, ON N2H 4C3",http://smiletigercoffee.com/,http://smiletigercoffee.com/collections/single-origins,ancaster
Black Label Coffee,"20 Lakeshore Rd E, Mississauga, ON L5G 1C8",https://blacklabelcoffee.ca/,https://blacklabelcoffee.ca/collections/all,dundas
Balzac's Coffee Roasters,"223 King St, Niagara-on-the-Lake, ON L0S 1J0",https://shop.balzacs.com/pages/niagara-on-the-lake,https://shop.balzacs.com/collections/all-coffee,grimsby
Crossbone Coffee Co.,"59 Aquadale Dr, St. Catharines, ON L2N 3R9",https://www.crossbonecoffee.com/,https://www.crossbonecoffee.com/collections/coffee,grimsby
Velvet Sunrise Coffee Roasters,"100 Ringwood Dr #8, Whitchurch-Stouffville, ON L4A 1A9",https://velvetsunrise.ca/,https://velvetsunrise.ca/shop-coffee-beans/,grimsby
Rose N Crantz Roasting Co,"905 Copper Crescent, Thunder Bay, ON P7B 6G1",https://rnccoffee.ca/,https://rnccoffee.ca/collections/always-around-coffee,grimsby
Ashanti Thornbury,"39 Bruce St S, Thornbury, ON N0H 2P0",http://www.ashanticoffee.com/,http://www.ashanticoffee.com/collections/bags-of-coffee,grimsby
14th Coffee Co.,"14451 Concession Rd 14, Essex, ON N8M 2X6",https://linktr.ee/14thCoffeeCo,https://t9amew-k0.myshopify.com/collections/all,grimsby
SEVEN MYSTERY,"50 Weybright Ct #13, Scarborough, ON M1S 5A8",https://www.sevenmystery.com/,https://sevenmystery.com/shop/,grimsby
Hummingbird Coffee Co.,"3521 Portage Rd Unit 2, Niagara Falls, ON L2J 2K5",https://www.hummingbirdcoffee.ca/,https://www.hummingbirdcoffee.ca/category/coffee-beans,grimsby
Fair Grounds Organic Cafe & Roastery,"3785 Lake Shore Blvd W, Etobicoke, ON M8W 3M6",http://fairgroundscoffee.ca/,https://fairgroundscoffee.ca/product/roasters-choice-organic-coffee-of-the-month-club/,grimsby
iDrinkCoffee.com,"1-312 Alliance Rd, Milton, ON L9T 2V2",http://www.idrinkcoffee.com/,http://www.idrinkcoffee.com/collections/coffee,waterdown
Texas Coffee Traders Roastery,"5815 Wilcab Rd, Austin, TX 78721",https://www.texascoffeetraders.com/,https://www.texascoffeetraders.com/products,austin
Flat Track Coffee,"1619 E Cesar Chavez St, Austin, TX 78702",http://flattrackcoffee.com/,http://flattrackcoffee.com/collections/all-coffee,austin
Rising Tide Roast Co,"1606 W Stassney Ln #2, Austin, TX 78745",http://www.risingtideroastcollab.com/,https://www.orgullocoffee.com/,austin
Armadillo Coffee Roasters,"2711 Daisy Dr, Austin, TX 78727",https://www.armadilloroasters.com/,https://armadilloroasters.com/product-category/coffees/,austin
Flora Coffee & Culture,"3300 W Anderson Ln. Suite 300, Austin, TX 78757",http://floracoffee.co/,http://floracoffee.co/store,austin
Figure 8 Coffee Purveyors Cafe & Roastery,"1111 Chicon St, Austin, TX 78702",http://www.figure8coffeepurveyors.com/,http://www.figure8coffeepurveyors.com/collections/roasted-coffee,austin
Anderson's Coffee Co,"1601 W 38th St, Austin, TX 78731",https://andersonscoffee.com/,https://andersonscoffee.com/product-category/coffee/,austin
Neighbor Coffee & Friends - Burnet,"5000 Burnet Rd, Austin, TX 78756",http://www.neighborcoffee.co/,https://neighborcoffee.square.site/,austin
Third Coast Coffee,"10515 Old Manchaca Rd, Austin, TX 78748",http://www.thirdcoastcoffee.com/,http://www.thirdcoastcoffee.com/collections/all,austin
Wild Gift Coffee (fresh roasted coffee),"3100 A Industrial Terrace, Austin, TX 78758",http://www.wildgiftcoffee.com/,https://wildgiftcoffee.com/coffee/,austin
Creature Coffee Catering,"2500 S Hwy 183 Bldg 2, Unit 240, Austin, TX 78744",https://creaturecoffee.co/,https://creaturecoffee.co/collections/coffee,austin
Greater Goods Roasting Co.,"160 McGregor Ln, Dripping Springs, TX 78620",https://greatergoodsroasting.com/,https://greatergoodsroasting.com/collections/all-coffee,austin
Spokesman Coffee,"440 E St Elmo Rd A2, Austin, TX 78745",http://www.spokesmancoffee.com/,https://spokesmancoffee.myshopify.com/collections,austin
Talisman Coffee Co.,"5811 Manor Rd, Austin, TX 78723",https://www.talismancoffeeco.com/?fbclid=PAZXh0bgNhZW0CMTEAAaZh9Lkn2gZv4BemNqFXsGv7kREsI9bJb5Xp3ijqy4MPVYsN5UCTNct6XE0_aem_9m0hJCUmlLIeK_YzDNNnYQ,https://www.talismancoffeeco.com/store-1,austin
Sightseer Coffee Bar,"1905 S 1st St, Austin, TX 78704",https://www.sightseercoffee.co/,https://www.sightseercoffee.co/collections/frontpage,austin
Tiny House Coffee Roasters,"120 Precision Dr, Buda, TX 78610",http://www.tinyhousecoffeeroasters.com/,http://www.tinyhousecoffeeroasters.com/collections/coffee,austin
Malone Specialty Coffee,"14735 Bratton Ln #210, Austin, TX 78728",http://www.malonecoffee.com/,http://store.malonecoffee.com,austin
Desnudo Coffee: East Austin,"2505 Webberville Rd, Austin, TX 78702",http://www.desnudocoffee.com/,http://www.desnudocoffee.com/collections/coffee-beans,austin
Austin Roasting Company,"962 State Hwy 71 Bldg 3, Bastrop, TX 78602",http://www.austinroastingcompany.com/,http://www.austinroastingcompany.com/pages/coffee,austin
Fleet Coffee,"2427 Webberville Rd, Austin, TX 78702",http://www.fleetcoffee.com/,http://www.sweetbloomcoffee.com,austin
Texas Coffee Works,"962 State Hwy 71 #103, Bastrop, TX 78602",https://texascoffeeworks.com/,https://texascoffeeworks.com/collections/signature-blends,austin
Merit Coffee,"222 West Ave #120, Austin, TX 78701",http://www.meritcoffee.com/,http://www.meritcoffee.com/collections/coffee,austin
Little City Coffee Roasters,"9709 Brown Ln suite f, Austin, TX 78754",http://littlecity.com/,https://littlecity.com/shop/,austin
Palomino Coffee Roasters,"2023 Airport Blvd, Austin, TX 78722",https://palominocoffee.com/,https://palominocoffee.com/collections/coffee,austin
Pulp Coffee Roasters,"503 Chestnut St, San Antonio, TX 78202",https://pulp.coffee/,https://pulp.coffee/collections/all,austin
Trianon Coffee,"3654 Bee Caves Rd Ste A, Austin, TX 78746",http://trianoncoffee.com/,http://trianoncoffee.com/collections/all,austin
Invader Coffee,"4701 Hudson Bend Rd, Austin, TX 78734",http://www.invadercoffee.com/,http://www.invadercoffee.com/collections/all-coffee,austin
Mozart's Coffee Roasters,"3825 Lake Austin Blvd, Austin, TX 78703",https://mozartscoffee.com/,https://mozartscoffee.com/collections/coffee,austin
Cuvee Coffee & Bar,"48 East Ave, Austin, TX 78701",https://www.cuveecoffee.com/,https://www.cuveecoffee.com/collections/all-coffee,austin
Haciendo Coffee Roasters,"116 W 6th St, Taylor, TX 76574",http://haciendotx.com/,https://haciendotx.com/shop/,austin
Terrible Love,"3908 Avenue B, Austin, TX 78751",http://terriblelovecoffee.com/,https://www.mercadosinnombre.com/shop,austin
Radio Rosewood,"1115 E 11th St, Austin, TX 78702",https://www.radiocoffeeandbeer.com/,https://radiocoffeeandbeer.bigcartel.com,austin
Medici Roasting,"2222 Guadalupe St B, Austin, TX 78705",https://mediciroasting.com/pages/guadalupe,https://mediciroasting.com/collections/coffee,austin
Houndstooth Coffee,"4200 N Lamar Blvd STE 120, Austin, TX 78756",http://www.houndstoothcoffee.com/?utm_source=google&utm_medium=organic&utm_campaign=googlebusiness,https://houndstooth-coffee.square.site/,austin
Sun Burst Coffee,"720 Bastrop Hwy, Austin, TX 78741",http://www.sunburstcoffee.com/,http://www.sunburstcoffee.com/products/costa-rica-tarrazu-dark-roast-1,austin
Summer Moon Coffee,"11005 Burnet Rd Ste 112, Austin, TX 78758",https://locations.summermooncoffee.com/locations/burnet-rd-austin/,https://summermooncoffee.com/collections/wood-fired-coffee,austin
Doxa Coffee Roasters Monterey Oaks,"4220 Monterey Oaks Blvd Suite 101, Austin, TX 78749",https://doxacoffeeroasters.com/,https://doxacoffeeroasters.com/collections/retail-coffee,austin
Texas Artisan Roasters,"1937 I 35 N Frontage Rd ste 108, New Braunfels, TX 78130",https://texasartisanroasters.com/,https://texasartisanroasters.com/collections/all,austin
Polyphonic Coffee,"12000 Menchaca Rd Building 2 Suite D, Austin, TX 78748",https://www.polyphonic.coffee/,https://polyphoniccoffee.square.site/,austin
Lamppost Coffee,"201 E Main St #101, Round Rock, TX 78664",http://www.lamppost.coffee/,https://shop.lamppost.coffee/products/featured-espresso,round rock
Alamo Coffee Company,"1021 Sendero Springs Dr, Round Rock, TX 78681",http://alamocoffee.com/,http://alamocoffee.com/collections/our-roasts,round rock
"Mojo Coffee, LLC","3100 RM 1431 #100, Round Rock, TX 78681",http://www.mojodrivethru.com/,https://mojo-coffee-llc.square.site/,round rock
Dutch Bros Coffee,"117 Deer Ridge Dr, Round Rock, TX 78681",https://www.dutchbros.com/locations/tx/round-rock/117-deer-ridge-dr?y_source=1_MTA2NTA1NDEwOC03MTUtbG9jYXRpb24ud2Vic2l0ZQ%3D%3D,https://www.dutchbros.com/at-home/,round rock
What's Brewing Coffee Roasters,"138 W Rhapsody Dr, San Antonio, TX 78216",http://www.sacoffeeroasters.com/,https://whats-brewing.square.site/s/order?location=11eac5fd5c38aba085260cc47a2b63ac,round rock
Black Rock Coffee Bar,"17220 Ranch to Market Rd 620, Round Rock, TX 78681",https://br.coffee/,https://br.coffee/collections/coffee,round rock
Enduro Coffee Roasters,"400 Oakhurst Scenic Dr, Fort Worth, TX 76111",http://www.endurocoffee.com/,https://endurocoffee.com/home/shop/,round rock
Drinkle Coffee,"601 Conservation Dr, Austin, TX 78717",https://drinklecoffee.com/,https://order.toasttab.com/online/drinkle-coffee,round rock
Medina River Coffee Roasters,"11825 West Ave Suite 101, San Antonio, TX 78216",http://www.medinarivercoffee.com/,http://www.medinarivercoffee.com/collections/all,round rock
Red Horn Coffee House and Tap Room,"109 W 7th St #105, Georgetown, TX 78626",https://www.redhornbrew.com/,https://www.redhornbrew.com/collections/all,round rock
Van Zandt Coffee,"6353 State Hwy 19 N, Athens, TX 75752",http://www.vanzandtcoffee.com/,http://www.vanzandtcoffee.com/collections/coffee,round rock
Addison Coffee Roasters,"15012 Beltway Dr, Addison, TX 75001",http://www.addisoncoffee.com/,https://www.addisoncoffee.com/roasted-coffee/,round rock
Just Love Coffee Cafe - Georgetown,"1013 W University Ave Suite 195, Georgetown, TX 78628",https://justlovecoffeecafe.com/tx-georgetown/,https://justlovecoffee.com/collections/,round rock
The Fairview,"817 Chestnut St Suite 221, San Marcos, TX 78666",http://www.bluebonnetcoffee.com/the-fairview,http://www.bluebonnetcoffee.com/shop/coffee,san marcos
Archies Coffee Lounge,"301 N LBJ Dr #119, San Marcos, TX 78666",https://archiescoffee.com/,https://shop.archiescoffee.com/,san marcos
D's Roastery Coffee in Wimberley,"120 Joe Wimberley Blvd # 102, Wimberley, TX 78676",http://dsroastery.com/,https://squareup.com/market/dsroastery,san marcos
JoVi Coffee Roaster,"990 Rayford Rd Suite 110, Spring, TX 77386",http://www.joviroasters.com/,https://joviroasters.com/shop/,san marcos
US Roast,"1501 W Ferguson Rd, Mt Pleasant, TX 75455",http://usroast.com/,http://usroast.com/collections/all-retail-coffee,san marcos
Day Break Coffee Roasters,"1403 Avenue F, Lubbock, TX 79401",https://daybreak.coffee/,https://daybreak.coffee/shop/,san marcos
Gold Stripe Coffee Roasters,"2610 Salem Ave Ste 5, Lubbock, TX 79410",http://goldstripecoffee.com/,http://goldstripecoffee.com/shop/roasted-coffee/5,san marcos
Tweed Coffee Roasters,"1355 Motor Cir, Dallas, TX 75207",http://www.tweedcoffee.com/,http://www.tweedcoffee.com/collections/single-origin,san marcos
Dark Ritual Coffee Roasters,"112 Greenhill Ln Suite 110, Rockwall, TX 75087",https://www.darkritualcoffeetx.com/,https://order.toasttab.com/online/dark-ritual-coffee-roasters-112-greenhill-ln-suite-110,san marcos
Third Wave Coffee,"220, 9th Main Rd, 5th Block, Jayanagar, Bengaluru, Karnataka 560041, India",https://stores.thirdwavecoffeeroasters.com/store-pages/third-wave-coffee-jayanagar-bengaluru/,https://www.thirdwavecoffeeroasters.com/,san marcos
Lion's Head Coffee Roastery,"205 Rostan Ct, Royse City, TX 75189",https://lionsheadcoffee.com/,https://lionsheadcoffee.com/collections/all,san marcos
Vertere Coffee Roasters,"22289 Ford Rd #200, Porter, TX 77365",http://www.verterecoffee.com/,http://www.verterecoffee.com/collections/craft-roasted-coffee,san marcos
Neon Moon Coffee,"12510 W Texas St, Burton, TX 77835",http://neonmooncoffee.com/,http://neonmooncoffee.com/shop,san marcos
YellowBand Coffee Roasters,"7001 W I-10 Access Rd Suite 117, San Antonio, TX 78213",http://www.yellowbandcoffee.com/,http://www.yellowbandcoffee.com/collections/frontpage,san marcos
Theory Coffee Company,"2347 Nacogdoches Rd, San Antonio, TX 78209",http://www.theorycoffeeco.com/,http://www.theorycoffeeco.com/shop,san marcos
Flor de Café International Coffee Company,"215 Coca-Cola Pl #119, San Antonio, TX 78219",https://florcoffee.com/,https://florcoffee.com/shop-page/,san marcos
Iron Bridge Coffee Company (Home- Based Coffee Roasters),"2315 Hanover Dr, Waco, TX 76710",http://ironbridgecoffee.com/,http://ironbridgecoffee.com/product/medium-roast-monte-redondo-/37?cs=true&cst=custom,san marcos
Quantum Coffee Roasters,"24188 Boerne Stage Rd, San Antonio, TX 78255",https://www.quantumcoffeesa.com/,https://www.quantumcoffeesa.com/shop,san marcos
Estate Coffee Company,"1320 E Houston St a101, San Antonio, TX 78205",http://www.estatecoffeecompany.com/,http://www.estatecoffeecompany.com/collections/all,san marcos
The Hermit Specialty Coffee,"3814 Acushnet Dr Suite 204, Corpus Christi, TX 78413",https://thehermitcafe.com/,https://thehermitcafe.com/collections/all,pflugerville
Haraz Coffee House,"801 Wells Branch Pkwy suite 180, Pflugerville, TX 78660",https://www.harazcoffeehouse.com/,https://haraz-coffee.myshopify.com/collections/all,pflugerville
107 Roasters & Cafe,"512 SW 47th Ave, Amarillo, TX 79110",http://107roasters.com/,https://www.107roasters.com/shop,pflugerville
Barbarossa Coffee Roasters,"9166 Farm to Market 2920 Suite 100, Tomball, TX 77375",http://www.barbarossacoffee.com/,https://barbarossacoffee.com/product-category/coffee/,pflugerville
The Human Bean,"105 Rex Kerwin Ct Bldg. 1, Pflugerville, TX 78660",https://thehumanbean.com/location/human-bean-101-rex-kerwin-court-pflugerville-texas-78660/,https://thehumanbean.com/collections,pflugerville
Katï Coffee Roastery,"3871 E University Ave #195, Georgetown, TX 78626",https://www.katicoffee.com/,https://www.katicoffee.com/collections/all-coffees,pflugerville
Waterloo Coffee Company,"3309 W State Hwy 29, Georgetown, TX 78628",http://www.waterloocoffeecompany.com/,http://www.waterloocoffeecompany.com/shop,pflugerville
Forrest Coffee House,"103 Forrest St, Liberty Hill, TX 78642",https://forrest.coffee/,https://order.toasttab.com/online/forrestcoffeetx,pflugerville
Kyoko Coffee,"6401 Airport Blvd, Austin, TX 78752",https://kyokocoffee.com/,http://kyoko-coffee.square.site/,pflugerville
White Box Roastery Co.,"610 Elm St STE 1340, McKinney, TX 75069",https://whiteboxroastery.com/,https://whiteboxroastery.square.site/,georgetown
Boomtown Coffee,"242 W 19th St, Houston, TX 77008",http://www.boomtowncoffee.com/,https://www.boomtowncoffee.com/all-items?category=coffee,georgetown
Panera Bread,"1050 W University Ave, Georgetown, TX 78628",https://www.panerabread.com/en-us/cafe/locations/tx/georgetown/1050-w-university-ave?utm_medium=local&utm_source=google&utm_campaign=dpm-dist&utm_term=606320&utm_content=main,https://www.paneraathome.com/,georgetown
Third Gen Coffee,"25136 Grogans Park Dr, The Woodlands, TX 77380",http://www.thirdgencoffee.com/,http://www.thirdgencoffee.com/store/coffee,georgetown
ARWA YEMENI COFFEE,"12301 W Parmer Ln Unit 206 Bldg 2, Cedar Park, TX 78613",http://www.arwacoffee.com/,https://www.arwacoffee.com/shop/coffee-bag/,georgetown
Blackwater Coffee Roasters,"3204 Polk St, Houston, TX 77003",http://www.bwcroasters.com/,http://www.bwcroasters.com/collections/coffee,georgetown
Muscovy Coffee Roasters,"100 N Church St, Salado, TX 76571",https://www.muscovycoffee.com/,https://muscovy-coffee-roasters-church-street.square.site/,georgetown
Three Keys Coffee Bar,"712 Main St, Houston, TX 77002",https://threekeyscoffeebar.com/,https://threekeyscoffeebar.com/s/order,georgetown
Neon Belly Coffee & Bakery,"8312 Burnet Rd Unit 101, Austin, TX 78757",https://neonbellycoffee.com/order-online,https://neonbellycoffee.com/shop,georgetown
Summer Moon,"133 Collective Wy, Leander, TX 78641",http://summermooncoffee.com/,http://summermooncoffee.com/collections/wood-fired-coffee,leander
PJ's Coffee,"11620 Hero Way W, Leander, TX 78641",https://locations.pjscoffee.com/tx/leander/coffee-shop-tx0039.html,https://shop.pjscoffee.com/collections/coffee,leander
Eiland Coffee Roasters,"532 N Interurban St, Richardson, TX 75081",http://www.eilandcoffee.com/,http://www.eilandcoffee.com/shop,leander
Scooter's Coffee,"1265 N US Hwy 183, Leander, TX 78641",https://scooterscoffee.com/,https://www.scooterscoffee.com/shop/at-home-coffee,leander
Texas Grounds Coffee Company Roasters,"14359 Old Bandera Rd #3, Helotes, TX 78023",http://www.texasgroundscoffee.com/,http://www.texasgroundscoffee.com/collections/shop-all-coffee,leander
Cuppa Austin Coffee Shop,"9225 W Parmer Ln b101, Austin, TX 78717",http://cuppaaustin.com/,https://www.texascoffeetraders.com,leander
Pineview Coffee Company,"13805 Research Blvd, Austin, TX 78750",http://pineviewcoffee.com/,https://pineviewcoffee.com/shop/,cedar park
Edison Coffee Co Roastery,"760 E Main St Suite 103, Lewisville, TX 75057",http://www.edisoncoffeeco.com/,http://www.edisoncoffeeco.com/store,cedar park
Katz Coffee,"2400 Karbach St, Houston, TX 77092",http://www.katzcoffee.com/,https://katzcoffee.com/shop/,cedar park
Qahwah House Coffee - Leander Austin,"14300 Ronald Reagan Blvd Suite 305 & 306, Leander, TX 78641",https://qahwahhouse.com/,https://qahwahhouse.com/products,cedar park
"Dumont Creamery & Cafe, Cedar Park","601 W New Hope Dr Suite 106 Building 1, Cedar Park, TX 78613",http://www.dumont.us/,http://www.dumont.us/collections/all,cedar park
Embrace The Grind BTX,"824 Main St, Buda, TX 78610",http://www.embracethegrindbtx.com/,http://www.embracethegrindbtx.com/product/15-oz-decaf-organic-indonesian-bali-hai-swp-/33?cs=true&cst=popular,buda
What's The Buzz Specialty Coffee,"2511 Texas Ave, Bryan, TX 77802",https://www.whatsthebuzzcoffee.com/,https://www.whatsthebuzzcoffee.com/s/shop,buda
Overland Roast,"115 Crawford, Kyle, TX 78640",https://www.overlandroast.com/pages/contact,https://www.overlandroast.com/collections/all-beans,buda
"Nocona Coffee Roasters, LLC","Montague County, Nocona, TX 76255",http://noconacoffeeroasters.com/,https://noconacoffeeroasters.com/shop/,buda
Big Bend Coffee Roasters,"510 W San Antonio St, Marfa, TX 79843",http://bigbendcoffeeroasters.com/,http://bigbendcoffeeroasters.com/shop,buda
Golden Roastery,"3111 Fondren Rd, Houston, TX 77063",https://goldenroastery.store/,https://goldenroastery.store/collections/coffee,buda
Martin Coffee Co,"1633 Marshall St, Jacksonville, FL 32206",http://www.martincoffee.com/,https://martincoffee.com/shop/,Jacksonville
Setlan Coffee Co.,"333 N Laura St, Jacksonville, FL 32202",http://setlancoffee.com/,https://setlan-coffee.square.site,Jacksonville
Solune Coffee,"2650 Rosselle St #3B, Jacksonville, FL 32204",http://www.solunecoffee.com/,http://www.solunecoffee.com/collections/all,Jacksonville
Artessence Coffee Shop,"1505 N Main St, Jacksonville, FL 32206",http://www.artessencecoffee.com/,https://artessence-cafe.square.site/s/shop,Jacksonville
Bold Bean Coffee Roasters - Riverside,"869 Stockton St, Jacksonville, FL 32204",https://boldbeancoffee.com/,https://boldbeancoffee.com/collections/shop-coffee,Jacksonville
Condaxis Coffee & Tea,"1805 W Beaver St, Jacksonville, FL 32209",http://www.condaxis.com/,https://www.condaxis.com/shop,Jacksonville
Jacksonville Coffee Company,"8221 Southside Blvd Space 7, Jacksonville, FL 32256",https://www.jacksonvillecoffeecompany.com/,https://www.jacksonvillecoffeecompany.com/shop,Jacksonville
Longroad Coffee Company,"633 Myrtle Ave N, Jacksonville, FL 32204",http://www.longroad.coffee/,https://longroad.coffee/product-category/coffee/,Jacksonville
Brass Tacks Coffee Co.,"4352 Southside Blvd, Jacksonville, FL 32216",http://www.brasstackscoffee.com/,http://www.brasstackscoffee.com/shop-online,Jacksonville
Vantage Point Coffee,"1301 Monument Rd # 21, Jacksonville, FL 32225",https://www.vantagepointcoffee.com/,https://vantagepointcoffee.com/shop/,Jacksonville
Lucky Goat Coffee - Deerwood Park,"10618 Deerwood Park Blvd #1, Jacksonville, FL 32256",https://luckygoatcoffee.com/pages/deerwood-park,https://luckygoatcoffee.com/collections/coffee,Jacksonville
Haymaker Coffee Co,"25 N Market St, Jacksonville, FL 32202",http://www.haymakercoffeeco.com/,http://www.haymakercoffeeco.com/coffee,Jacksonville
Bitty & Beau's Coffee,"1965 San Marco Blvd, Jacksonville, FL 32207",https://www.bittyandbeauscoffee.com/location/jacksonville/?utm_source=google&utm_medium=organic&utm_campaign=businessprofile,https://www.bittyandbeauscoffee.com/product-category/coffee/,Jacksonville
Orlando Coffee Roasters,"1401 W Gore St # 3, Orlando, FL 32805",http://www.orlandocoffeeroasters.com/,http://www.orlandocoffeeroasters.com/collections/single-origin-coffee,Jacksonville
Strongtree Organic Coffee Roasters,"125 NW 23rd Ave Suite 16, Gainesville, FL 32609",http://www.strongtreecoffee.com/,http://www.strongtreecoffee.com/shop,Jacksonville
Lionrush | Specialty Coffee Roasters,"13806 SW 142nd Ave STE 23, Miami, FL 33186",https://lionrushcoffee.com/,https://lionrushcoffee.com/collections/all,Jacksonville
Palm Coffee Roasters,"2238 Hayes St, Hollywood, FL 33020",https://www.palmcoffeeroasters.com/,https://www.palmcoffeeroasters.com/collections/coffee,Jacksonville
Escondido Coffee Company - Wholesale Roaster,"5748 NE 4th Ave, Miami, FL 33137",https://www.escondidospecialtycoffee.com/,https://www.escondidospecialtycoffee.com/collections/all-coffee,Jacksonville
Look Alive Coffee,"1920 1/2, 1st Ave S, St. Petersburg, FL 33712",https://lookalivecoffee.com/,https://lookalivecoffee.com/collections/all-coffee,Jacksonville
Sweetwater Organic Coffee Co. (Wholesale & Online Retail),"1331 S Main St, Gainesville, FL 32601",http://www.sweetwaterorganiccoffee.com/,http://www.sweetwaterorganiccoffee.com/coffee/,Jacksonville
flamingo coffee,"1176 Edgewood Ave S STE 1, Jacksonville, FL 32205",http://www.flamingocoffeeroasters.com/,http://www.flamingocoffeeroasters.com/store/coffee,Jacksonville
Java D'oro Gourmet Coffee Roasters,"905 SE 14th Pl, Cape Coral, FL 33990",http://www.javadoro.com/,http://www.javadoro.com/collections/coffee/products/espresso-supremo,Jacksonville
SOCIAL HOUSE COFFEE,"4204 Herschel St, Jacksonville, FL 32210",http://socialhouse.co/,https://shop.socialhouse.co/collections/all,Jacksonville
Steel Oak Coffee,"187 S Yonge St, Ormond Beach, FL 32174",http://www.steeloakcoffee.com/,http://www.steeloakcoffee.com/collections/coffee,Jacksonville
Alla Prima Coffee Roaster,"532 W Garden St, Pensacola, FL 32502",http://allaprimacoffee.com/,http://allaprimacoffee.com/shop,Jacksonville
The Roasted Record Coffee and Vinyl,"600 S Colorado Ave, Stuart, FL 34994",https://www.roastedrecord.com/,https://www.roastedrecord.com/collections/coffee,Jacksonville
Screaming Peacock Coffee,"5 Sebastian Ave, St. Augustine, FL 32084",https://screamingpeacockcoffee.com/,https://screamingpeacockcoffee.com/product-category/coffee/,Jacksonville
3rd Wave Coffee Roasters,"215 W King St #3, St. Augustine, FL 32084",https://3rdwavecoffee.com/,https://3rdwavecoffee.com/collections/all,Jacksonville
Gregorys Coffee,"10281 Mid Town Pkwy, Jacksonville, FL 32246",https://gregoryscoffee.com/,https://gregoryscoffee.com/collections/coffee,Jacksonville
WFM Coffee Bar,"10601 San Jose Blvd, Jacksonville, FL 32257",http://www.wholefoodsmarket.com/stores/jacksonville?utm_source=google&utm_medium=organic&utm_campaign=listings,http://www.wholefoodsmarket.com/products/beverages?featured=on-sale,Jacksonville
Foxtail Coffee & Kelly's Homemade Ice Cream - Jacksonville Beach,"300 Beach Blvd, Jacksonville Beach, FL 32250",https://www.foxtailcoffee.com/locations/foxtail-coffee-jacksonville-beach%2C-fl,https://shop.foxtailcoffee.com/collections/coffee,Jacksonville
Pura Bean Coffee Company,"14286 Beach Blvd #25, Jacksonville, FL 32250",http://www.purabeancoffeeco.com/,http://www.purabeancoffeeco.com/collections/coffee,Jacksonville
Refuel Coffee Co.,"35 Summerlin Ln Suite 108, St. Augustine, FL 32095",https://refuelcoffee.co/,https://order.toasttab.com/online/refuelcoffeeco,Jacksonville
First Coast Espresso,"3653 Regent Blvd STE 203, Jacksonville, FL 32224",https://firstcoastespresso.com/,https://firstcoastespresso.com/shop,Jacksonville
The Kookaburra Downtown,"18 Cathedral Pl, St. Augustine, FL 32084",http://www.thekookaburracoffee.com/,http://www.thekookaburracoffee.com/shop/bonzablend,Jacksonville
Café Nairobi,"2120 Dennis St, Jacksonville, FL 32204",https://cafenairobi.com/,https://cafenairobi.com/products/cafe-nairobi-cold-brew-coffee-beans,Jacksonville
FirePower Coffee Roasters LLC,"322 FL-100, Keystone Heights, FL 32656",http://www.firepower.coffee/,https://www.toasttab.com/firepowercoffeeroasters/v3,Jacksonville
Grumpy Goat Coffee Roastery,"Causeway Commerce Park, 28280 Old 41 Rd Suite M-11, Bonita Springs, FL 34135",https://www.grumpygoat.com/,https://grumpygoat.com/coffee/,Jacksonville
Ethos Coffee Roasters,"132 Lake Beulah Dr, Lakeland, FL 33815",http://www.ethosroasters.com/,http://www.ethosroasters.com/coffee,Jacksonville
Roasted Rooster Coffee Company,"450030 FL-200, Callahan, FL 32011",http://www.roastedroostercoffeecompany.com/,https://roastedroostercoffeecompany.com/buy-coffee/,Jacksonville
Stemma Craft Coffee,"328 N Orange Ave, Orlando, FL 32801",http://stemmacraftcoffee.com/,http://stemmacraftcoffee.com/shop-locally-roasted-coffee-beans,Jacksonville
Relámpago Coffee Lab,"74 Spanish St, St. Augustine, FL 32084",http://relampagocoffee.com/,http://relampagocoffee.com/shop,Jacksonville
A Cup of Joy Coffee,"600 Anastasia Blvd, St. Augustine, FL 32080",https://www.acupofjoycoffee.com/,https://www.acupofjoycoffee.com/shop,Jacksonville
DOS Coffee & Wine,"300 San Marco Ave, St. Augustine, FL 32084",https://www.dosbar.com/,https://www.relampagocoffee.com/shop,Jacksonville
Beanz n’ Cream,"631 US-17, San Mateo, FL 32187",http://www.beanzncream.com/,https://gnuxcb-um.myshopify.com/,Jacksonville
Kismet Coffee,"5517 S Fletcher Ave, Fernandina Beach, FL 32034",https://kismetcoffeefl.com/,https://order.toasttab.com/online/kismet-coffee-5517-s-fletcher-avenue,Jacksonville
Island Roasters Coffee Company,"398 Causeway N, New Smyrna Beach, FL 32169",http://www.islandroasterscoffeecompany.com/,https://squareup.com/market/island-roasters-coffee-company,Jacksonville
Floridian Coffee Roasters,"5015 Georgia Ave, West Palm Beach, FL 33405",https://www.floridiancoffeeroasters.com/,https://www.floridiancoffee.com/shop,Jacksonville
Dunkin',"1954 S 8th St, Fernandina Beach, FL 32034",https://locations.dunkindonuts.com/en/fl/fernandina-beach/1954-s-8th-st/352643?utm_source=google&utm_medium=local&utm_campaign=localmaps&utm_content=352643&y_source=1_MTIxMDkyNTQtNzE1LWxvY2F0aW9uLndlYnNpdGU%3D,https://www.dunkinathome.com/,Jacksonville
Juniper Mountain Coffee,"3700 N, 3700 US-1, Cocoa, FL 32926",https://www.junipermountaincoffee.com/,https://www.junipermountaincoffee.com/collections/coffee,Jacksonville
Grumpy Man Coffee Roasters,"7754 Okeechobee Blvd, West Palm Beach, FL 33411",http://www.grumpymancoffee.com/,http://www.grumpymancoffee.com/collections/frontpage,Jacksonville
Black Cat Coffee,"3355 Foley Rd, Titusville, FL 32780",http://blackcatcoffee.net/,https://www.blackcatcoffee.net/shop,Jacksonville
Trilogy Coffee Roasting Co,"136 W Georgia Ave, DeLand, FL 32720",https://trilogycoffee.com/,https://trilogycoffee.com/product-category/coffee/,Jacksonville
D.O.D. Coffee Roastery,"12543 Ulmerton Rd, Largo, FL 33774",http://www.dodcoffeeroastery.com/,https://dodcoffeeroastery.com/buy-coffee/,Jacksonville
Deke's in Delray,"6 NE 5th Ave, Delray Beach, FL 33483",http://www.dekesindelray.com/,http://www.dekesindelray.com/products/coffee-bag,Jacksonville
Apocalypse Coffee Roasters,"454 N Harbor City Blvd, Melbourne, FL 32935",https://apocalypsecoffee.com/,https://apocalypsecoffee.com/collections/coffee,Jacksonville
Otus Coffee - Roasting Facility,"1401 Beulah Rd Suite 118, Winter Garden, FL 34787",http://otus.coffee/,http://otus.coffee/collections/roasted-coffee,Jacksonville
Z Beans Coffee - Orange Park Hospital,"2001 Kingsley Ave, Orange Park, FL 32073",https://www.zbeanscoffee.com/pages/orange-park-hospital,https://www.zbeanscoffee.com/collections/roasted-coffee,Jacksonville
Scooter's Coffee,"151 Park Ave, Orange Park, FL 32073",https://scooterscoffee.com/,https://www.scooterscoffee.com/shop/at-home-coffee,Jacksonville
Spring Park Coffee,"328 Ferris St, Green Cove Springs, FL 32043",http://www.springparkcoffee.com/,http://www.brasstackscoffee.com/shop-online,Jacksonville
PJ's Coffee,"3470 Royal Pines Dr, Middleburg, FL 32068",https://locations.pjscoffee.com/fl/middleburg/coffee-shop-fl0022.html,https://shop.pjscoffee.com/collections/coffee,Jacksonville
Citrus Coffee,"141 N Hwy 27, Clermont, FL 34711",https://citruscoffee.com/,https://order.citruscoffee.com/s/shop,Jacksonville
Gasparilla Roasting,"3374 N Access Rd, Englewood, FL 34224",http://www.gasparillaroasting.com/,https://gasparillaroasting.square.site/s/shop,Jacksonville
Golden Hills Coffee Roasters,"1510 Max Hooks Rd Ste D, Groveland, FL 34736",http://goldenhillscoffee.com/,https://www.goldenhillscoffee.com/shop-coffee,Jacksonville
Maas Coffee Roasters Destin,"4014 Commons Dr W STE 102, Destin, FL 32541",http://maas.coffee/,http://maas.coffee/collections/all,Jacksonville
Third Wave Coffee,"220, 9th Main Rd, 5th Block, Jayanagar, Bengaluru, Karnataka 560041, India",https://stores.thirdwavecoffeeroasters.com/store-pages/third-wave-coffee-jayanagar-bengaluru/,https://www.thirdwavecoffeeroasters.com/,Jacksonville
Lineage Coffee Roasting,"3201 Corrine Dr, Orlando, FL 32803",http://www.lineageroasting.com/,http://www.lineageroasting.com/collections/coffee,Jacksonville
Lobos Coffee Roasters,"3000 Corrine Dr, Orlando, FL 32803",http://www.loboscoffeeroasters.com/,http://www.loboscoffeeroasters.com/collections/all,Jacksonville
Haven Coffee Roasters,"140 3rd St SW, Winter Haven, FL 33880",http://havencoffeeroaster.com/,http://havencoffeeroaster.com/collections/coffee,Jacksonville
Doing Work Coffee Shop & Roaster,"335 Duval St suite c, Key West, FL 33040",https://doingworkcoffee.com/,https://doingworkcoffee.com/pages/storefront,Jacksonville
"Gem City Coffee, Inc.","Satsuma, FL 32189",http://gemcitycoffeeinc.com/,http://gemcitycoffeeinc.com/collections/all,Jacksonville
Allcoffee,"12815 NW 45th Ave #6b, Opa-locka, FL 33054",http://www.allcoffee.com/,http://www.allcoffee.com/collections/products,Jacksonville
Artizan Coffee Roasters,"4350 Oakes Rd Suite 518, Davie, FL 33314",https://www.artizancoffee.com/,https://www.artizancoffee.com/collections/beans-ground,Jacksonville
Patriot Coffee Roasters,"1117 Florida Ave S STE 105, Lakeland, FL 33803",https://patriotcraftcoffee.com/,https://patriotcraftcoffee.com/patriot-retail-coffee/,Jacksonville
Opus Coffee - Airstream,"403 SW 4th Ave, Gainesville, FL 32601",http://opuscoffee.com/,https://opuscoffee.com/product-category/coffee/,Jacksonville
O&M Coffee,"2543 Acorn Creek Rd, Green Cove Springs, FL 32043",https://www.oandmcoffee.net/?utm_source=google&utm_medium=wix_google_business_profile&utm_campaign=18146080037468291491,https://www.oandmcoffee.net/shop,Jacksonville
Sun Bear Specialty Coffee Roasters,"1037 Central Ave, St. Petersburg, FL 33701",https://sunbearspecialtycoffeeroasters.com/,https://sunbearspecialtycoffeeroasters.com/collections/all,Jacksonville
Coffee Latitudes Cafe & Roastery,"6431 E County Line Rd #110, Tampa, FL 33647",http://www.coffeelatitudes.com/,http://www.coffeelatitudes.com/s/shop,Jacksonville
Leatherback Roasters,"1335 Bennett Dr #125, Longwood, FL 32750",http://leatherbackroasters.com/,http://leatherbackroasters.com/collections/coffee-beans,Jacksonville
Java Planet Organic Coffee Roasters,"10160 Suite B Fisher Ave, Tampa, FL 33619",http://jporganiccoffee.com/,https://www.jporganiccoffee.com/collections/frontpage,Jacksonville
Farmer Brothers,"3230 US-17 N, Green Cove Springs, FL 32043",https://www.farmerbros.com/blog/branches/orlando-fl/,https://www.boydscoffeestore.com/,Jacksonville
Spill the Beans Co.,"406 Pine St, Leesburg, FL 34748",https://www.spillthebeansco.com/,https://spillthebeansco.com/shop/,Jacksonville
Elevation Coffee Roasters,"4952 Northdale Blvd #101, Greater Northdale, FL 33624",https://linktr.ee/elev8coffee,https://elev8coffee.square.site/,Jacksonville
Zeal Coffee Roasters,"1703 W State St, Tampa, FL 33603",http://zealcoffeeroasters.com/,https://thelabcoffee.com/beans,Jacksonville
Maple Street Biscuit Company - Fleming Island,"1960 E West Pkwy Suite 103, Fleming Island, FL 32003",https://www.maplestreetbiscuits.com/?olonwp=JjBtp_vMLk25gkYh_bnoiQ,https://www.maplestreetbiscuits.com/store,Jacksonville
Inheritance Coffee,"515 E Fairfield Dr, Pensacola, FL 32503",https://inheritancecoffee.com/,https://inheritancecoffee.com/collections/coffee,Jacksonville
Stocking Mill Coffee,"1500 S Atlantic Ave, Daytona Beach, FL 32118",https://stockingmillcoffee.com/,https://stockingmillcoffee.com/collections/coffee,Jacksonville
Maas Coffee Roasters,"150 Miracle Strip Pkwy SE, Fort Walton Beach, FL 32548",https://www.maascoffeeroasters.com/,https://www.maascoffeeroasters.com/beans,Jacksonville
Eagle Specialty Coffee,"1519 NE Pine Island Rd Suite 110, Cape Coral, FL 33909",http://www.eaglespecialtycoffee.com/,https://www.eaglespecialtycoffee.com/equipment-shop/coffee,Jacksonville
Good Folks Coffee,"1151 S Shelby St, Louisville, KY 40203",http://goodfolkscoffee.com/,http://goodfolkscoffee.com/products/fast-track-12oz,Louisville
Ithmah Coffee Roaster,"2425 Portland Ave Unit 2, Louisville, KY 40212",https://ithmahcoffee.com/,https://ithmahcoffee.com/shop/,Louisville
Sunergos Coffee,"1647 Norris Pl, Louisville, KY 40205",http://www.sunergoscoffee.com/,http://www.sunergoscoffee.com/collections/coffee,Louisville
West Lou Coffee,"1821R W Broadway, Louisville, KY 40203",http://westloucoffee.com/,http://westloucoffee.com/new-products,Louisville
Every Tribe Coffee,"11700 Commonwealth Dr #100, Louisville, KY 40299",https://www.everytribecoffee.com/,https://www.everytribecoffee.com/collections/retail,Louisville
Fante's Coffeehouse And Private Label Coffee Roasters,"2501 Grinstead Dr, Louisville, KY 40206",http://www.fantescoffee.com/,http://www.fantescoffee.com/collections,Louisville
Goldie's,"829 E Market St Suite A, Louisville, KY 40206",https://www.goldieslouisville.com/,https://www.deeperrootscoffee.com,Louisville
Quills Coffee,"10501 Watterson Trail, Louisville, KY 40299",http://www.quillscoffee.com/,http://www.quillscoffee.com/collections/coffee,Louisville
Red Hot Roasters,"1399 Lexington Rd, Louisville, KY 40206",http://www.redhotroasters.com/,https://redhotroasters.com/shop/,Louisville
La Grange Coffee Roasters,"110 E Main St, La Grange, KY 40031",http://lagrangecoffeeroasters.com/,http://lagrangecoffeeroasters.com/collections/all,Louisville
Blackbeard Espresso,"718 W Main St, Louisville, KY 40202",http://www.blackbeardespresso.com/,http://www.blackbeardespresso.com/online-store,Louisville
Safai Coffee Shop,"1707 Bardstown Rd, Louisville, KY 40205",https://www.safaicoffee.shop/,https://www.safaicoffee.com/shop,Louisville
Heine Brothers Coffee - MidCity Mall/The Highlands,"1250 Bardstown Rd, Louisville, KY 40204",http://www.heinebroscoffee.com/,http://www.heinebroscoffee.com/collections/coffee,Louisville
Bayt Al mocha Mocha House,"327 W Cardinal Blvd, Louisville, KY 40208",https://baytalmocha.com/,https://baytalmocha.com/menu/retail-items,Louisville
Third Wave Coffee,"220, 9th Main Rd, 5th Block, Jayanagar, Bengaluru, Karnataka 560041, India",https://stores.thirdwavecoffeeroasters.com/store-pages/third-wave-coffee-jayanagar-bengaluru/,https://www.thirdwavecoffeeroasters.com/,Louisville
Dutch Bros Coffee,"9101 Taylorsville Rd, Louisville, KY 40299",https://www.dutchbros.com/locations/ky/louisville/9101-taylorsville-rd?y_source=1_MTA4NjY1NzQ5MC03MTUtbG9jYXRpb24ud2Vic2l0ZQ%3D%3D,https://www.dutchbros.com/at-home/,Louisville
Royal Cup Coffee,"1118 Quality Choice Pl, Louisville, KY 40210",https://www.royalcupcoffee.com/,https://store.royalcupcoffee.com/home,Louisville
Under the Oak Tree Coffee Roasters,"324 Jake Dr, Rineyville, KY 40162",http://undertheoaktreecoffee.com/,http://undertheoaktreecoffee.com/shop/coffee/2,Louisville
4th Level Roasters,"381 United Ct #2, Lexington, KY 40509",http://4thlevelroasters.com/,http://4thlevelroasters.com/collections/all,Louisville
Dry Stack Coffee Roastery + Coffee Bar,"219 W Main St, Danville, KY 40422",http://www.drystackcoffee.com/,http://www.drystackcoffee.com/purchase,Louisville
Archer and Company Roasters,"1720 Petersburg Rd Suite 2, Hebron, KY 41048",https://archerroasters.com/,https://archerroasters.com/collections/coffee,Louisville
Creative Coffees Roastery,"2000 Fortune Dr, Winchester, KY 40391",http://www.creativecoffees.com/,https://www.creativecoffees.com/shop/,Louisville
Big Turkey Foot Coffee,"1738 Moseley St Suite A, Owensboro, KY 42303",http://www.bigturkeyfoot.com/,http://www.bigturkeyfoot.com/store,Louisville
Campfire Roasters: Express,"1060 Margaret Ct, Madisonville, KY 42431",https://www.campfireroasters.net/,https://www.campfireroasters.net/collections/all-coffees,Louisville
Gene's Beans Coffee Co.,"1738 Moseley St, Owensboro, KY 42303",https://genesbeanscoffee.com/,https://genesbeanscoffee.com/store,Louisville
Yokefellow Coffee Roasters,"614 E Dixie Ave, Elizabethtown, KY 42701",https://www.yokefellowcoffeeroasters.com/,https://www.yokefellowcoffeeroasters.com/whole-bean-coffee,Louisville
Tuscan Hills Coffee Company,"111 Roberts Rd, Campbellsville, KY 42718",https://www.tuscanhillscoffee.com/,https://www.tuscanhillscoffee.com/shop,Louisville
Strata Coffee Roasting,No address provided,https://stratacoffeeroasting.com/contactus,https://stratacoffeeroasting.com/shop,Louisville
Nate's Coffee Wholesale,"949 National Ave Suite 104, Lexington, KY 40502",http://natescoffee.com/,https://natescoffee.com/shop,Louisville
South Fork Coffee Company,"975 KY-910, Liberty, KY 42539",https://www.southforkcoffeeco.com/contact,https://www.southforkcoffeeco.com/shop,Louisville
Magic Beans Coffee Roasters,"501 W 6th St, Lexington, KY 40508",http://magicbeanscoffee.com/,http://magicbeanscoffee.com/shop,Louisville
Hos Coffee,"1207 Highland Ave, Carrollton, KY 41008",https://hoscoffee.com/,https://hosroastingco.com/store,Louisville
Artisan Roast Broughton street,"57 Broughton St, Edinburgh EH1 3RJ, United Kingdom",http://www.artisanroast.co.uk/,http://www.artisanroast.co.uk/collections/coffee,Louisville
Respawn Coffee Company,"208 Segler Dr, Oak Grove, KY 42262",https://www.respawncoffeecompany.com/,https://www.respawncoffeecompany.com/respawn-store,Louisville
Ridley Roasthouse,"400 E Main Ave #110, Bowling Green, KY 42101",http://ridleyroasthouse.com/,http://ridleyroasthouse.com/collections/all,Louisville
Dunkin',"4601 Dixie Hwy, Shively, KY 40216",https://locations.dunkindonuts.com/en/ky/shively/4601-dixie-hwy/352666?utm_source=google&utm_medium=local&utm_campaign=localmaps&utm_content=352666&y_source=1_MTIxMDkzNzktNzE1LWxvY2F0aW9uLndlYnNpdGU%3D,https://www.dunkinathome.com/,Louisville
Scooter's Coffee,"11506 Shelbyville Rd, Louisville, KY 40243",https://scooterscoffee.com/,https://www.scooterscoffee.com/shop/at-home-coffee,Louisville
Ace Coffee Co,"203 Broadway St, Cave City, KY 42127",http://www.acecoffeecafe.com/,http://www.acecoffeecafe.com/store,Louisville
BIGGBY COFFEE,"1263 Mt Eden Rd, Shelbyville, KY 40065",https://biggby.com/,https://store.bhappylounge.com/,Louisville
Analog Coffee Bar,"107 E 9th St, Newport, KY 41071",https://www.carabellocoffee.com/pages/analog,https://www.carabellocoffee.com/collections/freshly-roasted-craft-coffee,Louisville
Unify Coffee Co,"121 Bethel Harvest Dr, Nicholasville, KY 40356",https://unifycoffee.co/,https://unifycoffee.co/collections/all,Louisville
Union Place Coffee Roasters,"900 Jefferson Rd Building 9, Suite 903, Rochester, NY 14623",https://unionplacecoffeeroasters.com/,https://unionplacecoffeeroasters.com/shop-coffee/,Rochester
Albunn Coffee House,"333 East Ave, Rochester, NY 14604",https://albunncoffee.com/,https://albunncoffeehouse.cloveronline.com/,Rochester
Joe Bean Roasters,"565 Blossom Rd e1, Rochester, NY 14610",http://www.joebeanroasters.com/,http://www.joebeanroasters.com/collections/coffee-by-the-bag-1,Rochester
Evening Star Coffee Roasters- Coffee Service & Coffee Roastery,"5700 Tec Dr, Avon, NY 14414",http://www.eveningstarcoffeeroasters.com/,https://www.eveningstarcoffeeroasters.com/shop/,Rochester
Ink Wtr Coffee Roasters,"1150 University Ave, Rochester, NY 14607",http://inkwtr.com/,http://inkwtr.com/coffee_c_34.html,Rochester
Java's Coffee Roasters,"65 Pennsylvania Ave, Rochester, NY 14609",http://javascafe.com/,http://javascafe.com/shop,Rochester
Fuego Coffee Roasters,"1 Woodbury Blvd, Rochester, NY 14604",http://www.fuegocoffee.com/,https://fuego-coffee-roasters.myshopify.com/collections/frontpage,Rochester
Layali Coffee House,"942 Jefferson Rd, Rochester, NY 14623",http://layalicoffeehouse.com/,https://www.toasttab.com/local/order/layali-coffee-house-942-jefferson-road/r-0245dabe-5aa0-4d6e-ae93-dcc370918f5f#,Rochester
Finger Lakes Coffee Roasters,"6081 NY-96, Farmington, NY 14425",https://fingerlakescoffee.com/,https://finger-lakes-coffee.myshopify.com/collections/all,Rochester
Elvio's Coffee,"1350 Empire Blvd, Rochester, NY 14609",https://www.elvioscoffee.com/,https://www.elvioscoffee.com/category/coffee,Rochester
New City Cafe & Roastery,"441 Parsells Ave, Rochester, NY 14609",https://www.newcityroc.com/,https://www.newcityroc.com/store,Rochester
Buffalo Coffee Roastery,"5844 Buffalo St, Sanborn, NY 14132",http://buffalocoffeeroastery.com/,https://www.buffalocoffeeroastery.com/shop/category/dark-roasts-and-blends/,Rochester
Copper Horse Coffee Roasters,"2027 Slaterville Rd #1, Ithaca, NY 14850",http://www.copperhorsecoffee.com/,http://www.copperhorsecoffee.com/coffee-subscription,Rochester
Great Lakes Coffee Roasters,"123 Stutzman Rd, Bowmansville, NY 14026",http://www.greatlakescoffeeroasters.com/,https://www.greatlakescoffeeroasters.com/shop,Rochester
Equal Grounds Community Cafe,"750 South Ave, Rochester, NY 14620",http://www.equalgroundscafe.com/,https://www.equalgroundscafe.com/category/all-products,Rochester
Simple Roast Coffee - East,"360 Grant Ave, Auburn, NY 13021",http://www.simpleroastcoffee.com/,http://www.simpleroastcoffee.com/collections/simple-roast-coffee,Rochester
Leaf & Bean Coffee Co,"3240 Chili Ave B1, Rochester, NY 14624",https://www.leafandbeancoffeeco.com/,https://www.leafandbeancoffeeco.com/shop,Rochester
"Java Junction Coffee Roasters, Bakery & Restaurant","56 Main St S, Brockport, NY 14420",https://javajunction.cafe/,https://javajunction.cafe/shop/,Rochester
Amity Coffee Co.,"3 Main St, Penn Yan, NY 14527",http://amitycoffee.co/,http://amitycoffee.co/collections/all,Rochester
TiA Coffee LLC,"300 Village Square Blvd, Honeoye Falls, NY 14472",https://www.tiacoffee.us/,https://tiacoffee.us/shop/,Rochester
Third Wave Coffee,"220, 9th Main Rd, 5th Block, Jayanagar, Bengaluru, Karnataka 560041, India",https://stores.thirdwavecoffeeroasters.com/store-pages/third-wave-coffee-jayanagar-bengaluru/,https://www.thirdwavecoffeeroasters.com/,Rochester
Crow City Roasters Coffee,"145 State St, Auburn, NY 13021",http://www.crowcityroasters.com/,http://www.crowcityroasters.com/store,Rochester
Canopy Coffee Roasters,"3173 NY-14A, Penn Yan, NY 14527",http://canopycoffeeroasters.com/,https://canopycoffeeroasters.com/shop-2/,Rochester
Forty Weight Coffee Roasters,"770 Cascadilla St, Ithaca, NY 14850",http://fortyweightcoffee.cafe/,http://fortyweightcoffee.cafe/s/shop,Rochester
"JAVA-GOURMET Company Store, Black Cat Bistro, Keuka Lake Coffee Roasters, and Seneca Salt Company","2808 NY-54A, Penn Yan, NY 14527",https://java-gourmet.com/,https://java-gourmet.com/collections/coffee,Rochester
Off the Trail Coffee Company,"4545 Witherden Rd, Marion, NY 14505",https://www.offthetrailcoffeeco.com/,https://www.offthetrailcoffeeco.com/store,Rochester
New Day Coffee Roasters,"3046 Niagara Falls Blvd, North Tonawanda, NY 14120",http://newdaycoffeeroasters.com/,http://newdaycoffeeroasters.com/shop/coffee/2,Rochester
Adirondack Coffee Roasters,"373 State Rte 3 Suite 1, Plattsburgh, NY 12901",http://www.adkcoffeeroasters.com/,http://www.adkcoffeeroasters.com/shop,Rochester
Georgio's Coffee Roasters,"1965 New Hwy, Farmingdale, NY 11735",http://www.georgioscoffee.com/,http://www.georgioscoffee.com/collections/frontpage,Rochester
Unique Coffee Roasters,"3075 Richmond Ter, Staten Island, NY 10303",http://www.uniquecoffeeroasters.com/,http://www.uniquecoffeeroasters.com/collections/blends,Rochester
Gloria Jean's Coffees,"420 Greece Ridge Center Dr, Rochester, NY 14626",https://www.gloriajeans.com/,https://www.gloriajeanscoffees.com.au/,Rochester
Stedman Corners Coffee Roasters,"169 W Fairmount Ave, Lakewood, NY 14750",https://www.stedmancoffee.com/,https://www.stedmancoffee.com/coffee.html,Rochester
Milk House Roastery,"4654 NW Townline Rd, Marcellus, NY 13108",https://milkhouseroastery.com/,https://milkhouseroastery.com/collections/frontpage,Rochester
Recess Coffee Westcott,"110 Harvard Pl, Syracuse, NY 13210",http://recesscoffee.com/,https://recess-online-store.square.site/,Rochester
Stack Street Coffee Roasters,"55 W Railroad Ave building 5, Garnerville, NY 10923",http://stackstcoffee.com/,http://stackstcoffee.com/collections/bulk-coffee-beans,Rochester
"Oak Hill Bulk Foods, Inc.","3173 NY-14A, Penn Yan, NY 14527",http://oakhillbulkfoods.com/,https://canopycoffeeroasters.com/shop/,Rochester
Panera Bread,"800 Greece Ridge Center Dr, Greece, NY 14626",https://www.panerabread.com/en-us/cafe/locations/ny/greece/800-greece-ridge-center-drive?utm_medium=local&utm_source=google&utm_campaign=dpm-dist&utm_term=601095&utm_content=main,https://www.paneraathome.com/,Rochester
Whole Latte Love,"2200 Brighton Henrietta Town Line Rd, Rochester, NY 14623",http://www.wholelattelove.com/,http://www.wholelattelove.com/collections/coffee,Rochester
McCullagh Coffee,"245 Swan St, Buffalo, NY 14204",http://www.mccullaghcoffee.com/,http://www.mccullaghcoffee.com/collections,Rochester
Goodrich Coffee & Tea,"9450 Main St, Clarence, NY 14031",http://www.goodrichcoffee.com/,https://goodrichcoffee.com/coffee/,Rochester
"Origin Coffee Co. | Saranac Lake, NY","77 Main St, Saranac Lake, NY 12983",http://www.origincoffeeadk.com/,http://www.origincoffeeadk.com/shop-our-coffee/coffee,Rochester
Partners Coffee - North 6 Street Williamsburg,"125 N 6th St, Brooklyn, NY 11249",http://www.partnerscoffee.com/,http://www.partnerscoffee.com/collections/all-coffees,Rochester
Old Mountain Coffee Company,"1767 NY-73, Keene Valley, NY 12943",http://oldmountaincoffee.com/,http://oldmountaincoffee.com/collections/all,Rochester
Coffee Project New York | Fort Greene,"78 Rockwell Pl, Brooklyn, NY 11217",https://coffeeprojectny.com/?utm_source=google&utm_medium=organic&utm_campaign=gmb_bk,https://coffeeprojectnyshop.square.site/shop-coffee,Rochester
Dear Mama,"611 W 129th St, New York, NY 10027",http://www.dearmamacoffee.com/,http://www.dearmamacoffee.com/store,Rochester
Dunkin',"136 W Main St, Batavia, NY 14020",https://locations.dunkindonuts.com/en/ny/batavia/136-w-main-st/300924?utm_source=google&utm_medium=local&utm_campaign=localmaps&utm_content=300924&y_source=1_MTIxMDY4MDUtNzE1LWxvY2F0aW9uLndlYnNpdGU%3D,https://www.dunkinathome.com/,Rochester
Premium Coffee Company,"2510 Hamburg Turnpike, Buffalo, NY 14218",http://premiumcoffeeco.com/,https://www.premiumcoffeeco.com/category/all-products,Rochester
Untold Coffee Lab,"2200 Brighton Henrietta Town Line Rd, Rochester, NY 14623",https://untoldcoffeelab.com/,https://untoldcoffeelab.com/collections/all-coffee,Rochester
Greater Things Roasters,"10 Hope Plaza, West Coxsackie, NY 12192",http://www.greaterthingsroasters.com/,http://www.greaterthingsroasters.com/shop,Rochester
:3Coffee | Flatiron,"29 W 21st St, New York, NY 10010",https://www.3coffeeroasters.com/shop/,https://www.3coffeeroasters.com/product/12oz/,Rochester
Coffee & Stone,"54 Webster St, North Tonawanda, NY 14120",https://www.coffeeandstone.com/,https://www.toasttab.com/coffee-and-stone-54-webster-street,Rochester
Bear Mountain Coffee Roasters,"100 Bucks Hollow Rd, Mahopac, NY 10541",https://www.bearmountaincoffeeroasters.com/,https://www.bearmountaincoffeeroasters.com/shop-all,Rochester
Path Coffee Roasters,"106 Purdy Ave, Port Chester, NY 10573",https://pathcoffees.com/,https://pathcoffees.com/shop-coffee/,Rochester
Double Barrel Roasters,"1025 Saw Mill River Rd, Yonkers, NY 10710",https://www.doublebarrelroasters.com/contact/,https://www.doublebarrelroasters.com/shop/,Rochester
"Jockey Street Coffee Roasters, LLC","9703 NY-19, Houghton, NY 14744",http://www.jockeystreetcoffee.com/,http://www.jockeystreetcoffee.com/coffee,Rochester
St. Drogo's Coffee & Bake House,"7514 S State St, Lowville, NY 13367",https://www.saintdrogoscoffee.com/?utm_source=google&utm_medium=wix_google_business_profile&utm_campaign=11233566835924521391,https://www.tughillartisanroasters.com,Rochester
Craft Coffee House,"6612 Campbell Blvd, Lockport, NY 14094",https://www.craftcoffeehousewny.com/,https://www.craftcoffeehousewny.com/shop-now,Rochester
North Star Cafe,"92 S Main St, Canandaigua, NY 14424",https://www.northstarcafe.org/,http://www.fingerlakescoffee.com/,Rochester
Upstate Coffee,"50 Elmwood Ave, Gloversville, NY 12078",http://www.upstatecoffee.com/,http://www.upstatecoffee.com/collections/all,Rochester
Stride Coffee Roasters,"2 Campion Rd #6, New Hartford, NY 13413",http://stridecoffeeroasters.com/,http://stridecoffeeroasters.com/collections/all,Rochester
Pintail Coffee,"1776 New Hwy, Farmingdale, NY 11735",https://www.pintailcoffee.com/,https://www.pintailcoffee.com/shop/,Rochester
Felix Roasting Co.,"525 Greenwich St, New York, NY 10013",http://www.felixroastingco.com/,http://www.felixroastingco.com/collections/retail,Rochester
Kings Coast Coffee Company,"55 Carlough Rd, Bohemia, NY 11716",http://kingscoastcoffee.com/,http://kingscoastcoffee.com/collections/coffee,Rochester
St Kilda Coffee,"328 W 44th St, New York, NY 10036",http://stkildacoffee.com/,https://www.stkildacoffee.com/shop-3,Rochester
Pelicano Coffee Co.,"15 Lewes Rd, Brighton and Hove, Brighton BN2 3HP, United Kingdom",http://www.pelicanocoffee.com/,http://www.pelicanocoffee.com/onlineshop,Rochester
The Roastery by Trading Post,"13-14 Sydney St, Brighton and Hove, Brighton BN1 4EN, United Kingdom",http://www.tradingpostcoffee.co.uk/,http://www.tradingpostcoffee.co.uk/collections/coffee,Rochester
Small Batch Coffee Roasters - Roastery & Cafe,"Unit 7, Wellington House, Camden St, Brighton and Hove, Brighton BN41 1DU, United Kingdom",https://smallbatchcoffeeroasters.co.uk/,https://smallbatchcoffeeroasters.co.uk/collections/all-coffee,Rochester
Whole Foods Market,"2740 Monroe Ave, Rochester, NY 14618",https://www.wholefoodsmarket.com/stores/rochester?utm_source=google&utm_medium=organic&utm_campaign=listings,https://www.wholefoodsmarket.com/products/beverages?featured=on-sale,Rochester
Undergrounds Coffee House and Roastery,"580 South Park Ave, Buffalo, NY 14210",http://www.undergroundscoffeebuffalo.com/,https://www.undergroundscoffeebuffalo.com/retail,Rochester
"J.René Coffee Roasters, LLC","320 Park Rd, West Hartford, CT 06119",http://jrenecoffee.com/,https://j-rene-coffee-roasters.myshopify.com/,Hartford
Victus Coffee,"777 Main St, Hartford, CT 06103",http://victuscoffee.com/,http://victuscoffee.com/collections/victus-coffee,Hartford
Ovelle Coffee,"10 Love Ln #5-109, Hartford, CT 06112",http://www.ovellecoffee.com/,https://www.ovellecoffee.com/shop,Hartford
Those Guys Coffee Co.,"8 Wickett St, Pine Meadow, CT 06061",https://thoseguys.coffee/,https://thoseguys.coffee/collections/coffee,Hartford
Perkatory Coffee Roasters,"625 New Park Ave # H, West Hartford, CT 06110",http://www.perkatoryroasters.com/,http://www.perkatoryroasters.com/collections/all-beans,Hartford
Alvarium Roasting Company at GastroPark,"637 New Park Ave, West Hartford, CT 06110",http://alvariumbeer.com/coffee,https://coffee.alvariumbeer.com/s/shop,Hartford
Drumroll Coffee Roasters,"57 Wells Rd, Wethersfield, CT 06109",https://www.drumrollcoffeeroasters.com/,https://www.drumrollcoffeeroasters.com/s/shop,Hartford
Omar Coffee Company,"41 Commerce Ct, Newington, CT 06111",https://www.omarcoffee.com/,https://www.omarcoffee.com/shop/,Hartford
Sound Coffee Roastery,"2040 Main St, Bridgeport, CT 06604",http://soundcoffees.com/,http://soundcoffees.com/collections/coffees,Hartford
EB Coffee Roasters,"250 Willimantic Rd, Chaplin, CT 06235",http://ebcoffeeroasting.com/,https://ebcoffeeroasting.com/shop/,Hartford
Saccuzzo Coffee Company,"149 Louis St, Newington, CT 06111",https://www.saccuzzo.com/,https://icaffe.com/coffee,Hartford
Redding Roasters,"81 Greenwood Ave #1, Bethel, CT 06801",https://www.reddingroasters.com/,https://www.reddingroasters.com/shop-now-coffee,Hartford
Krafted Brew Lab,"725 Bantam Rd, Bantam, CT 06750",http://www.kraftedbrewlab.com/,http://www.kraftedbrewlab.com/shop,Hartford
Shearwater Organic Coffee Roasters,"100 Corporate Dr UNIT B106, Trumbull, CT 06611",http://www.shearwatercoffeeroasters.com/,https://www.shearwatercoffeeroasters.com/shop/,Hartford
Baronet Coffee Inc,"701 Marshall Phelps Rd, Windsor, CT 06095",https://www.baronetcoffee.com/,https://baronetcoffee.com/shop/,Hartford
Daybreak Coffee Roasters,"2377 Main St, Glastonbury, CT 06033",http://www.daybreakcoffee.com/,https://www.daybreakcoffee.com/product-category/coffee/,Hartford
Giv Coffee,"194 Albany Turnpike, Canton, CT 06019",http://givcoffee.com/,http://givcoffee.com/collections/our-coffees,Hartford
Roastmasters.com,"550 E Main St, Branford, CT 06405",https://www.roastmasters.com/,https://www.roastmasters.com/green_coffee.html,Hartford
Deep River Roasters,"159 Main St, Deep River, CT 06417",http://www.deepriverroasters.com/,http://www.deepriverroasters.com/shop.html,Hartford
Silk City Coffee,"763 Main St, Manchester, CT 06040",http://silkcitycoffee.com/,http://silkcitycoffee.com/collections/coffee,Hartford
Rebel Dog Coffee Co. EAST HARTFORD,"361 Main St, East Hartford, CT 06118",https://www.rebeldogcoffeeco.com/,https://www.rebeldogcoffeeco.com/collections/coffee,Hartford
PROOF Coffee Roasters,"200 Commons Park S, Stamford, CT 06902",http://www.proof.coffee/,https://shop.proof.coffee/collections/coffee?filter.p.product_type=coffee,Hartford
WeHa Brewing & Roasting Company,"141 Shield St, West Hartford, CT 06110",http://www.wehabrewing.com/,http://www.wehabrewing.com/collections/coffee,Hartford
Ashlawn Farm Coffee (the cafe),"455 Boston Post Rd #1, Old Saybrook, CT 06475",http://farmcoffee.com/,http://farmcoffee.com/product-category/coffee/,Hartford
Nero Kitchen by Caffè Nero,"13 S Main St, West Hartford, CT 06107",https://www.caffenero.com/us/,https://us.caffenero.shop,Hartford
Third Wave Coffee,"249, 14th Main Rd, 7th Sector, HSR Layout, Bengaluru, Karnataka 560102, India",https://stores.thirdwavecoffeeroasters.com/store-pages/third-wave-coffee-hsr-layout-14th-main-bengaluru/,https://www.thirdwavecoffeeroasters.com/,Hartford
ilse coffee,"35 Railroad St, Canaan, CT 06018",http://www.ilsecoffee.com/,http://www.ilsecoffee.com/collections/all-products,Hartford
Lions Den Coffee Shop,"57 W Main St, Plantsville, CT 06479",http://www.lionsdencoffeeshop.com/,https://www.toasttab.com/lions-den-coffee-shop,Hartford
Dunkin',"265 Washington St, Hartford, CT 06106",https://locations.dunkindonuts.com/en/ct/hartford/265-washington-st/336193?utm_source=google&utm_medium=local&utm_campaign=localmaps&utm_content=336193&y_source=1_MTIxMTQ0OTgtNzE1LWxvY2F0aW9uLndlYnNpdGU=,https://www.dunkinathome.com/,Hartford
Silvermine Coffee Roasters,"29 Harbor Ave, Norwalk, CT 06850",http://silverminecoffee.com/,http://silverminecoffee.com/collections/all,Hartford
Moodus Mud Coffee Roasters,"25 Falls Rd Bldg 6A, Moodus, CT 06469",http://moodusmud.com/home,http://moodusmud.com/s/order,Hartford
Camper Coffee,"4 School St, Madison, CT 06443",http://www.campcoff.com/,https://www.campcoff.com/order-coffee,Hartford
Strigo Coffee,"314 Wilson Ave unit o, Norwalk, CT 06854",http://www.strigocoffee.com/,https://strigocoffee.com/coffee/,Hartford
Radial Coffee Company,"1135 Hartford Turnpike, Vernon, CT 06066",https://www.radialcoffee.com/,https://www.radialcoffee.com/pages/shop,Hartford
Absolute Bearing Coffee Company,"500 Noank Rd, Mystic, CT 06355",https://www.absolutebearing.coffee/?utm_source=google&utm_medium=wix_google_business_profile&utm_campaign=447864435235872101,https://www.absolutebearing.coffee/shop,Hartford
One World Roasters,"967 N High St, East Haven, CT 06512",http://oneworldroasters.com/,http://oneworldroasters.com/buy-single-origin-coffee.html,Hartford
Side Hustle Coffee Roasters Co.,"67 O'Connell Rd, Colchester, CT 06415",http://sidehustlecoffeeroastersco.com/,http://sidehustlecoffeeroastersco.com/product/guatemala-los-huipiles/,Hartford
PJ's Coffee,"3313 Berlin Tpke Unit 12, Newington, CT 06111",https://locations.pjscoffee.com/ct/newington/coffee-shop-ct0001.html,https://shop.pjscoffee.com/collections/coffee,Hartford
Triple Co Roast,"Unit 12, Montpelier Central, Station Rd, Montpelier, Bristol BS6 5EE, United Kingdom",http://www.triplecoroast.com/,http://www.triplecoroast.com/collections/subscription-collection,Hartford
Wogan Coffee Roastery Shop & Brew Bar,"2 Clement St, St Jude's, Bristol BS2 9EQ, United Kingdom",https://wogancoffee.com/,https://wogancoffee.com/collections/all-coffee,Hartford
"Cheshire Coffee - Waterbury, CT","3670 E Main St, Waterbury, CT 06705",http://cheshirecoffee.com/,https://order.toasttab.com/online/cheshire-coffee,Hartford
Radical Roasters Coffee Roasters,"60-62 St Marks Rd, Easton, Bristol BS5 0LR, United Kingdom",http://www.radicalroasters.co.uk/,http://www.radicalroasters.co.uk/collections/coffee,Hartford
Daily Grind,"17 Depot Pl, Unionville, CT 06085",http://dailygrindct.com/,https://order.toasttab.com/online/daily-grind-unionville-17-depot-place,Hartford
Clifton Coffee Roasters,"Island Trade Pk, Bristow Broadway, Avonmouth, Bristol BS11 9FB, United Kingdom",http://www.cliftoncoffee.co.uk/,http://www.cliftoncoffee.co.uk/collections/coffee,Hartford
Heart & Graft Coffee Roastery,"Heart & Graft Coffee Ltd, 21 North St, Cheetham Hill, Manchester M8 8RE, United Kingdom",http://heartandgraft.co.uk/,https://heartandgraft.co.uk/shop/coffee/,Hartford
"Mancoco Coffee Bar, Roastery & Barista Training School","85 Hewitt St, Manchester M15 4GB, United Kingdom",http://mancoco.co.uk/,https://mancocoltd.myshopify.com/collections/mancoco-blend,Hartford
Candlewood Coffee,"Lower Building, 7 Del Mar Dr, Brookfield, CT 06804",http://candlewoodcoffee.com/,http://candlewoodcoffee.com/products/deep-waters-dark-roast-100-arabica-whole-bean-coffee,Hartford
Green Kettle Coffee,"208 Center St, Wallingford, CT 06492",http://greenkettlecoffee.com/,https://www.greenkettlecoffee.com/product-page/medium-roast,Hartford
Modern Love Coffee Roasters,"55 High Ridge Rd, Stamford, CT 06905",https://www.modernlovect.com/,https://www.turningpointcoffeeroasters.com/online-store,Hartford
Birdhouse Coffee,"765 Sullivan Ave, South Windsor, CT 06074",http://birdhousecoffee.com/,https://www.birdhousecoffee.com/coffee/,Hartford
Sleeping Giant Coffee Roastery (NO DRINKS - ONLY BEANS),"26 Selden St Unit C, Woodbridge, CT 06525",https://www.sleepinggiantcoffee.com/,https://www.sleepinggiantcoffee.com/shop,Hartford
Connecticut Valley Brewing Company,"765 Sullivan Ave, South Windsor, CT 06074",http://ctvalleybrewing.com/,https://www.birdhousecoffee.com/,Hartford
Simply Colombian Coffee,"90 Highview Ave E, London, ON N6C 5Y9",https://www.simplycolombiancoffee.com/,https://simplycolombiancoffee.com/coffee/,London
The Wild Goat Coffee Company,"22360 Pioneer Line, Rodney, ON N0L 2C0",https://www.thewildgoatcoffeecompany.com/,https://www.thewildgoatcoffeecompany.com/collections/coffee,London
Hutsul Coffee Space,"247 Adelaide St S, London, ON N5Z 3K7",https://hutsulcoffee.ca/,https://hutsulcoffee.ca/collections/coffee,London
Asmara Coffee House,"700 York St, London, ON N5W 2S8",https://asmaracoffeehouse.com/,https://asmaracoffeehouse.com/product/ethiopian-yirgacheffe-coffee-beans/1?cs=true&cst=custom,London
Patricks Beans,"79 Bessemer Rd Unit 17, London, ON N6E 1P9",http://patricksbeans.com/,http://patricksbeans.com/collections/coffee,London
Snapping Turtle Coffee Roasters,"145 Queen St E, St. Marys, ON N4X 1A9",http://www.snappingturtlecoffee.com/,http://snappingturtlecoffee.square.site,London
Lost Aviator Coffee Company,"404 York Rd, Guelph, ON N1E 3H4",http://www.lostaviatorcoffee.com/,http://www.lostaviatorcoffee.com/collections/coffee,London
To Bean or Not to Bean - Stratford's Coffee Roasting Company,"285 Lorne Ave E #8, Stratford, ON N5A 7R5",https://stratfordcoffee.com/,https://to-bean-or-not-to-bean.myshopify.com/#markets,London
Commonwealth Coffee,"478 Richmond St, London, ON N6A 3E6",http://www.commonwealthcoffee.ca/,https://478.commonwealthcoffee.ca/product/americano,London
O-Joe Coffee,"9 Front St W, Strathroy, ON N7G 1X5",http://ojoecoffee.com/,http://ojoecoffee.com/collections/natural-organic-coffee,London
Caffeine Plus,"395 Wellington Rd, London, ON N6C 5Z6",https://www.caffeinepluscanada.ca/?utm_source=google&utm_medium=wix_google_business_profile&utm_campaign=2993219765162035046,https://www.caffeinepluscanada.ca/coffee-pods-bags-k-cups,London
Altitude Coffee London,"Unit 2, 190 Hornchurch Rd, Hornchurch RM11 1QL, United Kingdom",https://altitudecoffeelondon.com/,https://altitudecoffeelondon.com/collections/coffee,London
Artisan Bakery,"864 Dundas St, London, ON N5W 2Z8",http://artisanbakerylondon.com/,https://laschicasdelcafe.com/,London
Cavan Coffee,"1467 Gordon St S, Guelph, ON N1G 0B6",https://www.cavan.coffee/,https://www.cavan.coffee/coffee/one,London
Balzac's Guelph,"5 Gordon St #100, Guelph, ON N1H 4G8",https://shop.balzacs.com/pages/guelph,https://shop.balzacs.com/collections/all-coffee,London
Kintore Coffee Co.,"117 Huron St, Embro, ON N0J 1J0",http://www.kintorecoffee.com/,https://kintorecoffee.com/product-category/coffee/,London
Red Lantern Coffee Co.,"4 Main St W, Kingsville, ON N9Y 1H1",http://www.redlanterncoffeeco.com/,https://redlanterncoffeeco.com/collections/coffee,London
Las Chicas Del Cafe,"Parking lot, Canada Southern Railway Station, Parking lot, 750 Talbot St, St Thomas, ON N5P 1E2",http://laschicasdelcafe.com/,http://laschicasdelcafe.com/collections/all,London
The Harbour Merchant Coffee Company Inc.,"288 Bridge St, Port Stanley, ON N5L 1C3",http://www.harbourmerchant.com/,http://www.harbourmerchant.com/collections/all,London
Zafiato Cafe Supplies,"1450 Bell Mill Side Rd Unit B, Tillsonburg, ON N4G 4G9",https://www.zafiato.ca/,https://www.zafiato.ca/coffee,London
Baden Coffee Company,"1427 Gingerich Rd, Baden, ON N3A 4J3",http://badencoffee.com/,http://badencoffee.com/collections/signature-collection,London
14th Coffee Co.,"14451 Concession Rd 14, Essex, ON N8M 2X6",https://linktr.ee/14thCoffeeCo,https://t9amew-k0.myshopify.com/collections/all,London
RoastAroma,"19 Millington Crescent, Ajax, ON L1T 1R2",https://roastaroma.com/,https://roastaroma.com/store,London
Shopbike Coffee Roasters,"11 Bayfield Main St N, Bayfield, ON N0M 1G0",http://www.shopbikecoffee.com/,https://www.shopbikecoffee.com/product-category/coffee/,London
Third Wave Coffee,"249, 14th Main Rd, 7th Sector, HSR Layout, Bengaluru, Karnataka 560102, India",https://stores.thirdwavecoffeeroasters.com/store-pages/third-wave-coffee-hsr-layout-14th-main-bengaluru/,https://www.thirdwavecoffeeroasters.com/,London
Beans and Brews,"16 Kirwin Dr, Ingersoll, ON N5C 3M3",https://beans-and-brews.square.site/,https://beans-and-brews.square.site/s/shop,London
Personal Service Coffee,"1147 Dundas St, Woodstock, ON N4S 8W3",https://personalservicecoffee.ca/,https://personalservicecoffee.ca/collections/coffee/beans,London
Altitude Coffee Roasters,"174 Brant Ave, Brantford, ON N3T 3H9",https://altitudecoffee.ca/,https://www.altitudecoffee.ca/shop/,London
Deja Bru,"31 Norfolk St N, Simcoe, ON N3Y 3N6",http://www.dejabru.ca/,https://dejabru.ca/shop/,London
Black Creek Coffee (Online Only - not open to the public),"45 Mill St E, Acton, ON L7J 1H1",https://blackcreekcoffee.com/,https://blackcreekcoffee.com/collections/all-coffee,London
The Creative Bru-tique,"31 Norfolk St N, Simcoe, ON N3Y 3N6",http://www.thecreativebrutique.ca/,https://the-creative-bru-tique.square.site/,London
Crave Coffee Brantford,"325-a King George Rd, Brantford, ON N3R 5L9",https://cravecoffee.ca/,https://cravecoffee.ca/collections/coffee-beans,London
Coffee Stiles,"221 Woodlawn Rd W, Guelph, ON N1H 8P4",http://www.coffeestiles.com/,http://www.coffeestiles.com/collections/coffee-1,London
KW Coffee Collective,"110-50 Ottawa Street S, Kitchener, ON N2G 3S7",http://kwcoffeecollective.ca/,https://www.coffeebarn.ca/,London
EcoCafe,"1441 King St N, St. Jacobs, ON N0B 2N0",http://www.ecocafestjacobs.com/,https://www.eco-coffee.ca/products-services/shop/roasted-coffee-pages/roasted-coffee,London
Café Clementina (Bakery & Roastery) Inc,"17 Benton St, Kitchener, ON N2G 1V8",http://www.cafeclementina.com/,http://www.cafeclementina.com/collections/all,London
ASPECT Roaster & Cafe,"270 Bronte St N, Milton, ON L9T 2N9",http://www.aspectroaster.com/,https://www.aspectroaster.com/shop,London
Country Road Coffee Roastery,"312318 Dereham Line, Tillsonburg, ON N4G 4G8",http://www.countryroadcoffee.com/,http://www.countryroadcoffee.com/shop--pay-online.html,London
Coastal Coffee,"86252 Kintail Line, Goderich, ON N7A 3X9",http://www.coastalcoffeecompany.ca/,https://coastalcoffeecompany.ca/shop/,London
Epic North Coffee,"255 Marsh Hill Rd, Stirling, ON K0K 3E0",http://www.epicnorthcoffee.com/,http://www.epicnorthcoffee.com/collections/coffee,London
Monigram Coffee Roasters,"16 Ainslie St S, Cambridge, ON N1R 3K1",http://monigram.ca/,http://monigram.ca/collections/coffee,London
Centurion Coffee,"1027 Gordon St Suite 10, Guelph, ON N1G 4X1",http://www.centurioncoffee.ca/,https://www.centurioncoffee.ca/product-category/coffee/,London
Thirds Roasting Collective,"119 John St N, Hamilton, ON L8R 1H7",http://thirdscoffeeco.com/,http://thirdscoffeeco.com/s/shop,London
Belching Barista,"13 Alice St, Waterford, ON N0E 1Y0",http://belchingbarista.com/,http://belchingbarista.com/collections/freshly-roasted-coffee-offerings,London
Rose N Crantz Roasting Co,"905 Copper Crescent, Thunder Bay, ON P7B 6G1",https://rnccoffee.ca/,https://rnccoffee.ca/collections/always-around-coffee,London
RELAY Coffee Roasters,"27 King William St, Hamilton, ON L8R 1A1",http://www.relaycoffee.com/,http://www.relaycoffee.com/collections/frontpage,London
North Roast Coffee,"721 Progress Ave, Kingston, ON K7M 6S4",http://www.northroast.com/,http://www.northroast.com/collections/all-coffee,London
les cafés Aroma Select,"200 Principale St, Gatineau, Quebec J9H 6J4",http://www.aromaselect.ca/,https://www.aromaselect.ca/cafes,London
Velvet Sunrise Coffee Roasters,"100 Ringwood Dr #8, Whitchurch-Stouffville, ON L4A 1A9",https://velvetsunrise.ca/,https://velvetsunrise.ca/shop-coffee-beans/,London
Everyday Gourmet Coffee Roasters,"95 Front St E, Toronto, ON M5E 1C2",http://www.everydaycoffee.com/,http://www.everydaycoffee.com/collections/shop,London
The Creemore Coffee Company Inc.,"5273 County Rd 9, New Lowell, ON L0M 1N0",http://www.creemorecoffee.com/,https://creemorecoffee.com/coffees/,London
Smile Tiger Coffee Roasters,"100 Ahrens St W, Kitchener, ON N2H 4C3",http://smiletigercoffee.com/,http://smiletigercoffee.com/collections/single-origins,London
Marietta's Daily Delights,"150 Main St W, Ridgetown, ON N0P 2C0",http://www.mdelights.ca/,http://www.mdelights.ca/shop/category/coffee-beans-11,London
Roasted Coffee Roastery,"39 Ridgevale Dr, Bedford, NS B4A 3L8",https://roastedcoffeehfx.com/,https://roastedcoffeehfx.com/shop/,Halifax
Expedition Coffee Roasters,"1813 Nova Scotia Trunk 1 Suite A, Falmouth, NS B0P 1P0",https://expeditioncoffeeroasters.com/,https://expeditioncoffeeroasters.com/collections/all-coffee-beans,Halifax
Sunday Silence Coffee Co.,"44 Hiltz Hill Rd, Mahone Bay, NS B0J 2E0",http://www.sundaysilencecoffee.com/,https://sundaysilencecoffee.com/products/favourite-to-win-medium-roast-340g,Halifax
Java Blend Coffee Roasters,"6027 North St, Halifax, NS B3K 1N9",http://www.javablendcoffee.com/,http://www.javablendcoffee.com/collections/coffee,Halifax
Nova Coffee,"283 Pelton Mountain Rd, Lakeville, NS B4N 3V7",http://www.novacoffee.com/,http://www.novacoffee.com/collections/shop-collection,Halifax
Rescue Coffee Co.,"Inside The Coffee Pro, 961 Bedford Hwy, Bedford, NS B4A 1A9",https://rescuecoffeeco.com/,https://coffee-hounds.myshopify.com,Halifax
Meeting Waters Coffee Roastery,"271 Main St, Tatamagouche, NS B0K 1V0",http://meetingwaters.com/,https://www.meetingwaters.com/product/1818-espresso/,Halifax
East Cup Cafe,"1936 Robie St, Halifax, NS B3H 0C3",https://www.eastcupcafe.com/,https://www.eastcupcafe.com/collections/coffee-beans,Halifax
Laughing Whale Coffee Roasters,"261 Lincoln St, Lunenburg, NS B0J 2C0",https://laughingwhalecoffee.com/,https://laughingwhalecoffee.com/get-coffee-shipped/,Halifax
Anchored Coffee,"70 Ochterloney St, Dartmouth, NS B2Y 1C2",http://anchoredcoffee.com/,http://anchoredcoffee.com/collections/all-coffee,Halifax
Port City Coffee,"958 Cole Harbour Rd Unit 5, Dartmouth, NS B2V 1E6",https://portcitycoffee.ca/,https://portcitycoffee.ca/collections/online-coffee,Halifax
Coffee Street,"33 Alderney Dr Unit -150, Dartmouth, NS B2Y 2N4",http://coffeestreet.ca/,https://coffee-street.square.site,Halifax
Wheelhouse Coffee Co.,"2 Webster St, Kentville, NS B4N 1H7",https://wheelhousecoffee.ca/,https://wheelhousecoffee.ca/collections/all,Halifax
Quest Coffee Co,"65 MacCulloch Rd, Cookville, NS B4V 7P1",http://www.questcoffee.com/,https://www.questcoffee.com/shop-1,Halifax
Aroma Maya Coffee & Donuts Dartmouth,"303 Prince Albert Rd, Dartmouth, NS B2Y 1N1",https://www.aromamayastores.com/,https://www.aromamayacoffee.com/,Halifax
Second Cup Café,"660 Portland St, Dartmouth, NS B2W 2M8",https://secondcup.com/location/portland-street,https://shop.secondcup.com/,Halifax
Just Us! Grand Pré Café & Roastery,"11865 Nova Scotia Trunk 1, Hortonville, NS B4P 2R3",http://justuscoffee.com/,http://justuscoffee.com/collections/coffee,Halifax
T.A.N. Coffee - Wolfville,"378 Main St, Wolfville, NS B4P 2B8",http://www.tancoffee.com/,https://tancoffee.com/shop/,Halifax
Third Wave Coffee,"Ritz Hotel Road, near Upasi, Alwarpet, Coonoor, Tamil Nadu 643101, India",https://stores.thirdwavecoffeeroasters.com/store-pages/third-wave-coffee-bedford-coonoor-coonoor/,https://www.thirdwavecoffeeroasters.com/,Halifax
East Coast Coffee,"25 Eveleigh Dr, Sydney Mines, NS B1V 2Y5",http://easycup.com/,http://easycup.com/shop/coffee/2,Halifax
Express Yourself Café,"131 Main St, Trenton, NS B0K 1X0",https://www.expressyourselfcafe.ca/,https://expressyourselfcafe.ca/shop/,Halifax
NovelTea Coffeehouse & Bakery,"604 Prince St, Truro, NS B2N 1G3",http://www.ntbookstorecafe.ca/,http://www.ntbookstorecafe.ca/collections/coffee-beans,Halifax
